Date,Location,State,Latitude,Longitude,Rainfall_mm,Rainfall_Intensity,Temperature_C,Humidity_pct,Season,Flood_Event,Flood_Severity,Historical_Floods,Elevation_m,River_Discharge_m3_s,Water_Level_m,Population_Density_per_km2,Risk_Level,Year,Month,Month_Name,Flood_Status,Extreme_Rainfall,Rainfall_Category,Flood_Month
2018-01-01,Mumbai,Maharashtra,19.076,72.8777,0.0,No Rain,23.0,45.1,Winter,0,Unknown,18,8,51.1,1.16,20978,Low,2018,1,January,No Flood,Normal,No Rain,No Flood
2018-01-01,Satara,Maharashtra,17.6805,73.9997,0.0,No Rain,19.0,35.5,Winter,0,Unknown,7,742,73.6,3.44,2683,Low,2018,1,January,No Flood,Normal,No Rain,No Flood
2018-01-01,Satara,Maharashtra,17.6805,73.9997,0.0,No Rain,16.1,39.5,Winter,0,Unknown,7,742,50.4,2.73,2712,Low,2018,1,January,No Flood,Normal,No Rain,No Flood
2018-01-02,Panaji,Goa,15.4909,73.8278,0.0,No Rain,22.3,52.7,Winter,0,Unknown,7,7,76.3,1.62,2308,Low,2018,1,January,No Flood,Normal,No Rain,No Flood
2018-01-05,Mumbai,Maharashtra,19.076,72.8777,0.0,No Rain,22.6,66.6,Winter,0,Unknown,18,8,75.9,1.82,21024,Low,2018,1,January,No Flood,Normal,No Rain,No Flood
2018-01-05,Satara,Maharashtra,17.6805,73.9997,0.0,No Rain,18.5,44.9,Winter,0,Unknown,7,742,55.7,2.5,2715,Low,2018,1,January,No Flood,Normal,No Rain,No Flood
2018-01-07,Belagavi,Karnataka,15.8497,74.4977,0.0,No Rain,17.3,44.5,Winter,0,Unknown,8,762,75.0,3.04,3099,Low,2018,1,January,No Flood,Normal,No Rain,No Flood
2018-01-08,Belagavi,Karnataka,15.8497,74.4977,0.0,No Rain,18.4,49.7,Winter,0,Unknown,8,762,85.0,3.3,3073,Low,2018,1,January,No Flood,Normal,No Rain,No Flood
2018-01-10,Kolhapur,Maharashtra,16.705,74.2433,0.0,No Rain,18.2,53.5,Winter,0,Unknown,12,569,70.4,3.83,5796,Low,2018,1,January,No Flood,Normal,No Rain,No Flood
2018-01-11,Pune,Maharashtra,18.5204,73.8567,0.0,No Rain,16.0,41.1,Winter,0,Unknown,9,560,71.0,2.65,9388,Low,2018,1,January,No Flood,Normal,No Rain,No Flood
2018-01-12,Nashik,Maharashtra,19.9975,73.7898,0.0,No Rain,21.3,45.6,Winter,0,Unknown,6,600,53.9,2.64,4075,Low,2018,1,January,No Flood,Normal,No Rain,No Flood
2018-01-15,Satara,Maharashtra,17.6805,73.9997,0.0,No Rain,19.2,56.9,Winter,0,Unknown,7,742,61.6,3.44,2706,Low,2018,1,January,No Flood,Normal,No Rain,No Flood
2018-01-24,Kolhapur,Maharashtra,16.705,74.2433,0.0,No Rain,15.5,49.9,Winter,0,Unknown,12,569,64.7,3.76,5814,Low,2018,1,January,No Flood,Normal,No Rain,No Flood
2018-01-28,Sangli,Maharashtra,16.8524,74.5815,0.0,No Rain,20.0,37.4,Winter,0,Unknown,11,549,85.3,3.27,4871,Low,2018,1,January,No Flood,Normal,No Rain,No Flood
2018-01-31,Ratnagiri,Maharashtra,16.9902,73.312,0.0,No Rain,16.0,59.8,Winter,0,Unknown,13,11,91.8,1.65,1576,Low,2018,1,January,No Flood,Normal,No Rain,No Flood
2018-02-01,Satara,Maharashtra,17.6805,73.9997,0.8,Light,20.4,40.3,Winter,0,Unknown,7,742,58.7,3.5,2703,Low,2018,2,February,No Flood,Normal,Light,No Flood
2018-02-03,Pune,Maharashtra,18.5204,73.8567,0.0,No Rain,24.2,47.3,Winter,0,Unknown,9,560,73.0,2.51,9410,Low,2018,2,February,No Flood,Normal,No Rain,No Flood
2018-02-05,Belagavi,Karnataka,15.8497,74.4977,0.0,No Rain,19.3,42.8,Winter,0,Unknown,8,762,87.4,3.54,3096,Low,2018,2,February,No Flood,Normal,No Rain,No Flood
2018-02-06,Nagpur,Maharashtra,21.1458,79.0882,0.0,No Rain,18.5,50.7,Winter,0,Unknown,6,310,87.7,2.67,5116,Low,2018,2,February,No Flood,Normal,No Rain,No Flood
2018-02-07,Sangli,Maharashtra,16.8524,74.5815,0.0,No Rain,21.6,50.9,Winter,0,Unknown,11,549,119.1,4.45,4927,Low,2018,2,February,No Flood,Normal,No Rain,No Flood
2018-02-08,Nashik,Maharashtra,19.9975,73.7898,0.0,No Rain,22.1,53.5,Winter,0,Unknown,6,600,51.4,2.09,4076,Low,2018,2,February,No Flood,Normal,No Rain,No Flood
2018-02-09,Mumbai,Maharashtra,19.076,72.8777,0.0,No Rain,22.9,44.8,Winter,0,Unknown,18,8,61.8,1.44,20997,Low,2018,2,February,No Flood,Normal,No Rain,No Flood
2018-02-09,Sangli,Maharashtra,16.8524,74.5815,0.0,No Rain,22.9,38.5,Winter,0,Unknown,11,549,111.6,3.84,4927,Low,2018,2,February,No Flood,Normal,No Rain,No Flood
2018-02-11,Kolhapur,Maharashtra,16.705,74.2433,0.0,No Rain,17.4,53.4,Winter,0,Unknown,12,569,102.1,4.3,5801,Low,2018,2,February,No Flood,Normal,No Rain,No Flood
2018-02-13,Kolhapur,Maharashtra,16.705,74.2433,0.0,No Rain,17.4,48.9,Winter,0,Unknown,12,569,97.7,4.5,5771,Low,2018,2,February,No Flood,Normal,No Rain,No Flood
2018-02-15,Kolhapur,Maharashtra,16.705,74.2433,0.0,No Rain,19.2,57.5,Winter,0,Unknown,12,569,83.3,4.1,5829,Low,2018,2,February,No Flood,Normal,No Rain,No Flood
2018-02-15,Nagpur,Maharashtra,21.1458,79.0882,0.0,No Rain,21.2,48.4,Winter,0,Unknown,6,310,96.5,3.32,5079,Low,2018,2,February,No Flood,Normal,No Rain,No Flood
2018-02-16,Belagavi,Karnataka,15.8497,74.4977,0.0,No Rain,17.4,46.4,Winter,0,Unknown,8,762,53.2,2.85,3099,Low,2018,2,February,No Flood,Normal,No Rain,No Flood
2018-02-19,Mumbai,Maharashtra,19.076,72.8777,0.0,No Rain,21.1,42.8,Winter,0,Unknown,18,8,53.1,1.43,21008,Low,2018,2,February,No Flood,Normal,No Rain,No Flood
2018-02-19,Satara,Maharashtra,17.6805,73.9997,0.0,No Rain,15.1,59.2,Winter,0,Unknown,7,742,66.0,2.94,2685,Low,2018,2,February,No Flood,Normal,No Rain,No Flood
2018-02-20,Nashik,Maharashtra,19.9975,73.7898,0.0,No Rain,21.0,47.3,Winter,0,Unknown,6,600,59.7,3.12,4112,Low,2018,2,February,No Flood,Normal,No Rain,No Flood
2018-02-24,Panaji,Goa,15.4909,73.8278,0.0,No Rain,17.0,42.2,Winter,0,Unknown,7,7,83.9,1.46,2303,Low,2018,2,February,No Flood,Normal,No Rain,No Flood
2018-02-24,Sangli,Maharashtra,16.8524,74.5815,0.0,No Rain,17.1,42.7,Winter,0,Unknown,11,549,80.0,2.96,4903,Low,2018,2,February,No Flood,Normal,No Rain,No Flood
2018-02-26,Kolhapur,Maharashtra,16.705,74.2433,0.0,No Rain,19.7,48.1,Winter,0,Unknown,12,569,70.8,3.5,5820,Low,2018,2,February,No Flood,Normal,No Rain,No Flood
2018-03-01,Pune,Maharashtra,18.5204,73.8567,0.0,No Rain,35.1,43.3,Summer,0,Unknown,9,560,100.8,3.53,9377,Low,2018,3,March,No Flood,Normal,No Rain,No Flood
2018-03-01,Raigad,Maharashtra,18.5158,73.1822,0.0,No Rain,32.9,30.4,Summer,0,Unknown,14,45,92.0,1.55,1803,Low,2018,3,March,No Flood,Normal,No Rain,No Flood
2018-03-05,Ratnagiri,Maharashtra,16.9902,73.312,0.0,No Rain,40.9,56.3,Summer,0,Unknown,13,11,88.4,1.68,1607,Low,2018,3,March,No Flood,Normal,No Rain,No Flood
2018-03-06,Nagpur,Maharashtra,21.1458,79.0882,1.7,Light,35.8,38.9,Summer,0,Unknown,6,310,82.3,2.82,5110,Low,2018,3,March,No Flood,Normal,Light,No Flood
2018-03-06,Mumbai,Maharashtra,19.076,72.8777,1.0,Light,32.4,44.3,Summer,0,Unknown,18,8,81.4,1.3,21013,Low,2018,3,March,No Flood,Normal,Light,No Flood
2018-03-07,Pune,Maharashtra,18.5204,73.8567,0.0,No Rain,37.4,58.7,Summer,0,Unknown,9,560,78.9,2.28,9371,Low,2018,3,March,No Flood,Normal,No Rain,No Flood
2018-03-08,Sangli,Maharashtra,16.8524,74.5815,0.0,No Rain,35.6,28.9,Summer,0,Unknown,11,549,92.0,3.38,4916,Low,2018,3,March,No Flood,Normal,No Rain,No Flood
2018-03-12,Ratnagiri,Maharashtra,16.9902,73.312,0.0,No Rain,37.1,37.6,Summer,0,Unknown,13,11,95.3,1.43,1582,Low,2018,3,March,No Flood,Normal,No Rain,No Flood
2018-03-13,Kolhapur,Maharashtra,16.705,74.2433,0.0,No Rain,37.3,47.2,Summer,0,Unknown,12,569,102.6,3.82,5802,Low,2018,3,March,No Flood,Normal,No Rain,No Flood
2018-03-13,Sangli,Maharashtra,16.8524,74.5815,0.0,No Rain,37.9,41.1,Summer,0,Unknown,11,549,99.3,3.99,4925,Low,2018,3,March,No Flood,Normal,No Rain,No Flood
2018-03-13,Satara,Maharashtra,17.6805,73.9997,0.0,No Rain,35.6,49.7,Summer,0,Unknown,7,742,59.0,3.22,2677,Low,2018,3,March,No Flood,Normal,No Rain,No Flood
2018-03-14,Belagavi,Karnataka,15.8497,74.4977,0.0,No Rain,32.6,26.5,Summer,0,Unknown,8,762,57.1,3.37,3080,Low,2018,3,March,No Flood,Normal,No Rain,No Flood
2018-03-15,Jalgaon,Maharashtra,21.0077,75.5626,0.0,No Rain,38.3,26.2,Summer,0,Unknown,4,209,60.5,2.71,3229,Low,2018,3,March,No Flood,Normal,No Rain,No Flood
2018-03-18,Satara,Maharashtra,17.6805,73.9997,0.0,No Rain,33.0,42.2,Summer,0,Unknown,7,742,66.3,2.9,2685,Low,2018,3,March,No Flood,Normal,No Rain,No Flood
2018-03-19,Pune,Maharashtra,18.5204,73.8567,0.0,No Rain,33.0,44.8,Summer,0,Unknown,9,560,79.6,2.53,9407,Low,2018,3,March,No Flood,Normal,No Rain,No Flood
2018-03-19,Satara,Maharashtra,17.6805,73.9997,0.0,No Rain,34.0,47.8,Summer,0,Unknown,7,742,51.1,2.64,2674,Low,2018,3,March,No Flood,Normal,No Rain,No Flood
2018-03-20,Satara,Maharashtra,17.6805,73.9997,0.0,No Rain,34.2,38.0,Summer,0,Unknown,7,742,62.7,3.08,2717,Low,2018,3,March,No Flood,Normal,No Rain,No Flood
2018-03-21,Nagpur,Maharashtra,21.1458,79.0882,0.0,No Rain,34.9,46.5,Summer,0,Unknown,6,310,87.3,2.36,5071,Low,2018,3,March,No Flood,Normal,No Rain,No Flood
2018-03-23,Mumbai,Maharashtra,19.076,72.8777,0.0,No Rain,38.0,36.5,Summer,0,Unknown,18,8,45.2,0.81,21022,Low,2018,3,March,No Flood,Normal,No Rain,No Flood
2018-03-23,Nashik,Maharashtra,19.9975,73.7898,0.0,No Rain,31.7,24.8,Summer,0,Unknown,6,600,76.5,3.0,4122,Low,2018,3,March,No Flood,Normal,No Rain,No Flood
2018-03-23,Pune,Maharashtra,18.5204,73.8567,0.0,No Rain,31.8,54.9,Summer,0,Unknown,9,560,72.2,2.6,9425,Low,2018,3,March,No Flood,Normal,No Rain,No Flood
2018-03-25,Ratnagiri,Maharashtra,16.9902,73.312,0.3,Light,28.7,43.3,Summer,0,Unknown,13,11,98.3,1.25,1598,Low,2018,3,March,No Flood,Normal,Light,No Flood
2018-03-25,Solapur,Maharashtra,17.6599,75.9064,0.0,No Rain,32.2,39.3,Summer,0,Unknown,5,458,65.9,3.51,3822,Low,2018,3,March,No Flood,Normal,No Rain,No Flood
2018-03-28,Satara,Maharashtra,17.6805,73.9997,0.0,No Rain,33.6,36.6,Summer,0,Unknown,7,742,49.3,2.37,2673,Low,2018,3,March,No Flood,Normal,No Rain,No Flood
2018-03-28,Belagavi,Karnataka,15.8497,74.4977,0.0,No Rain,35.0,47.8,Summer,0,Unknown,8,762,66.2,2.75,3077,Low,2018,3,March,No Flood,Normal,No Rain,No Flood
2018-03-28,Mumbai,Maharashtra,19.076,72.8777,0.0,No Rain,37.6,45.7,Summer,0,Unknown,18,8,44.4,1.5,21027,Low,2018,3,March,No Flood,Normal,No Rain,No Flood
2018-03-29,Ratnagiri,Maharashtra,16.9902,73.312,0.0,No Rain,38.9,27.8,Summer,0,Unknown,13,11,101.8,1.5,1581,Low,2018,3,March,No Flood,Normal,No Rain,No Flood
2018-03-29,Satara,Maharashtra,17.6805,73.9997,4.8,Light,34.1,28.9,Summer,0,Unknown,7,742,125.0,4.01,2671,Low,2018,3,March,No Flood,Normal,Light,No Flood
2018-03-30,Nagpur,Maharashtra,21.1458,79.0882,0.0,No Rain,32.2,51.0,Summer,0,Unknown,6,310,95.7,2.94,5091,Low,2018,3,March,No Flood,Normal,No Rain,No Flood
2018-04-01,Mumbai,Maharashtra,19.076,72.8777,0.0,No Rain,35.2,35.0,Summer,0,Unknown,18,8,58.9,1.35,20984,Low,2018,4,April,No Flood,Normal,No Rain,No Flood
2018-04-03,Kolhapur,Maharashtra,16.705,74.2433,0.0,No Rain,34.8,42.3,Summer,0,Unknown,12,569,86.8,4.14,5809,Low,2018,4,April,No Flood,Normal,No Rain,No Flood
2018-04-04,Belagavi,Karnataka,15.8497,74.4977,0.0,No Rain,29.7,45.4,Summer,0,Unknown,8,762,53.6,3.07,3071,Low,2018,4,April,No Flood,Normal,No Rain,No Flood
2018-04-04,Pune,Maharashtra,18.5204,73.8567,0.0,No Rain,33.8,46.4,Summer,0,Unknown,9,560,86.4,2.71,9422,Low,2018,4,April,No Flood,Normal,No Rain,No Flood
2018-04-05,Satara,Maharashtra,17.6805,73.9997,0.0,No Rain,36.9,45.9,Summer,0,Unknown,7,742,83.4,3.62,2695,Low,2018,4,April,No Flood,Normal,No Rain,No Flood
2018-04-09,Sangli,Maharashtra,16.8524,74.5815,0.0,No Rain,34.2,41.3,Summer,0,Unknown,11,549,54.9,2.95,4879,Low,2018,4,April,No Flood,Normal,No Rain,No Flood
2018-04-09,Satara,Maharashtra,17.6805,73.9997,0.0,No Rain,28.5,40.2,Summer,0,Unknown,7,742,92.0,3.94,2686,Low,2018,4,April,No Flood,Normal,No Rain,No Flood
2018-04-10,Sangli,Maharashtra,16.8524,74.5815,0.0,No Rain,28.2,52.0,Summer,0,Unknown,11,549,65.4,2.99,4907,Low,2018,4,April,No Flood,Normal,No Rain,No Flood
2018-04-13,Mumbai,Maharashtra,19.076,72.8777,0.0,No Rain,36.3,45.5,Summer,0,Unknown,18,8,69.9,1.55,21008,Low,2018,4,April,No Flood,Normal,No Rain,No Flood
2018-04-14,Sangli,Maharashtra,16.8524,74.5815,0.0,No Rain,33.1,38.8,Summer,0,Unknown,11,549,102.1,4.01,4892,Low,2018,4,April,No Flood,Normal,No Rain,No Flood
2018-04-14,Kolhapur,Maharashtra,16.705,74.2433,0.0,No Rain,34.2,54.5,Summer,0,Unknown,12,569,95.2,3.84,5792,Low,2018,4,April,No Flood,Normal,No Rain,No Flood
2018-04-15,Satara,Maharashtra,17.6805,73.9997,0.0,No Rain,28.2,43.2,Summer,0,Unknown,7,742,65.3,3.37,2722,Low,2018,4,April,No Flood,Normal,No Rain,No Flood
2018-04-16,Raigad,Maharashtra,18.5158,73.1822,0.0,No Rain,38.4,42.0,Summer,0,Unknown,14,45,94.1,1.64,1815,Low,2018,4,April,No Flood,Normal,No Rain,No Flood
2018-04-19,Mumbai,Maharashtra,19.076,72.8777,0.0,No Rain,37.9,30.7,Summer,0,Unknown,18,8,73.6,1.34,20991,Low,2018,4,April,No Flood,Normal,No Rain,No Flood
2018-04-21,Ratnagiri,Maharashtra,16.9902,73.312,0.0,No Rain,37.9,44.8,Summer,0,Unknown,13,11,82.6,1.79,1610,Low,2018,4,April,No Flood,Normal,No Rain,No Flood
2018-04-21,Nashik,Maharashtra,19.9975,73.7898,0.0,No Rain,28.9,35.2,Summer,0,Unknown,6,600,86.5,2.93,4078,Low,2018,4,April,No Flood,Normal,No Rain,No Flood
2018-04-27,Belagavi,Karnataka,15.8497,74.4977,0.0,No Rain,30.6,54.6,Summer,0,Unknown,8,762,70.9,3.37,3090,Low,2018,4,April,No Flood,Normal,No Rain,No Flood
2018-04-27,Mumbai,Maharashtra,19.076,72.8777,0.0,No Rain,27.5,52.1,Summer,0,Unknown,18,8,67.8,1.53,20980,Low,2018,4,April,No Flood,Normal,No Rain,No Flood
2018-04-29,Nagpur,Maharashtra,21.1458,79.0882,0.0,No Rain,35.3,43.0,Summer,0,Unknown,6,310,87.1,2.7,5119,Low,2018,4,April,No Flood,Normal,No Rain,No Flood
2018-04-29,Raigad,Maharashtra,18.5158,73.1822,4.3,Light,35.7,30.4,Summer,0,Unknown,14,45,110.0,1.98,1823,Low,2018,4,April,No Flood,Normal,Light,No Flood
2018-05-02,Pune,Maharashtra,18.5204,73.8567,0.0,No Rain,32.2,46.6,Summer,0,Unknown,9,560,67.7,3.13,9403,Low,2018,5,May,No Flood,Normal,No Rain,No Flood
2018-05-06,Mumbai,Maharashtra,19.076,72.8777,0.0,No Rain,32.2,48.2,Summer,0,Unknown,18,8,50.9,0.96,21011,Low,2018,5,May,No Flood,Normal,No Rain,No Flood
2018-05-09,Mumbai,Maharashtra,19.076,72.8777,0.0,No Rain,31.2,58.3,Summer,0,Unknown,18,8,60.0,1.81,21027,Low,2018,5,May,No Flood,Normal,No Rain,No Flood
2018-05-10,Mumbai,Maharashtra,19.076,72.8777,0.0,No Rain,38.0,40.4,Summer,0,Unknown,18,8,37.0,1.07,21027,Low,2018,5,May,No Flood,Normal,No Rain,No Flood
2018-05-10,Kolhapur,Maharashtra,16.705,74.2433,0.0,No Rain,31.2,54.9,Summer,0,Unknown,12,569,80.6,3.47,5782,Low,2018,5,May,No Flood,Normal,No Rain,No Flood
2018-05-10,Satara,Maharashtra,17.6805,73.9997,0.0,No Rain,34.7,36.0,Summer,0,Unknown,7,742,64.7,2.95,2725,Low,2018,5,May,No Flood,Normal,No Rain,No Flood
2018-05-11,Jalgaon,Maharashtra,21.0077,75.5626,0.0,No Rain,33.2,30.2,Summer,0,Unknown,4,209,51.9,2.31,3185,Low,2018,5,May,No Flood,Normal,No Rain,No Flood
2018-05-11,Satara,Maharashtra,17.6805,73.9997,0.0,No Rain,35.0,30.6,Summer,0,Unknown,7,742,105.4,4.44,2683,Low,2018,5,May,No Flood,Normal,No Rain,No Flood
2018-05-12,Ratnagiri,Maharashtra,16.9902,73.312,0.0,No Rain,34.5,48.9,Summer,0,Unknown,13,11,93.9,1.48,1576,Low,2018,5,May,No Flood,Normal,No Rain,No Flood
2018-05-18,Sangli,Maharashtra,16.8524,74.5815,0.0,No Rain,32.8,49.3,Summer,0,Unknown,11,549,96.9,3.84,4907,Low,2018,5,May,No Flood,Normal,No Rain,No Flood
2018-05-18,Sangli,Maharashtra,16.8524,74.5815,0.0,No Rain,32.5,39.9,Summer,0,Unknown,11,549,70.8,3.22,4910,Low,2018,5,May,No Flood,Normal,No Rain,No Flood
2018-05-18,Nagpur,Maharashtra,21.1458,79.0882,0.0,No Rain,31.0,56.4,Summer,0,Unknown,6,310,80.1,2.81,5125,Low,2018,5,May,No Flood,Normal,No Rain,No Flood
2018-05-18,Satara,Maharashtra,17.6805,73.9997,0.0,No Rain,35.2,47.8,Summer,0,Unknown,7,742,48.9,2.82,2671,Low,2018,5,May,No Flood,Normal,No Rain,No Flood
2018-05-18,Ratnagiri,Maharashtra,16.9902,73.312,0.0,No Rain,34.2,43.0,Summer,0,Unknown,13,11,112.6,1.73,1601,Low,2018,5,May,No Flood,Normal,No Rain,No Flood
2018-05-19,Nashik,Maharashtra,19.9975,73.7898,0.0,No Rain,39.1,40.1,Summer,0,Unknown,6,600,94.7,3.24,4110,Low,2018,5,May,No Flood,Normal,No Rain,No Flood
2018-05-22,Pune,Maharashtra,18.5204,73.8567,1.6,Light,33.4,35.0,Summer,0,Unknown,9,560,86.9,2.99,9387,Low,2018,5,May,No Flood,Normal,Light,No Flood
2018-05-24,Raigad,Maharashtra,18.5158,73.1822,0.0,No Rain,38.5,38.6,Summer,0,Unknown,14,45,103.6,1.68,1776,Low,2018,5,May,No Flood,Normal,No Rain,No Flood
2018-05-25,Belagavi,Karnataka,15.8497,74.4977,0.0,No Rain,27.9,50.6,Summer,0,Unknown,8,762,66.6,3.11,3113,Low,2018,5,May,No Flood,Normal,No Rain,No Flood
2018-05-28,Sangli,Maharashtra,16.8524,74.5815,0.0,No Rain,30.2,39.9,Summer,0,Unknown,11,549,135.0,4.06,4892,Low,2018,5,May,No Flood,Normal,No Rain,No Flood
2018-05-31,Jalgaon,Maharashtra,21.0077,75.5626,0.0,No Rain,37.3,50.8,Summer,0,Unknown,4,209,53.7,2.47,3188,Low,2018,5,May,No Flood,Normal,No Rain,No Flood
2018-05-31,Nashik,Maharashtra,19.9975,73.7898,0.0,No Rain,33.6,34.7,Summer,0,Unknown,6,600,69.3,3.14,4125,Low,2018,5,May,No Flood,Normal,No Rain,No Flood
2018-06-01,Belagavi,Karnataka,15.8497,74.4977,5.2,Light,24.7,80.1,Monsoon,0,Unknown,8,762,259.1,6.86,3077,Low,2018,6,June,No Flood,Normal,Light,No Flood
2018-06-02,Belagavi,Karnataka,15.8497,74.4977,7.7,Moderate,22.2,80.5,Monsoon,0,Unknown,8,762,260.9,6.88,3083,Moderate,2018,6,June,No Flood,Normal,Light,No Flood
2018-06-02,Kolhapur,Maharashtra,16.705,74.2433,21.7,Moderate,29.1,97.2,Monsoon,0,Unknown,12,569,655.9,10.86,5781,Moderate,2018,6,June,No Flood,Normal,Moderate,No Flood
2018-06-02,Nashik,Maharashtra,19.9975,73.7898,0.0,No Rain,27.3,75.2,Monsoon,0,Unknown,6,600,177.6,4.96,4094,Low,2018,6,June,No Flood,Normal,No Rain,No Flood
2018-06-02,Pune,Maharashtra,18.5204,73.8567,4.6,Light,25.6,82.0,Monsoon,0,Unknown,9,560,242.1,4.7,9375,Low,2018,6,June,No Flood,Normal,Light,No Flood
2018-06-03,Pune,Maharashtra,18.5204,73.8567,52.6,Heavy,24.4,99.0,Monsoon,1,Very High,9,560,1736.6,13.78,9388,Very High,2018,6,June,Flood,Normal,Heavy,June
2018-06-03,Pune,Maharashtra,18.5204,73.8567,65.7,Very Heavy,26.8,86.0,Monsoon,1,Very High,9,560,2104.2,13.78,9387,Very High,2018,6,June,Flood,Extreme,Heavy,June
2018-06-03,Ratnagiri,Maharashtra,16.9902,73.312,0.0,No Rain,28.1,81.5,Monsoon,0,Unknown,13,11,234.2,2.25,1594,Low,2018,6,June,No Flood,Normal,No Rain,No Flood
2018-06-04,Satara,Maharashtra,17.6805,73.9997,0.0,No Rain,22.6,82.1,Monsoon,0,Unknown,7,742,177.4,5.24,2705,Low,2018,6,June,No Flood,Normal,No Rain,No Flood
2018-06-05,Ratnagiri,Maharashtra,16.9902,73.312,17.7,Moderate,28.2,92.2,Monsoon,0,Unknown,13,11,441.7,3.99,1625,High,2018,6,June,No Flood,Normal,Light,No Flood
2018-06-05,Satara,Maharashtra,17.6805,73.9997,0.0,No Rain,25.9,88.3,Monsoon,0,Unknown,7,742,164.6,5.15,2720,Low,2018,6,June,No Flood,Normal,No Rain,No Flood
2018-06-05,Belagavi,Karnataka,15.8497,74.4977,18.2,Moderate,23.3,84.0,Monsoon,0,Unknown,8,762,482.7,9.16,3076,Moderate,2018,6,June,No Flood,Normal,Light,No Flood
2018-06-05,Panaji,Goa,15.4909,73.8278,148.1,Extreme,29.0,99.0,Monsoon,1,Very High,7,7,4273.2,6.52,2325,Very High,2018,6,June,Flood,Extreme,Very Heavy,June
2018-06-06,Satara,Maharashtra,17.6805,73.9997,65.6,Very Heavy,19.6,89.7,Monsoon,0,Unknown,7,742,1756.3,15.95,2693,High,2018,6,June,No Flood,Extreme,Heavy,No Flood
2018-06-06,Sangli,Maharashtra,16.8524,74.5815,0.0,No Rain,21.8,80.4,Monsoon,0,Unknown,11,549,261.5,6.13,4903,Low,2018,6,June,No Flood,Normal,No Rain,No Flood
2018-06-06,Mumbai,Maharashtra,19.076,72.8777,122.6,Very Heavy,24.0,96.0,Monsoon,1,Very High,18,8,5383.5,6.96,21009,Very High,2018,6,June,Flood,Extreme,Very Heavy,June
2018-06-06,Raigad,Maharashtra,18.5158,73.1822,0.0,No Rain,25.2,91.4,Monsoon,0,Unknown,14,45,279.1,2.55,1824,Low,2018,6,June,No Flood,Normal,No Rain,No Flood
2018-06-06,Ratnagiri,Maharashtra,16.9902,73.312,2.6,Light,25.7,82.5,Monsoon,0,Unknown,13,11,249.1,2.65,1588,Low,2018,6,June,No Flood,Normal,Light,No Flood
2018-06-07,Pune,Maharashtra,18.5204,73.8567,47.7,Heavy,26.8,94.6,Monsoon,0,Unknown,9,560,1181.6,10.81,9384,High,2018,6,June,No Flood,Normal,Moderate,No Flood
2018-06-07,Satara,Maharashtra,17.6805,73.9997,0.0,No Rain,24.5,83.7,Monsoon,0,Unknown,7,742,149.3,5.18,2699,Low,2018,6,June,No Flood,Normal,No Rain,No Flood
2018-06-08,Belagavi,Karnataka,15.8497,74.4977,176.9,Extreme,24.3,99.0,Monsoon,1,Very High,8,762,6720.0,16.68,3116,Very High,2018,6,June,Flood,Extreme,Very Heavy,June
2018-06-08,Kolhapur,Maharashtra,16.705,74.2433,0.0,No Rain,25.7,89.0,Monsoon,0,Unknown,12,569,218.9,6.37,5804,Low,2018,6,June,No Flood,Normal,No Rain,No Flood
2018-06-08,Nagpur,Maharashtra,21.1458,79.0882,45.7,Heavy,24.7,78.1,Monsoon,0,Unknown,6,310,1146.5,10.42,5076,High,2018,6,June,No Flood,Normal,Moderate,No Flood
2018-06-08,Pune,Maharashtra,18.5204,73.8567,0.0,No Rain,27.0,77.3,Monsoon,0,Unknown,9,560,212.5,4.65,9405,Low,2018,6,June,No Flood,Normal,No Rain,No Flood
2018-06-08,Pune,Maharashtra,18.5204,73.8567,211.7,Extreme,24.3,99.0,Monsoon,1,Very High,9,560,7389.4,13.78,9406,Very High,2018,6,June,Flood,Extreme,Extreme,June
2018-06-08,Sangli,Maharashtra,16.8524,74.5815,4.7,Light,23.3,80.1,Monsoon,0,Unknown,11,549,278.4,6.51,4885,Low,2018,6,June,No Flood,Normal,Light,No Flood
2018-06-08,Sangli,Maharashtra,16.8524,74.5815,168.4,Extreme,26.6,99.0,Monsoon,1,Very High,11,549,6238.7,18.56,4928,Very High,2018,6,June,Flood,Extreme,Very Heavy,June
2018-06-09,Mumbai,Maharashtra,19.076,72.8777,0.0,No Rain,25.7,84.1,Monsoon,0,Unknown,18,8,141.2,2.17,20980,Low,2018,6,June,No Flood,Normal,No Rain,No Flood
2018-06-09,Nashik,Maharashtra,19.9975,73.7898,159.5,Extreme,25.5,99.0,Monsoon,1,Very High,6,600,7556.9,14.79,4126,Very High,2018,6,June,Flood,Extreme,Very Heavy,June
2018-06-09,Raigad,Maharashtra,18.5158,73.1822,0.0,No Rain,22.7,84.0,Monsoon,0,Unknown,14,45,259.4,2.75,1778,Moderate,2018,6,June,No Flood,Normal,No Rain,No Flood
2018-06-09,Ratnagiri,Maharashtra,16.9902,73.312,17.4,Moderate,29.2,77.3,Monsoon,0,Unknown,13,11,556.8,4.26,1602,High,2018,6,June,No Flood,Normal,Light,No Flood
2018-06-10,Sangli,Maharashtra,16.8524,74.5815,44.5,Heavy,22.3,96.9,Monsoon,0,Unknown,11,549,1210.9,14.09,4907,High,2018,6,June,No Flood,Normal,Moderate,No Flood
2018-06-10,Nashik,Maharashtra,19.9975,73.7898,58.9,Heavy,22.3,95.2,Monsoon,0,Unknown,6,600,1752.3,14.79,4123,High,2018,6,June,No Flood,Normal,Heavy,No Flood
2018-06-10,Mumbai,Maharashtra,19.076,72.8777,13.3,Moderate,26.0,91.2,Monsoon,0,Unknown,18,8,273.4,3.18,21007,Moderate,2018,6,June,No Flood,Normal,Light,No Flood
2018-06-10,Mumbai,Maharashtra,19.076,72.8777,32.4,Moderate,28.4,92.6,Monsoon,0,Unknown,18,8,712.9,4.9,20984,High,2018,6,June,No Flood,Normal,Moderate,No Flood
2018-06-11,Pune,Maharashtra,18.5204,73.8567,0.0,No Rain,24.9,87.3,Monsoon,0,Unknown,9,560,187.8,4.13,9405,Low,2018,6,June,No Flood,Normal,No Rain,No Flood
2018-06-11,Satara,Maharashtra,17.6805,73.9997,6.7,Light,23.8,85.8,Monsoon,0,Unknown,7,742,211.2,5.99,2671,Low,2018,6,June,No Flood,Normal,Light,No Flood
2018-06-12,Solapur,Maharashtra,17.6599,75.9064,225.7,Extreme,26.0,95.1,Monsoon,1,Very High,5,458,10561.3,13.05,3773,Very High,2018,6,June,Flood,Extreme,Extreme,June
2018-06-13,Pune,Maharashtra,18.5204,73.8567,100.0,Very Heavy,23.5,94.8,Monsoon,1,Very High,9,560,3557.8,13.78,9405,Very High,2018,6,June,Flood,Extreme,Very Heavy,June
2018-06-14,Mumbai,Maharashtra,19.076,72.8777,14.8,Moderate,25.9,82.4,Monsoon,0,Unknown,18,8,357.1,3.94,20981,Moderate,2018,6,June,No Flood,Normal,Light,No Flood
2018-06-14,Nashik,Maharashtra,19.9975,73.7898,0.0,No Rain,24.6,84.8,Monsoon,0,Unknown,6,600,166.6,4.9,4088,Low,2018,6,June,No Flood,Normal,No Rain,No Flood
2018-06-15,Solapur,Maharashtra,17.6599,75.9064,46.9,Heavy,25.6,94.2,Monsoon,1,Very High,5,458,1087.0,13.05,3804,Very High,2018,6,June,Flood,Normal,Moderate,June
2018-06-15,Kolhapur,Maharashtra,16.705,74.2433,0.0,No Rain,25.0,80.9,Monsoon,0,Unknown,12,569,213.5,6.21,5791,Low,2018,6,June,No Flood,Normal,No Rain,No Flood
2018-06-16,Raigad,Maharashtra,18.5158,73.1822,0.0,No Rain,27.1,89.1,Monsoon,0,Unknown,14,45,274.7,2.88,1814,Moderate,2018,6,June,No Flood,Normal,No Rain,No Flood
2018-06-17,Nagpur,Maharashtra,21.1458,79.0882,0.0,No Rain,26.1,88.3,Monsoon,0,Unknown,6,310,207.2,4.11,5101,Low,2018,6,June,No Flood,Normal,No Rain,No Flood
2018-06-17,Panaji,Goa,15.4909,73.8278,95.0,Very Heavy,26.1,98.8,Monsoon,1,Very High,7,7,3367.2,6.52,2318,Very High,2018,6,June,Flood,Extreme,Heavy,June
2018-06-17,Pune,Maharashtra,18.5204,73.8567,154.8,Extreme,24.4,99.0,Monsoon,1,Very High,9,560,6605.6,13.78,9377,Very High,2018,6,June,Flood,Extreme,Very Heavy,June
2018-06-17,Raigad,Maharashtra,18.5158,73.1822,27.5,Moderate,29.3,94.7,Monsoon,0,Unknown,14,45,837.8,5.36,1826,High,2018,6,June,No Flood,Normal,Moderate,No Flood
2018-06-17,Satara,Maharashtra,17.6805,73.9997,16.1,Moderate,22.0,89.9,Monsoon,0,Unknown,7,742,423.7,8.23,2719,Moderate,2018,6,June,No Flood,Normal,Light,No Flood
2018-06-18,Kolhapur,Maharashtra,16.705,74.2433,23.3,Moderate,27.2,88.4,Monsoon,0,Unknown,12,569,667.1,11.22,5808,High,2018,6,June,No Flood,Normal,Moderate,No Flood
2018-06-18,Satara,Maharashtra,17.6805,73.9997,9.1,Moderate,23.6,79.9,Monsoon,0,Unknown,7,742,314.2,7.32,2688,Low,2018,6,June,No Flood,Normal,Light,No Flood
2018-06-19,Satara,Maharashtra,17.6805,73.9997,2.3,Light,21.4,84.9,Monsoon,0,Unknown,7,742,165.0,4.96,2691,Low,2018,6,June,No Flood,Normal,Light,No Flood
2018-06-19,Sangli,Maharashtra,16.8524,74.5815,35.6,Heavy,26.0,86.6,Monsoon,1,High,11,549,1008.7,12.32,4882,Very High,2018,6,June,Flood,Normal,Moderate,June
2018-06-19,Pune,Maharashtra,18.5204,73.8567,54.5,Heavy,28.1,95.6,Monsoon,0,Unknown,9,560,1584.7,12.97,9386,High,2018,6,June,No Flood,Normal,Heavy,No Flood
2018-06-19,Ratnagiri,Maharashtra,16.9902,73.312,51.3,Heavy,30.1,92.4,Monsoon,0,Unknown,13,11,1451.4,6.76,1626,Very High,2018,6,June,No Flood,Normal,Heavy,No Flood
2018-06-19,Jalgaon,Maharashtra,21.0077,75.5626,17.6,Moderate,23.4,97.1,Monsoon,0,Unknown,4,209,343.0,6.09,3207,Moderate,2018,6,June,No Flood,Normal,Light,No Flood
2018-06-20,Sangli,Maharashtra,16.8524,74.5815,2.4,Light,24.8,80.7,Monsoon,0,Unknown,11,549,269.9,6.43,4898,Low,2018,6,June,No Flood,Normal,Light,No Flood
2018-06-21,Jalgaon,Maharashtra,21.0077,75.5626,18.2,Moderate,24.7,71.4,Monsoon,0,Unknown,4,209,452.9,6.94,3226,Moderate,2018,6,June,No Flood,Normal,Light,No Flood
2018-06-21,Pune,Maharashtra,18.5204,73.8567,2.7,Light,25.6,93.1,Monsoon,0,Unknown,9,560,210.8,4.27,9401,Low,2018,6,June,No Flood,Normal,Light,No Flood
2018-06-21,Solapur,Maharashtra,17.6599,75.9064,30.2,Moderate,22.8,84.3,Monsoon,0,Unknown,5,458,608.9,9.87,3809,Moderate,2018,6,June,No Flood,Normal,Moderate,No Flood
2018-06-22,Jalgaon,Maharashtra,21.0077,75.5626,0.0,No Rain,24.5,80.8,Monsoon,0,Unknown,4,209,136.8,4.17,3203,Low,2018,6,June,No Flood,Normal,No Rain,No Flood
2018-06-22,Panaji,Goa,15.4909,73.8278,41.8,Heavy,24.2,93.2,Monsoon,0,Unknown,7,7,1003.3,4.7,2313,High,2018,6,June,No Flood,Normal,Moderate,No Flood
2018-06-23,Satara,Maharashtra,17.6805,73.9997,161.4,Extreme,23.1,96.2,Monsoon,1,Very High,7,742,4556.2,15.95,2713,Very High,2018,6,June,Flood,Extreme,Very Heavy,June
2018-06-23,Nagpur,Maharashtra,21.1458,79.0882,9.6,Moderate,25.1,83.4,Monsoon,0,Unknown,6,310,312.1,5.42,5106,Moderate,2018,6,June,No Flood,Normal,Light,No Flood
2018-06-23,Satara,Maharashtra,17.6805,73.9997,9.6,Moderate,24.6,89.0,Monsoon,0,Unknown,7,742,278.8,6.66,2711,Low,2018,6,June,No Flood,Normal,Light,No Flood
2018-06-24,Kolhapur,Maharashtra,16.705,74.2433,214.7,Extreme,25.8,99.0,Monsoon,1,Very High,12,569,7087.9,19.57,5823,Very High,2018,6,June,Flood,Extreme,Extreme,June
2018-06-24,Sangli,Maharashtra,16.8524,74.5815,35.6,Heavy,22.7,92.5,Monsoon,0,Unknown,11,549,1117.4,12.82,4873,High,2018,6,June,No Flood,Normal,Moderate,No Flood
2018-06-25,Mumbai,Maharashtra,19.076,72.8777,43.5,Heavy,27.1,78.1,Monsoon,1,Very High,18,8,1306.2,6.85,21027,Very High,2018,6,June,Flood,Normal,Moderate,June
2018-06-25,Nagpur,Maharashtra,21.1458,79.0882,30.4,Moderate,22.5,96.2,Monsoon,1,Moderate,6,310,711.4,8.45,5081,High,2018,6,June,Flood,Normal,Moderate,June
2018-06-25,Satara,Maharashtra,17.6805,73.9997,0.0,No Rain,23.7,81.0,Monsoon,0,Unknown,7,742,161.1,5.42,2703,Low,2018,6,June,No Flood,Normal,No Rain,No Flood
2018-06-26,Ratnagiri,Maharashtra,16.9902,73.312,13.7,Moderate,28.2,81.5,Monsoon,0,Unknown,13,11,457.9,3.56,1576,Moderate,2018,6,June,No Flood,Normal,Light,No Flood
2018-06-27,Solapur,Maharashtra,17.6599,75.9064,0.0,No Rain,24.8,90.3,Monsoon,0,Unknown,5,458,125.8,3.89,3772,Low,2018,6,June,No Flood,Normal,No Rain,No Flood
2018-06-27,Ratnagiri,Maharashtra,16.9902,73.312,0.0,No Rain,26.8,88.1,Monsoon,0,Unknown,13,11,221.6,2.99,1599,Low,2018,6,June,No Flood,Normal,No Rain,No Flood
2018-06-27,Sangli,Maharashtra,16.8524,74.5815,12.4,Moderate,25.3,84.5,Monsoon,0,Unknown,11,549,404.9,7.9,4906,Moderate,2018,6,June,No Flood,Normal,Light,No Flood
2018-06-28,Kolhapur,Maharashtra,16.705,74.2433,115.5,Very Heavy,21.6,90.1,Monsoon,1,Very High,12,569,4535.1,19.57,5803,Very High,2018,6,June,Flood,Extreme,Very Heavy,June
2018-06-28,Mumbai,Maharashtra,19.076,72.8777,0.0,No Rain,25.8,88.8,Monsoon,0,Unknown,18,8,160.8,2.53,20974,Low,2018,6,June,No Flood,Normal,No Rain,No Flood
2018-06-28,Sangli,Maharashtra,16.8524,74.5815,47.5,Heavy,22.6,82.3,Monsoon,1,Very High,11,549,1659.5,15.88,4924,Very High,2018,6,June,Flood,Normal,Moderate,June
2018-06-28,Sangli,Maharashtra,16.8524,74.5815,44.9,Heavy,23.6,93.8,Monsoon,1,High,11,549,1082.9,12.59,4913,Very High,2018,6,June,Flood,Normal,Moderate,June
2018-06-29,Mumbai,Maharashtra,19.076,72.8777,10.9,Moderate,24.3,73.3,Monsoon,0,Unknown,18,8,297.1,3.33,21006,Moderate,2018,6,June,No Flood,Normal,Light,No Flood
2018-06-29,Nagpur,Maharashtra,21.1458,79.0882,78.8,Very Heavy,25.8,89.0,Monsoon,1,Very High,6,310,2212.6,12.32,5073,Very High,2018,6,June,Flood,Extreme,Heavy,June
2018-06-29,Raigad,Maharashtra,18.5158,73.1822,9.2,Moderate,26.1,83.5,Monsoon,0,Unknown,14,45,402.6,3.38,1823,Moderate,2018,6,June,No Flood,Normal,Light,No Flood
2018-06-30,Nagpur,Maharashtra,21.1458,79.0882,0.0,No Rain,25.4,92.7,Monsoon,0,Unknown,6,310,185.4,3.43,5115,Low,2018,6,June,No Flood,Normal,No Rain,No Flood
2018-06-30,Sangli,Maharashtra,16.8524,74.5815,0.0,No Rain,25.1,76.5,Monsoon,0,Unknown,11,549,280.4,6.26,4921,Low,2018,6,June,No Flood,Normal,No Rain,No Flood
2018-07-01,Pune,Maharashtra,18.5204,73.8567,38.1,Heavy,22.3,97.0,Monsoon,0,Unknown,9,560,782.5,8.74,9425,High,2018,7,July,No Flood,Normal,Moderate,No Flood
2018-07-02,Sangli,Maharashtra,16.8524,74.5815,102.2,Very Heavy,26.9,92.5,Monsoon,1,Very High,11,549,4363.0,18.56,4877,Very High,2018,7,July,Flood,Extreme,Very Heavy,July
2018-07-02,Solapur,Maharashtra,17.6599,75.9064,12.1,Moderate,22.7,79.8,Monsoon,0,Unknown,5,458,271.3,6.46,3806,Moderate,2018,7,July,No Flood,Normal,Light,No Flood
2018-07-02,Satara,Maharashtra,17.6805,73.9997,32.1,Moderate,29.3,81.7,Monsoon,0,Unknown,7,742,893.8,12.44,2708,High,2018,7,July,No Flood,Normal,Moderate,No Flood
2018-07-02,Sangli,Maharashtra,16.8524,74.5815,0.0,No Rain,25.6,87.5,Monsoon,0,Unknown,11,549,228.6,5.79,4874,Low,2018,7,July,No Flood,Normal,No Rain,No Flood
2018-07-02,Ratnagiri,Maharashtra,16.9902,73.312,0.0,No Rain,29.9,74.8,Monsoon,0,Unknown,13,11,224.4,1.88,1619,Low,2018,7,July,No Flood,Normal,No Rain,No Flood
2018-07-02,Raigad,Maharashtra,18.5158,73.1822,13.9,Moderate,24.0,87.7,Monsoon,0,Unknown,14,45,442.6,3.55,1824,Moderate,2018,7,July,No Flood,Normal,Light,No Flood
2018-07-02,Raigad,Maharashtra,18.5158,73.1822,14.3,Moderate,24.2,79.0,Monsoon,0,Unknown,14,45,474.1,4.15,1812,Moderate,2018,7,July,No Flood,Normal,Light,No Flood
2018-07-02,Pune,Maharashtra,18.5204,73.8567,11.0,Moderate,26.7,97.2,Monsoon,0,Unknown,9,560,367.1,6.23,9389,Moderate,2018,7,July,No Flood,Normal,Light,No Flood
2018-07-02,Nashik,Maharashtra,19.9975,73.7898,0.0,No Rain,24.3,86.2,Monsoon,0,Unknown,6,600,179.4,4.75,4075,Low,2018,7,July,No Flood,Normal,No Rain,No Flood
2018-07-02,Mumbai,Maharashtra,19.076,72.8777,0.0,No Rain,23.7,88.3,Monsoon,0,Unknown,18,8,127.3,1.69,20994,Low,2018,7,July,No Flood,Normal,No Rain,No Flood
2018-07-02,Kolhapur,Maharashtra,16.705,74.2433,8.0,Moderate,21.5,82.0,Monsoon,0,Unknown,12,569,278.6,7.16,5814,Moderate,2018,7,July,No Flood,Normal,Light,No Flood
2018-07-02,Kolhapur,Maharashtra,16.705,74.2433,29.1,Moderate,21.7,88.9,Monsoon,0,Unknown,12,569,892.7,13.0,5805,High,2018,7,July,No Flood,Normal,Moderate,No Flood
2018-07-03,Sangli,Maharashtra,16.8524,74.5815,0.0,No Rain,23.7,78.2,Monsoon,0,Unknown,11,549,255.4,5.68,4883,Low,2018,7,July,No Flood,Normal,No Rain,No Flood
2018-07-03,Ratnagiri,Maharashtra,16.9902,73.312,80.3,Very Heavy,23.4,98.2,Monsoon,1,Very High,13,11,2297.2,7.97,1605,Very High,2018,7,July,Flood,Extreme,Heavy,July
2018-07-03,Pune,Maharashtra,18.5204,73.8567,10.4,Moderate,25.9,79.3,Monsoon,0,Unknown,9,560,331.5,5.97,9376,Moderate,2018,7,July,No Flood,Normal,Light,No Flood
2018-07-03,Nashik,Maharashtra,19.9975,73.7898,0.0,No Rain,26.4,80.1,Monsoon,0,Unknown,6,600,142.6,4.5,4096,Low,2018,7,July,No Flood,Normal,No Rain,No Flood
2018-07-03,Nashik,Maharashtra,19.9975,73.7898,47.3,Heavy,23.1,77.9,Monsoon,1,High,6,600,1010.0,12.07,4071,Very High,2018,7,July,Flood,Normal,Moderate,July
2018-07-03,Mumbai,Maharashtra,19.076,72.8777,0.0,No Rain,23.4,83.7,Monsoon,0,Unknown,18,8,148.4,2.13,21008,Low,2018,7,July,No Flood,Normal,No Rain,No Flood
2018-07-03,Mumbai,Maharashtra,19.076,72.8777,66.0,Very Heavy,24.3,99.0,Monsoon,1,Very High,18,8,1863.8,6.96,20982,Very High,2018,7,July,Flood,Extreme,Heavy,July
2018-07-04,Belagavi,Karnataka,15.8497,74.4977,20.8,Moderate,24.8,92.3,Monsoon,0,Unknown,8,762,582.0,9.86,3099,Moderate,2018,7,July,No Flood,Normal,Moderate,No Flood
2018-07-04,Pune,Maharashtra,18.5204,73.8567,3.0,Light,20.8,89.0,Monsoon,0,Unknown,9,560,219.0,4.69,9380,Low,2018,7,July,No Flood,Normal,Light,No Flood
2018-07-04,Ratnagiri,Maharashtra,16.9902,73.312,5.1,Light,25.9,72.6,Monsoon,0,Unknown,13,11,260.8,2.69,1595,Moderate,2018,7,July,No Flood,Normal,Light,No Flood
2018-07-04,Sangli,Maharashtra,16.8524,74.5815,12.7,Moderate,23.6,83.7,Monsoon,0,Unknown,11,549,403.1,7.86,4908,Moderate,2018,7,July,No Flood,Normal,Light,No Flood
2018-07-05,Sangli,Maharashtra,16.8524,74.5815,46.1,Heavy,20.7,80.7,Monsoon,1,Very High,11,549,1473.4,14.94,4892,Very High,2018,7,July,Flood,Normal,Moderate,July
2018-07-05,Mumbai,Maharashtra,19.076,72.8777,18.2,Moderate,23.4,82.6,Monsoon,0,Unknown,18,8,365.2,3.49,20970,Moderate,2018,7,July,No Flood,Normal,Light,No Flood
2018-07-05,Kolhapur,Maharashtra,16.705,74.2433,7.9,Moderate,23.2,85.8,Monsoon,0,Unknown,12,569,286.7,7.34,5798,Moderate,2018,7,July,No Flood,Normal,Light,No Flood
2018-07-05,Belagavi,Karnataka,15.8497,74.4977,0.0,No Rain,23.2,79.5,Monsoon,0,Unknown,8,762,184.1,5.4,3104,Low,2018,7,July,No Flood,Normal,No Rain,No Flood
2018-07-05,Mumbai,Maharashtra,19.076,72.8777,0.0,No Rain,26.7,85.3,Monsoon,0,Unknown,18,8,107.7,1.79,20971,Low,2018,7,July,No Flood,Normal,No Rain,No Flood
2018-07-06,Kolhapur,Maharashtra,16.705,74.2433,0.0,No Rain,25.7,71.3,Monsoon,0,Unknown,12,569,183.2,5.69,5805,Low,2018,7,July,No Flood,Normal,No Rain,No Flood
2018-07-06,Mumbai,Maharashtra,19.076,72.8777,124.4,Very Heavy,25.8,99.0,Monsoon,1,Very High,18,8,4116.4,6.96,21015,Very High,2018,7,July,Flood,Extreme,Very Heavy,July
2018-07-06,Sangli,Maharashtra,16.8524,74.5815,43.0,Heavy,25.2,84.7,Monsoon,0,Unknown,11,549,1015.3,12.33,4926,High,2018,7,July,No Flood,Normal,Moderate,No Flood
2018-07-07,Kolhapur,Maharashtra,16.705,74.2433,3.1,Light,23.1,82.3,Monsoon,0,Unknown,12,569,226.0,6.56,5813,Low,2018,7,July,No Flood,Normal,Light,No Flood
2018-07-07,Pune,Maharashtra,18.5204,73.8567,0.0,No Rain,25.7,92.3,Monsoon,0,Unknown,9,560,192.5,4.36,9413,Low,2018,7,July,No Flood,Normal,No Rain,No Flood
2018-07-07,Ratnagiri,Maharashtra,16.9902,73.312,25.6,Moderate,25.8,85.2,Monsoon,0,Unknown,13,11,704.9,4.23,1573,High,2018,7,July,No Flood,Normal,Moderate,No Flood
2018-07-07,Sangli,Maharashtra,16.8524,74.5815,12.1,Moderate,26.0,90.4,Monsoon,0,Unknown,11,549,376.3,7.22,4918,Moderate,2018,7,July,No Flood,Normal,Light,No Flood
2018-07-08,Satara,Maharashtra,17.6805,73.9997,15.9,Moderate,25.0,83.2,Monsoon,0,Unknown,7,742,371.5,7.9,2684,Moderate,2018,7,July,No Flood,Normal,Light,No Flood
2018-07-08,Mumbai,Maharashtra,19.076,72.8777,79.2,Very Heavy,28.4,87.1,Monsoon,1,Very High,18,8,2757.8,6.96,20983,Very High,2018,7,July,Flood,Extreme,Heavy,July
2018-07-08,Pune,Maharashtra,18.5204,73.8567,23.7,Moderate,25.0,99.0,Monsoon,0,Unknown,9,560,585.2,7.93,9392,High,2018,7,July,No Flood,Normal,Moderate,No Flood
2018-07-09,Raigad,Maharashtra,18.5158,73.1822,0.0,No Rain,28.7,84.7,Monsoon,0,Unknown,14,45,269.1,2.96,1824,Moderate,2018,7,July,No Flood,Normal,No Rain,No Flood
2018-07-09,Ratnagiri,Maharashtra,16.9902,73.312,26.1,Moderate,24.0,92.0,Monsoon,0,Unknown,13,11,819.1,5.1,1618,High,2018,7,July,No Flood,Normal,Moderate,No Flood
2018-07-09,Kolhapur,Maharashtra,16.705,74.2433,20.9,Moderate,28.0,79.9,Monsoon,0,Unknown,12,569,525.6,9.86,5777,Moderate,2018,7,July,No Flood,Normal,Moderate,No Flood
2018-07-09,Mumbai,Maharashtra,19.076,72.8777,43.1,Heavy,21.8,91.3,Monsoon,0,Unknown,18,8,995.1,6.03,20986,Very High,2018,7,July,No Flood,Normal,Moderate,No Flood
2018-07-09,Satara,Maharashtra,17.6805,73.9997,35.9,Heavy,26.2,82.3,Monsoon,0,Unknown,7,742,973.0,13.1,2728,High,2018,7,July,No Flood,Normal,Moderate,No Flood
2018-07-10,Sangli,Maharashtra,16.8524,74.5815,88.6,Very Heavy,24.5,85.2,Monsoon,1,Very High,11,549,3576.1,18.56,4902,Very High,2018,7,July,Flood,Extreme,Heavy,July
2018-07-10,Raigad,Maharashtra,18.5158,73.1822,34.1,Moderate,27.0,89.2,Monsoon,0,Unknown,14,45,1064.0,5.73,1808,High,2018,7,July,No Flood,Normal,Moderate,No Flood
2018-07-10,Ratnagiri,Maharashtra,16.9902,73.312,31.1,Moderate,27.8,80.8,Monsoon,1,Moderate,13,11,814.9,4.67,1589,High,2018,7,July,Flood,Normal,Moderate,July
2018-07-10,Nashik,Maharashtra,19.9975,73.7898,42.3,Heavy,26.1,88.6,Monsoon,1,High,6,600,969.5,11.22,4098,Very High,2018,7,July,Flood,Normal,Moderate,July
2018-07-10,Panaji,Goa,15.4909,73.8278,12.0,Moderate,23.7,81.0,Monsoon,0,Unknown,7,7,342.3,2.94,2318,Moderate,2018,7,July,No Flood,Normal,Light,No Flood
2018-07-11,Kolhapur,Maharashtra,16.705,74.2433,11.5,Moderate,28.8,83.2,Monsoon,0,Unknown,12,569,352.9,8.31,5791,Moderate,2018,7,July,No Flood,Normal,Light,No Flood
2018-07-11,Pune,Maharashtra,18.5204,73.8567,119.3,Very Heavy,25.0,89.6,Monsoon,1,Very High,9,560,4062.9,13.78,9381,Very High,2018,7,July,Flood,Extreme,Very Heavy,July
2018-07-11,Sangli,Maharashtra,16.8524,74.5815,5.6,Light,24.1,74.6,Monsoon,0,Unknown,11,549,289.5,6.03,4902,Low,2018,7,July,No Flood,Normal,Light,No Flood
2018-07-12,Belagavi,Karnataka,15.8497,74.4977,20.8,Moderate,24.2,77.6,Monsoon,0,Unknown,8,762,490.1,9.16,3096,Moderate,2018,7,July,No Flood,Normal,Moderate,No Flood
2018-07-13,Sangli,Maharashtra,16.8524,74.5815,14.9,Moderate,27.1,90.2,Monsoon,0,Unknown,11,549,466.9,8.37,4914,Moderate,2018,7,July,No Flood,Normal,Light,No Flood
2018-07-13,Kolhapur,Maharashtra,16.705,74.2433,0.0,No Rain,27.0,81.4,Monsoon,0,Unknown,12,569,192.4,5.9,5784,Low,2018,7,July,No Flood,Normal,No Rain,No Flood
2018-07-13,Mumbai,Maharashtra,19.076,72.8777,130.8,Extreme,26.7,97.8,Monsoon,1,Very High,18,8,4124.1,6.96,20970,Very High,2018,7,July,Flood,Extreme,Very Heavy,July
2018-07-13,Pune,Maharashtra,18.5204,73.8567,65.3,Very Heavy,24.5,92.3,Monsoon,1,Very High,9,560,1829.0,13.78,9405,Very High,2018,7,July,Flood,Extreme,Heavy,July
2018-07-14,Mumbai,Maharashtra,19.076,72.8777,53.7,Heavy,24.1,80.9,Monsoon,1,Very High,18,8,1364.1,6.96,21020,Very High,2018,7,July,Flood,Normal,Heavy,July
2018-07-14,Satara,Maharashtra,17.6805,73.9997,0.0,No Rain,24.8,96.3,Monsoon,0,Unknown,7,742,162.5,5.06,2703,Low,2018,7,July,No Flood,Normal,No Rain,No Flood
2018-07-15,Sangli,Maharashtra,16.8524,74.5815,0.0,No Rain,20.8,98.5,Monsoon,0,Unknown,11,549,232.3,5.79,4902,Low,2018,7,July,No Flood,Normal,No Rain,No Flood
2018-07-15,Mumbai,Maharashtra,19.076,72.8777,56.5,Heavy,27.1,83.5,Monsoon,1,Very High,18,8,1838.6,6.96,21016,Very High,2018,7,July,Flood,Normal,Heavy,July
2018-07-15,Mumbai,Maharashtra,19.076,72.8777,4.2,Light,22.5,87.6,Monsoon,0,Unknown,18,8,161.4,2.25,21001,Low,2018,7,July,No Flood,Normal,Light,No Flood
2018-07-15,Kolhapur,Maharashtra,16.705,74.2433,126.3,Extreme,23.9,93.9,Monsoon,1,Very High,12,569,4511.2,19.57,5813,Very High,2018,7,July,Flood,Extreme,Very Heavy,July
2018-07-15,Kolhapur,Maharashtra,16.705,74.2433,86.5,Very Heavy,22.8,99.0,Monsoon,1,Very High,12,569,2889.2,19.57,5773,Very High,2018,7,July,Flood,Extreme,Heavy,July
2018-07-15,Kolhapur,Maharashtra,16.705,74.2433,82.2,Very Heavy,22.0,86.2,Monsoon,1,Very High,12,569,2886.0,19.57,5807,Very High,2018,7,July,Flood,Extreme,Heavy,July
2018-07-16,Ratnagiri,Maharashtra,16.9902,73.312,16.2,Moderate,30.3,70.8,Monsoon,0,Unknown,13,11,398.7,3.36,1583,Moderate,2018,7,July,No Flood,Normal,Light,No Flood
2018-07-16,Raigad,Maharashtra,18.5158,73.1822,9.7,Moderate,27.3,82.9,Monsoon,0,Unknown,14,45,383.1,3.69,1829,Moderate,2018,7,July,No Flood,Normal,Light,No Flood
2018-07-16,Jalgaon,Maharashtra,21.0077,75.5626,13.1,Moderate,25.4,84.8,Monsoon,0,Unknown,4,209,337.9,6.49,3182,Moderate,2018,7,July,No Flood,Normal,Light,No Flood
2018-07-16,Kolhapur,Maharashtra,16.705,74.2433,92.5,Very Heavy,24.7,98.8,Monsoon,1,Very High,12,569,2221.9,19.57,5810,Very High,2018,7,July,Flood,Extreme,Heavy,July
2018-07-16,Raigad,Maharashtra,18.5158,73.1822,83.0,Very Heavy,26.1,87.6,Monsoon,1,Very High,14,45,3023.1,8.99,1799,Very High,2018,7,July,Flood,Extreme,Heavy,July
2018-07-17,Sangli,Maharashtra,16.8524,74.5815,38.4,Heavy,23.3,84.4,Monsoon,0,Unknown,11,549,1115.0,12.71,4886,High,2018,7,July,No Flood,Normal,Moderate,No Flood
2018-07-17,Jalgaon,Maharashtra,21.0077,75.5626,42.3,Heavy,22.5,76.6,Monsoon,0,Unknown,4,209,770.3,9.46,3188,High,2018,7,July,No Flood,Normal,Moderate,No Flood
2018-07-17,Jalgaon,Maharashtra,21.0077,75.5626,0.0,No Rain,24.9,88.2,Monsoon,0,Unknown,4,209,125.8,3.99,3200,Low,2018,7,July,No Flood,Normal,No Rain,No Flood
2018-07-17,Kolhapur,Maharashtra,16.705,74.2433,102.7,Very Heavy,24.5,99.0,Monsoon,1,Very High,12,569,3433.5,19.57,5789,Very High,2018,7,July,Flood,Extreme,Very Heavy,July
2018-07-17,Mumbai,Maharashtra,19.076,72.8777,209.2,Extreme,25.9,99.0,Monsoon,1,Very High,18,8,10101.3,6.96,21016,Very High,2018,7,July,Flood,Extreme,Extreme,July
2018-07-17,Mumbai,Maharashtra,19.076,72.8777,101.9,Very Heavy,27.6,99.0,Monsoon,1,Very High,18,8,4242.5,6.96,20991,Very High,2018,7,July,Flood,Extreme,Very Heavy,July
2018-07-17,Mumbai,Maharashtra,19.076,72.8777,30.4,Moderate,25.6,85.4,Monsoon,0,Unknown,18,8,623.5,5.01,20976,High,2018,7,July,No Flood,Normal,Moderate,No Flood
2018-07-17,Pune,Maharashtra,18.5204,73.8567,99.1,Very Heavy,21.9,96.0,Monsoon,1,Very High,9,560,2662.6,13.78,9414,Very High,2018,7,July,Flood,Extreme,Heavy,July
2018-07-17,Raigad,Maharashtra,18.5158,73.1822,4.6,Light,24.4,82.2,Monsoon,0,Unknown,14,45,312.9,2.74,1797,Moderate,2018,7,July,No Flood,Normal,Light,No Flood
2018-07-17,Ratnagiri,Maharashtra,16.9902,73.312,174.1,Extreme,24.7,99.0,Monsoon,1,Very High,13,11,7994.5,7.97,1602,Very High,2018,7,July,Flood,Extreme,Very Heavy,July
2018-07-17,Sangli,Maharashtra,16.8524,74.5815,22.0,Moderate,26.4,81.3,Monsoon,0,Unknown,11,549,618.6,9.7,4912,Moderate,2018,7,July,No Flood,Normal,Moderate,No Flood
2018-07-18,Jalgaon,Maharashtra,21.0077,75.5626,0.0,No Rain,26.9,78.0,Monsoon,0,Unknown,4,209,95.0,3.22,3225,Low,2018,7,July,No Flood,Normal,No Rain,No Flood
2018-07-18,Jalgaon,Maharashtra,21.0077,75.5626,6.3,Light,27.1,91.9,Monsoon,0,Unknown,4,209,206.6,4.89,3227,Low,2018,7,July,No Flood,Normal,Light,No Flood
2018-07-18,Kolhapur,Maharashtra,16.705,74.2433,84.5,Very Heavy,25.0,89.4,Monsoon,1,Very High,12,569,2446.2,19.57,5800,Very High,2018,7,July,Flood,Extreme,Heavy,July
2018-07-19,Satara,Maharashtra,17.6805,73.9997,23.3,Moderate,25.4,87.9,Monsoon,0,Unknown,7,742,597.5,9.93,2712,Moderate,2018,7,July,No Flood,Normal,Moderate,No Flood
2018-07-19,Jalgaon,Maharashtra,21.0077,75.5626,7.2,Light,23.8,95.2,Monsoon,0,Unknown,4,209,181.5,4.36,3212,Low,2018,7,July,No Flood,Normal,Light,No Flood
2018-07-20,Ratnagiri,Maharashtra,16.9902,73.312,102.0,Very Heavy,24.2,99.0,Monsoon,1,Very High,13,11,4206.2,7.97,1596,Very High,2018,7,July,Flood,Extreme,Very Heavy,July
2018-07-20,Sangli,Maharashtra,16.8524,74.5815,9.2,Moderate,23.9,85.6,Monsoon,0,Unknown,11,549,348.5,7.02,4893,Moderate,2018,7,July,No Flood,Normal,Light,No Flood
2018-07-21,Belagavi,Karnataka,15.8497,74.4977,53.7,Heavy,23.6,98.9,Monsoon,1,Very High,8,762,1585.2,16.54,3121,Very High,2018,7,July,Flood,Normal,Heavy,July
2018-07-21,Mumbai,Maharashtra,19.076,72.8777,121.4,Very Heavy,22.1,98.6,Monsoon,1,Very High,18,8,3517.0,6.96,21007,Very High,2018,7,July,Flood,Extreme,Very Heavy,July
2018-07-21,Panaji,Goa,15.4909,73.8278,48.4,Heavy,22.7,84.3,Monsoon,0,Unknown,7,7,1518.2,5.94,2318,High,2018,7,July,No Flood,Normal,Moderate,No Flood
2018-07-21,Sangli,Maharashtra,16.8524,74.5815,0.0,No Rain,23.3,85.3,Monsoon,0,Unknown,11,549,276.2,6.38,4918,Low,2018,7,July,No Flood,Normal,No Rain,No Flood
2018-07-22,Kolhapur,Maharashtra,16.705,74.2433,11.2,Moderate,26.6,81.3,Monsoon,0,Unknown,12,569,362.3,8.3,5805,Moderate,2018,7,July,No Flood,Normal,Light,No Flood
2018-07-22,Kolhapur,Maharashtra,16.705,74.2433,35.6,Heavy,25.3,85.7,Monsoon,0,Unknown,12,569,860.9,13.3,5827,High,2018,7,July,No Flood,Normal,Moderate,No Flood
2018-07-22,Pune,Maharashtra,18.5204,73.8567,17.1,Moderate,26.2,78.8,Monsoon,0,Unknown,9,560,507.8,6.97,9421,Moderate,2018,7,July,No Flood,Normal,Light,No Flood
2018-07-23,Sangli,Maharashtra,16.8524,74.5815,15.1,Moderate,25.6,87.0,Monsoon,0,Unknown,11,549,515.5,8.7,4927,Moderate,2018,7,July,No Flood,Normal,Light,No Flood
2018-07-23,Satara,Maharashtra,17.6805,73.9997,18.3,Moderate,22.8,98.1,Monsoon,0,Unknown,7,742,409.6,8.11,2683,Moderate,2018,7,July,No Flood,Normal,Light,No Flood
2018-07-23,Raigad,Maharashtra,18.5158,73.1822,43.9,Heavy,23.1,97.2,Monsoon,1,High,14,45,1338.9,6.72,1811,Very High,2018,7,July,Flood,Normal,Moderate,July
2018-07-23,Ratnagiri,Maharashtra,16.9902,73.312,37.7,Heavy,25.7,99.0,Monsoon,0,Unknown,13,11,1057.8,5.52,1582,High,2018,7,July,No Flood,Normal,Moderate,No Flood
2018-07-23,Pune,Maharashtra,18.5204,73.8567,0.0,No Rain,27.0,84.7,Monsoon,0,Unknown,9,560,214.9,4.65,9395,Low,2018,7,July,No Flood,Normal,No Rain,No Flood
2018-07-23,Panaji,Goa,15.4909,73.8278,30.4,Moderate,25.9,85.9,Monsoon,0,Unknown,7,7,761.9,4.78,2322,High,2018,7,July,No Flood,Normal,Moderate,No Flood
2018-07-23,Kolhapur,Maharashtra,16.705,74.2433,9.4,Moderate,22.7,86.1,Monsoon,0,Unknown,12,569,291.6,6.72,5789,Moderate,2018,7,July,No Flood,Normal,Light,No Flood
2018-07-23,Raigad,Maharashtra,18.5158,73.1822,0.0,No Rain,26.2,78.2,Monsoon,0,Unknown,14,45,252.4,2.43,1827,Low,2018,7,July,No Flood,Normal,No Rain,No Flood
2018-07-24,Ratnagiri,Maharashtra,16.9902,73.312,39.8,Heavy,25.0,93.9,Monsoon,1,High,13,11,853.5,5.69,1626,Very High,2018,7,July,Flood,Normal,Moderate,July
2018-07-24,Raigad,Maharashtra,18.5158,73.1822,0.0,No Rain,26.2,76.7,Monsoon,0,Unknown,14,45,258.4,2.88,1817,Moderate,2018,7,July,No Flood,Normal,No Rain,No Flood
2018-07-24,Pune,Maharashtra,18.5204,73.8567,49.2,Heavy,22.4,94.9,Monsoon,0,Unknown,9,560,999.1,9.86,9373,High,2018,7,July,No Flood,Normal,Moderate,No Flood
2018-07-24,Pune,Maharashtra,18.5204,73.8567,0.0,No Rain,24.0,80.0,Monsoon,0,Unknown,9,560,201.4,4.29,9401,Low,2018,7,July,No Flood,Normal,No Rain,No Flood
2018-07-24,Kolhapur,Maharashtra,16.705,74.2433,22.9,Moderate,21.2,96.2,Monsoon,0,Unknown,12,569,601.7,10.84,5801,Moderate,2018,7,July,No Flood,Normal,Moderate,No Flood
2018-07-24,Kolhapur,Maharashtra,16.705,74.2433,190.5,Extreme,23.4,99.0,Monsoon,1,Very High,12,569,9820.5,19.57,5808,Very High,2018,7,July,Flood,Extreme,Very Heavy,July
2018-07-24,Pune,Maharashtra,18.5204,73.8567,72.9,Very Heavy,24.6,85.7,Monsoon,1,Very High,9,560,2552.0,13.78,9405,Very High,2018,7,July,Flood,Extreme,Heavy,July
2018-07-25,Solapur,Maharashtra,17.6599,75.9064,14.2,Moderate,26.3,86.8,Monsoon,0,Unknown,5,458,276.8,6.37,3825,Moderate,2018,7,July,No Flood,Normal,Light,No Flood
2018-07-25,Jalgaon,Maharashtra,21.0077,75.5626,20.1,Moderate,27.5,77.4,Monsoon,0,Unknown,4,209,545.7,7.86,3211,Moderate,2018,7,July,No Flood,Normal,Moderate,No Flood
2018-07-25,Kolhapur,Maharashtra,16.705,74.2433,101.1,Very Heavy,21.6,95.0,Monsoon,1,Very High,12,569,3285.7,19.57,5811,Very High,2018,7,July,Flood,Extreme,Very Heavy,July
2018-07-25,Nashik,Maharashtra,19.9975,73.7898,0.0,No Rain,26.3,94.1,Monsoon,0,Unknown,6,600,183.5,5.21,4114,Low,2018,7,July,No Flood,Normal,No Rain,No Flood
2018-07-25,Panaji,Goa,15.4909,73.8278,63.9,Heavy,24.5,95.9,Monsoon,1,Very High,7,7,2292.0,6.52,2305,Very High,2018,7,July,Flood,Normal,Heavy,July
2018-07-26,Nagpur,Maharashtra,21.1458,79.0882,93.5,Very Heavy,29.7,99.0,Monsoon,1,Very High,6,310,3693.1,12.32,5126,Very High,2018,7,July,Flood,Extreme,Heavy,July
2018-07-27,Sangli,Maharashtra,16.8524,74.5815,105.2,Very Heavy,23.6,97.2,Monsoon,1,Very High,11,549,3194.9,18.56,4924,Very High,2018,7,July,Flood,Extreme,Very Heavy,July
2018-07-27,Sangli,Maharashtra,16.8524,74.5815,5.2,Light,26.7,80.0,Monsoon,0,Unknown,11,549,293.6,6.53,4891,Low,2018,7,July,No Flood,Normal,Light,No Flood
2018-07-27,Pune,Maharashtra,18.5204,73.8567,2.7,Light,21.6,85.7,Monsoon,0,Unknown,9,560,228.1,4.62,9380,Low,2018,7,July,No Flood,Normal,Light,No Flood
2018-07-27,Satara,Maharashtra,17.6805,73.9997,32.0,Moderate,24.2,96.6,Monsoon,0,Unknown,7,742,655.0,10.44,2700,Moderate,2018,7,July,No Flood,Normal,Moderate,No Flood
2018-07-27,Kolhapur,Maharashtra,16.705,74.2433,9.0,Moderate,29.4,92.1,Monsoon,0,Unknown,12,569,323.4,7.89,5787,Moderate,2018,7,July,No Flood,Normal,Light,No Flood
2018-07-27,Kolhapur,Maharashtra,16.705,74.2433,0.0,No Rain,22.7,73.6,Monsoon,0,Unknown,12,569,219.8,6.46,5799,Low,2018,7,July,No Flood,Normal,No Rain,No Flood
2018-07-27,Mumbai,Maharashtra,19.076,72.8777,68.8,Very Heavy,26.2,88.5,Monsoon,1,Very High,18,8,2271.3,6.96,21027,Very High,2018,7,July,Flood,Extreme,Heavy,July
2018-07-28,Nagpur,Maharashtra,21.1458,79.0882,13.3,Moderate,24.5,78.3,Monsoon,0,Unknown,6,310,314.8,5.68,5124,Moderate,2018,7,July,No Flood,Normal,Light,No Flood
2018-07-29,Satara,Maharashtra,17.6805,73.9997,12.3,Moderate,23.4,86.6,Monsoon,0,Unknown,7,742,359.3,8.3,2720,Moderate,2018,7,July,No Flood,Normal,Light,No Flood
2018-07-29,Sangli,Maharashtra,16.8524,74.5815,19.0,Moderate,27.7,89.5,Monsoon,0,Unknown,11,549,605.5,9.35,4894,Moderate,2018,7,July,No Flood,Normal,Light,No Flood
2018-07-29,Kolhapur,Maharashtra,16.705,74.2433,44.7,Heavy,24.9,96.5,Monsoon,0,Unknown,12,569,942.7,13.43,5790,High,2018,7,July,No Flood,Normal,Moderate,No Flood
2018-07-29,Pune,Maharashtra,18.5204,73.8567,5.8,Light,27.3,99.0,Monsoon,0,Unknown,9,560,242.6,5.07,9398,Low,2018,7,July,No Flood,Normal,Light,No Flood
2018-07-29,Raigad,Maharashtra,18.5158,73.1822,89.3,Very Heavy,29.3,92.0,Monsoon,1,Very High,14,45,2770.1,8.99,1773,Very High,2018,7,July,Flood,Extreme,Heavy,July
2018-07-30,Belagavi,Karnataka,15.8497,74.4977,14.0,Moderate,24.8,99.0,Monsoon,0,Unknown,8,762,347.7,7.34,3107,Moderate,2018,7,July,No Flood,Normal,Light,No Flood
2018-07-30,Solapur,Maharashtra,17.6599,75.9064,37.3,Heavy,31.0,90.0,Monsoon,0,Unknown,5,458,945.7,12.54,3773,High,2018,7,July,No Flood,Normal,Moderate,No Flood
2018-07-30,Sangli,Maharashtra,16.8524,74.5815,12.1,Moderate,22.3,78.3,Monsoon,0,Unknown,11,549,434.2,7.7,4896,Moderate,2018,7,July,No Flood,Normal,Light,No Flood
2018-07-30,Sangli,Maharashtra,16.8524,74.5815,0.0,No Rain,23.3,90.9,Monsoon,0,Unknown,11,549,258.2,6.26,4878,Low,2018,7,July,No Flood,Normal,No Rain,No Flood
2018-07-30,Satara,Maharashtra,17.6805,73.9997,4.8,Light,26.3,77.8,Monsoon,0,Unknown,7,742,193.9,5.55,2681,Low,2018,7,July,No Flood,Normal,Light,No Flood
2018-07-30,Kolhapur,Maharashtra,16.705,74.2433,40.6,Heavy,22.2,98.1,Monsoon,0,Unknown,12,569,1152.3,14.89,5787,High,2018,7,July,No Flood,Normal,Moderate,No Flood
2018-07-30,Kolhapur,Maharashtra,16.705,74.2433,14.7,Moderate,25.6,93.5,Monsoon,0,Unknown,12,569,378.0,8.22,5826,Moderate,2018,7,July,No Flood,Normal,Light,No Flood
2018-07-30,Jalgaon,Maharashtra,21.0077,75.5626,68.1,Very Heavy,22.9,99.0,Monsoon,1,Very High,4,209,2143.0,11.6,3211,Very High,2018,7,July,Flood,Extreme,Heavy,July
2018-07-30,Nagpur,Maharashtra,21.1458,79.0882,35.9,Heavy,22.5,88.7,Monsoon,0,Unknown,6,310,768.8,7.87,5101,High,2018,7,July,No Flood,Normal,Moderate,No Flood
2018-07-30,Sangli,Maharashtra,16.8524,74.5815,0.0,No Rain,22.7,83.3,Monsoon,0,Unknown,11,549,255.2,6.19,4881,Low,2018,7,July,No Flood,Normal,No Rain,No Flood
2018-07-31,Belagavi,Karnataka,15.8497,74.4977,0.0,No Rain,22.5,74.2,Monsoon,0,Unknown,8,762,164.9,4.84,3125,Low,2018,7,July,No Flood,Normal,No Rain,No Flood
2018-07-31,Ratnagiri,Maharashtra,16.9902,73.312,141.1,Extreme,28.3,99.0,Monsoon,1,Very High,13,11,4176.7,7.97,1576,Very High,2018,7,July,Flood,Extreme,Very Heavy,July
2018-07-31,Sangli,Maharashtra,16.8524,74.5815,0.0,No Rain,26.7,78.2,Monsoon,0,Unknown,11,549,248.8,5.81,4878,Low,2018,7,July,No Flood,Normal,No Rain,No Flood
2018-08-01,Pune,Maharashtra,18.5204,73.8567,8.3,Moderate,23.5,89.1,Monsoon,0,Unknown,9,560,317.3,5.46,9424,Moderate,2018,8,August,No Flood,Normal,Light,No Flood
2018-08-01,Solapur,Maharashtra,17.6599,75.9064,45.1,Heavy,26.3,91.6,Monsoon,1,Very High,5,458,1323.4,13.05,3774,Very High,2018,8,August,Flood,Normal,Moderate,August
2018-08-02,Raigad,Maharashtra,18.5158,73.1822,0.0,No Rain,27.9,94.3,Monsoon,0,Unknown,14,45,251.1,2.58,1793,Low,2018,8,August,No Flood,Normal,No Rain,No Flood
2018-08-02,Sangli,Maharashtra,16.8524,74.5815,0.0,No Rain,24.4,98.0,Monsoon,0,Unknown,11,549,254.6,6.19,4899,Low,2018,8,August,No Flood,Normal,No Rain,No Flood
2018-08-02,Nashik,Maharashtra,19.9975,73.7898,0.0,No Rain,21.8,89.5,Monsoon,0,Unknown,6,600,178.6,4.98,4107,Low,2018,8,August,No Flood,Normal,No Rain,No Flood
2018-08-02,Kolhapur,Maharashtra,16.705,74.2433,150.4,Extreme,23.2,99.0,Monsoon,1,Very High,12,569,5091.8,19.57,5778,Very High,2018,8,August,Flood,Extreme,Very Heavy,August
2018-08-02,Raigad,Maharashtra,18.5158,73.1822,16.3,Moderate,24.7,92.0,Monsoon,0,Unknown,14,45,567.3,4.66,1821,High,2018,8,August,No Flood,Normal,Light,No Flood
2018-08-03,Kolhapur,Maharashtra,16.705,74.2433,56.0,Heavy,23.9,91.7,Monsoon,1,Very High,12,569,1370.1,16.62,5798,Very High,2018,8,August,Flood,Normal,Heavy,August
2018-08-03,Raigad,Maharashtra,18.5158,73.1822,68.3,Very Heavy,26.1,99.0,Monsoon,1,Very High,14,45,2485.0,8.99,1786,Very High,2018,8,August,Flood,Extreme,Heavy,August
2018-08-03,Ratnagiri,Maharashtra,16.9902,73.312,63.2,Heavy,23.4,91.7,Monsoon,1,Very High,13,11,1897.4,7.63,1574,Very High,2018,8,August,Flood,Normal,Heavy,August
2018-08-03,Sangli,Maharashtra,16.8524,74.5815,44.4,Heavy,25.0,82.2,Monsoon,1,High,11,549,1097.4,12.95,4916,Very High,2018,8,August,Flood,Normal,Moderate,August
2018-08-04,Solapur,Maharashtra,17.6599,75.9064,0.0,No Rain,22.7,87.0,Monsoon,0,Unknown,5,458,109.4,4.65,3798,Low,2018,8,August,No Flood,Normal,No Rain,No Flood
2018-08-04,Solapur,Maharashtra,17.6599,75.9064,16.6,Moderate,26.1,85.7,Monsoon,0,Unknown,5,458,335.8,7.23,3799,Moderate,2018,8,August,No Flood,Normal,Light,No Flood
2018-08-04,Sangli,Maharashtra,16.8524,74.5815,144.6,Extreme,23.5,99.0,Monsoon,1,Very High,11,549,5198.4,18.56,4905,Very High,2018,8,August,Flood,Extreme,Very Heavy,August
2018-08-04,Ratnagiri,Maharashtra,16.9902,73.312,40.5,Heavy,26.7,99.0,Monsoon,0,Unknown,13,11,959.6,5.16,1606,High,2018,8,August,No Flood,Normal,Moderate,No Flood
2018-08-04,Panaji,Goa,15.4909,73.8278,57.0,Heavy,25.5,99.0,Monsoon,1,Very High,7,7,1829.3,6.34,2271,Very High,2018,8,August,Flood,Normal,Heavy,August
2018-08-04,Jalgaon,Maharashtra,21.0077,75.5626,16.6,Moderate,26.0,95.8,Monsoon,0,Unknown,4,209,305.8,5.73,3179,Moderate,2018,8,August,No Flood,Normal,Light,No Flood
2018-08-04,Belagavi,Karnataka,15.8497,74.4977,0.0,No Rain,18.6,84.3,Monsoon,0,Unknown,8,762,191.3,5.44,3126,Low,2018,8,August,No Flood,Normal,No Rain,No Flood
2018-08-04,Ratnagiri,Maharashtra,16.9902,73.312,0.0,No Rain,23.7,90.7,Monsoon,0,Unknown,13,11,239.0,2.71,1600,Low,2018,8,August,No Flood,Normal,No Rain,No Flood
2018-08-05,Satara,Maharashtra,17.6805,73.9997,46.7,Heavy,26.3,96.9,Monsoon,1,Very High,7,742,1246.6,14.59,2679,Very High,2018,8,August,Flood,Normal,Moderate,August
2018-08-05,Satara,Maharashtra,17.6805,73.9997,9.1,Moderate,24.2,80.5,Monsoon,0,Unknown,7,742,275.0,6.87,2696,Low,2018,8,August,No Flood,Normal,Light,No Flood
2018-08-05,Nashik,Maharashtra,19.9975,73.7898,19.3,Moderate,25.6,82.4,Monsoon,0,Unknown,6,600,447.0,8.31,4105,Moderate,2018,8,August,No Flood,Normal,Light,No Flood
2018-08-05,Ratnagiri,Maharashtra,16.9902,73.312,18.5,Moderate,27.6,88.6,Monsoon,0,Unknown,13,11,469.6,3.32,1623,Moderate,2018,8,August,No Flood,Normal,Light,No Flood
2018-08-05,Mumbai,Maharashtra,19.076,72.8777,74.3,Very Heavy,26.4,94.4,Monsoon,1,Very High,18,8,2053.6,6.96,21003,Very High,2018,8,August,Flood,Extreme,Heavy,August
2018-08-05,Kolhapur,Maharashtra,16.705,74.2433,11.7,Moderate,22.0,92.7,Monsoon,0,Unknown,12,569,326.8,8.24,5786,Moderate,2018,8,August,No Flood,Normal,Light,No Flood
2018-08-05,Kolhapur,Maharashtra,16.705,74.2433,12.2,Moderate,21.1,87.7,Monsoon,0,Unknown,12,569,363.2,8.3,5791,Moderate,2018,8,August,No Flood,Normal,Light,No Flood
2018-08-05,Nashik,Maharashtra,19.9975,73.7898,77.5,Very Heavy,24.4,95.2,Monsoon,1,Very High,6,600,2119.7,14.79,4099,Very High,2018,8,August,Flood,Extreme,Heavy,August
2018-08-06,Kolhapur,Maharashtra,16.705,74.2433,19.9,Moderate,24.2,85.6,Monsoon,0,Unknown,12,569,531.9,10.02,5823,Moderate,2018,8,August,No Flood,Normal,Light,No Flood
2018-08-06,Kolhapur,Maharashtra,16.705,74.2433,221.8,Extreme,23.2,99.0,Monsoon,1,Very High,12,569,7441.1,19.57,5783,Very High,2018,8,August,Flood,Extreme,Extreme,August
2018-08-06,Mumbai,Maharashtra,19.076,72.8777,15.7,Moderate,22.7,86.5,Monsoon,0,Unknown,18,8,339.1,2.89,21021,Moderate,2018,8,August,No Flood,Normal,Light,No Flood
2018-08-06,Nashik,Maharashtra,19.9975,73.7898,5.4,Light,23.9,91.4,Monsoon,0,Unknown,6,600,208.5,5.23,4129,Low,2018,8,August,No Flood,Normal,Light,No Flood
2018-08-06,Pune,Maharashtra,18.5204,73.8567,14.1,Moderate,25.5,77.7,Monsoon,0,Unknown,9,560,399.1,6.14,9414,Moderate,2018,8,August,No Flood,Normal,Light,No Flood
2018-08-06,Satara,Maharashtra,17.6805,73.9997,28.4,Moderate,23.1,83.7,Monsoon,0,Unknown,7,742,806.8,11.57,2723,Moderate,2018,8,August,No Flood,Normal,Moderate,No Flood
2018-08-06,Satara,Maharashtra,17.6805,73.9997,79.7,Very Heavy,27.9,90.9,Monsoon,1,Very High,7,742,2207.9,15.95,2713,Very High,2018,8,August,Flood,Extreme,Heavy,August
2018-08-07,Sangli,Maharashtra,16.8524,74.5815,21.4,Moderate,28.8,96.3,Monsoon,0,Unknown,11,549,612.1,9.47,4885,Moderate,2018,8,August,No Flood,Normal,Moderate,No Flood
2018-08-07,Mumbai,Maharashtra,19.076,72.8777,151.7,Extreme,23.9,99.0,Monsoon,1,Very High,18,8,7240.7,6.96,20986,Very High,2018,8,August,Flood,Extreme,Very Heavy,August
2018-08-07,Mumbai,Maharashtra,19.076,72.8777,27.1,Moderate,24.5,81.1,Monsoon,0,Unknown,18,8,533.6,4.13,21021,High,2018,8,August,No Flood,Normal,Moderate,No Flood
2018-08-07,Belagavi,Karnataka,15.8497,74.4977,26.3,Moderate,26.0,89.6,Monsoon,0,Unknown,8,762,573.3,9.87,3089,Moderate,2018,8,August,No Flood,Normal,Moderate,No Flood
2018-08-07,Kolhapur,Maharashtra,16.705,74.2433,3.5,Light,24.7,85.4,Monsoon,0,Unknown,12,569,262.4,7.04,5809,Low,2018,8,August,No Flood,Normal,Light,No Flood
2018-08-07,Belagavi,Karnataka,15.8497,74.4977,5.1,Light,21.6,90.8,Monsoon,0,Unknown,8,762,226.5,5.88,3098,Low,2018,8,August,No Flood,Normal,Light,No Flood
2018-08-07,Kolhapur,Maharashtra,16.705,74.2433,11.2,Moderate,22.8,92.3,Monsoon,0,Unknown,12,569,342.5,8.11,5780,Moderate,2018,8,August,No Flood,Normal,Light,No Flood
2018-08-08,Nagpur,Maharashtra,21.1458,79.0882,18.6,Moderate,25.2,88.2,Monsoon,0,Unknown,6,310,399.6,5.68,5080,Moderate,2018,8,August,No Flood,Normal,Light,No Flood
2018-08-08,Pune,Maharashtra,18.5204,73.8567,0.0,No Rain,24.4,85.2,Monsoon,0,Unknown,9,560,166.4,4.07,9394,Low,2018,8,August,No Flood,Normal,No Rain,No Flood
2018-08-09,Raigad,Maharashtra,18.5158,73.1822,0.0,No Rain,27.0,86.5,Monsoon,0,Unknown,14,45,291.9,3.28,1784,Moderate,2018,8,August,No Flood,Normal,No Rain,No Flood
2018-08-09,Satara,Maharashtra,17.6805,73.9997,34.5,Moderate,24.4,91.3,Monsoon,1,Moderate,7,742,764.2,11.75,2729,High,2018,8,August,Flood,Normal,Moderate,August
2018-08-09,Sangli,Maharashtra,16.8524,74.5815,0.0,No Rain,28.7,86.3,Monsoon,0,Unknown,11,549,242.8,5.89,4880,Low,2018,8,August,No Flood,Normal,No Rain,No Flood
2018-08-09,Raigad,Maharashtra,18.5158,73.1822,29.8,Moderate,24.3,91.2,Monsoon,0,Unknown,14,45,930.0,5.55,1824,High,2018,8,August,No Flood,Normal,Moderate,No Flood
2018-08-09,Pune,Maharashtra,18.5204,73.8567,25.4,Moderate,23.3,97.5,Monsoon,0,Unknown,9,560,632.4,8.34,9373,High,2018,8,August,No Flood,Normal,Moderate,No Flood
2018-08-09,Kolhapur,Maharashtra,16.705,74.2433,0.0,No Rain,24.0,84.1,Monsoon,0,Unknown,12,569,224.1,6.35,5800,Low,2018,8,August,No Flood,Normal,No Rain,No Flood
2018-08-09,Mumbai,Maharashtra,19.076,72.8777,9.6,Moderate,28.1,81.6,Monsoon,0,Unknown,18,8,212.9,2.66,21015,Moderate,2018,8,August,No Flood,Normal,Light,No Flood
2018-08-09,Mumbai,Maharashtra,19.076,72.8777,213.8,Extreme,26.1,99.0,Monsoon,1,Very High,18,8,8602.3,6.96,20997,Very High,2018,8,August,Flood,Extreme,Extreme,August
2018-08-09,Mumbai,Maharashtra,19.076,72.8777,20.6,Moderate,22.6,99.0,Monsoon,0,Unknown,18,8,453.7,3.85,21010,High,2018,8,August,No Flood,Normal,Moderate,No Flood
2018-08-09,Nagpur,Maharashtra,21.1458,79.0882,0.0,No Rain,27.0,96.1,Monsoon,0,Unknown,6,310,193.6,3.74,5096,Low,2018,8,August,No Flood,Normal,No Rain,No Flood
2018-08-10,Pune,Maharashtra,18.5204,73.8567,19.7,Moderate,21.0,93.9,Monsoon,0,Unknown,9,560,509.9,7.72,9409,Moderate,2018,8,August,No Flood,Normal,Light,No Flood
2018-08-10,Ratnagiri,Maharashtra,16.9902,73.312,98.6,Very Heavy,21.9,99.0,Monsoon,1,Very High,13,11,3073.7,7.97,1587,Very High,2018,8,August,Flood,Extreme,Heavy,August
2018-08-10,Satara,Maharashtra,17.6805,73.9997,0.0,No Rain,26.2,82.6,Monsoon,0,Unknown,7,742,157.0,4.98,2721,Low,2018,8,August,No Flood,Normal,No Rain,No Flood
2018-08-11,Mumbai,Maharashtra,19.076,72.8777,64.4,Heavy,26.1,90.7,Monsoon,1,Very High,18,8,1609.5,6.96,20989,Very High,2018,8,August,Flood,Normal,Heavy,August
2018-08-11,Mumbai,Maharashtra,19.076,72.8777,39.4,Heavy,24.1,90.3,Monsoon,1,High,18,8,1041.1,6.2,21021,Very High,2018,8,August,Flood,Normal,Moderate,August
2018-08-11,Nashik,Maharashtra,19.9975,73.7898,3.0,Light,24.9,77.8,Monsoon,0,Unknown,6,600,199.0,5.27,4098,Low,2018,8,August,No Flood,Normal,Light,No Flood
2018-08-11,Raigad,Maharashtra,18.5158,73.1822,11.5,Moderate,27.1,83.4,Monsoon,0,Unknown,14,45,401.8,3.55,1797,Moderate,2018,8,August,No Flood,Normal,Light,No Flood
2018-08-11,Sangli,Maharashtra,16.8524,74.5815,59.8,Heavy,28.4,92.5,Monsoon,0,Unknown,11,549,1959.8,17.78,4892,High,2018,8,August,No Flood,Normal,Heavy,No Flood
2018-08-11,Satara,Maharashtra,17.6805,73.9997,7.2,Light,28.1,87.9,Monsoon,0,Unknown,7,742,225.6,6.18,2728,Low,2018,8,August,No Flood,Normal,Light,No Flood
2018-08-12,Satara,Maharashtra,17.6805,73.9997,135.9,Extreme,24.4,98.1,Monsoon,1,Very High,7,742,4610.6,15.95,2725,Very High,2018,8,August,Flood,Extreme,Very Heavy,August
2018-08-12,Sangli,Maharashtra,16.8524,74.5815,8.2,Moderate,21.0,80.6,Monsoon,0,Unknown,11,549,345.3,7.18,4922,Moderate,2018,8,August,No Flood,Normal,Light,No Flood
2018-08-12,Belagavi,Karnataka,15.8497,74.4977,10.2,Moderate,21.1,90.1,Monsoon,0,Unknown,8,762,323.8,7.27,3086,Moderate,2018,8,August,No Flood,Normal,Light,No Flood
2018-08-12,Pune,Maharashtra,18.5204,73.8567,13.4,Moderate,23.0,80.1,Monsoon,0,Unknown,9,560,363.7,6.03,9381,Moderate,2018,8,August,No Flood,Normal,Light,No Flood
2018-08-12,Sangli,Maharashtra,16.8524,74.5815,10.8,Moderate,23.6,89.2,Monsoon,0,Unknown,11,549,429.3,7.8,4899,Moderate,2018,8,August,No Flood,Normal,Light,No Flood
2018-08-13,Belagavi,Karnataka,15.8497,74.4977,179.7,Extreme,23.0,99.0,Monsoon,1,Very High,8,762,5550.4,16.68,3077,Very High,2018,8,August,Flood,Extreme,Very Heavy,August
2018-08-13,Ratnagiri,Maharashtra,16.9902,73.312,0.0,No Rain,26.2,83.3,Monsoon,0,Unknown,13,11,231.4,2.44,1594,Low,2018,8,August,No Flood,Normal,No Rain,No Flood
2018-08-13,Sangli,Maharashtra,16.8524,74.5815,123.7,Very Heavy,24.6,99.0,Monsoon,1,Very High,11,549,4292.5,18.56,4874,Very High,2018,8,August,Flood,Extreme,Very Heavy,August
2018-08-14,Kolhapur,Maharashtra,16.705,74.2433,0.0,No Rain,22.4,92.0,Monsoon,0,Unknown,12,569,222.4,6.09,5804,Low,2018,8,August,No Flood,Normal,No Rain,No Flood
2018-08-15,Kolhapur,Maharashtra,16.705,74.2433,63.9,Heavy,28.4,88.7,Monsoon,1,Very High,12,569,1908.4,19.19,5798,Very High,2018,8,August,Flood,Normal,Heavy,August
2018-08-15,Kolhapur,Maharashtra,16.705,74.2433,71.6,Very Heavy,26.1,88.6,Monsoon,1,Very High,12,569,2583.0,19.57,5801,Very High,2018,8,August,Flood,Extreme,Heavy,August
2018-08-15,Mumbai,Maharashtra,19.076,72.8777,12.0,Moderate,28.5,93.5,Monsoon,0,Unknown,18,8,238.1,2.95,20991,Moderate,2018,8,August,No Flood,Normal,Light,No Flood
2018-08-15,Mumbai,Maharashtra,19.076,72.8777,36.5,Heavy,25.8,92.5,Monsoon,1,High,18,8,1065.5,6.45,20995,Very High,2018,8,August,Flood,Normal,Moderate,August
2018-08-15,Pune,Maharashtra,18.5204,73.8567,8.1,Moderate,20.9,87.6,Monsoon,0,Unknown,9,560,295.2,5.32,9427,Moderate,2018,8,August,No Flood,Normal,Light,No Flood
2018-08-15,Solapur,Maharashtra,17.6599,75.9064,3.2,Light,22.1,81.9,Monsoon,0,Unknown,5,458,126.9,4.5,3808,Low,2018,8,August,No Flood,Normal,Light,No Flood
2018-08-16,Satara,Maharashtra,17.6805,73.9997,21.1,Moderate,24.2,77.6,Monsoon,0,Unknown,7,742,443.3,9.02,2672,Moderate,2018,8,August,No Flood,Normal,Moderate,No Flood
2018-08-16,Sangli,Maharashtra,16.8524,74.5815,26.3,Moderate,24.1,93.2,Monsoon,0,Unknown,11,549,811.2,10.57,4913,Moderate,2018,8,August,No Flood,Normal,Moderate,No Flood
2018-08-16,Sangli,Maharashtra,16.8524,74.5815,2.4,Light,24.5,99.0,Monsoon,0,Unknown,11,549,260.5,5.95,4904,Low,2018,8,August,No Flood,Normal,Light,No Flood
2018-08-16,Satara,Maharashtra,17.6805,73.9997,7.8,Moderate,26.8,81.1,Monsoon,0,Unknown,7,742,269.7,6.41,2704,Low,2018,8,August,No Flood,Normal,Light,No Flood
2018-08-16,Panaji,Goa,15.4909,73.8278,0.0,No Rain,20.6,88.8,Monsoon,0,Unknown,7,7,222.9,2.15,2276,Low,2018,8,August,No Flood,Normal,No Rain,No Flood
2018-08-16,Mumbai,Maharashtra,19.076,72.8777,24.1,Moderate,24.4,84.6,Monsoon,0,Unknown,18,8,501.9,4.26,21002,High,2018,8,August,No Flood,Normal,Moderate,No Flood
2018-08-16,Kolhapur,Maharashtra,16.705,74.2433,0.0,No Rain,23.8,80.7,Monsoon,0,Unknown,12,569,220.1,6.21,5791,Low,2018,8,August,No Flood,Normal,No Rain,No Flood
2018-08-16,Raigad,Maharashtra,18.5158,73.1822,30.5,Moderate,27.4,83.7,Monsoon,0,Unknown,14,45,826.6,5.29,1790,High,2018,8,August,No Flood,Normal,Moderate,No Flood
2018-08-17,Mumbai,Maharashtra,19.076,72.8777,0.0,No Rain,29.3,81.4,Monsoon,0,Unknown,18,8,153.2,1.95,21004,Low,2018,8,August,No Flood,Normal,No Rain,No Flood
2018-08-17,Nagpur,Maharashtra,21.1458,79.0882,6.0,Light,21.8,83.5,Monsoon,0,Unknown,6,310,246.2,4.76,5129,Low,2018,8,August,No Flood,Normal,Light,No Flood
2018-08-17,Nashik,Maharashtra,19.9975,73.7898,27.9,Moderate,23.2,86.3,Monsoon,0,Unknown,6,600,671.7,9.88,4101,Moderate,2018,8,August,No Flood,Normal,Moderate,No Flood
2018-08-17,Nashik,Maharashtra,19.9975,73.7898,27.3,Moderate,24.8,87.7,Monsoon,0,Unknown,6,600,783.8,10.37,4104,Moderate,2018,8,August,No Flood,Normal,Moderate,No Flood
2018-08-18,Mumbai,Maharashtra,19.076,72.8777,0.0,No Rain,25.9,84.5,Monsoon,0,Unknown,18,8,165.0,2.56,21014,Low,2018,8,August,No Flood,Normal,No Rain,No Flood
2018-08-18,Raigad,Maharashtra,18.5158,73.1822,67.2,Very Heavy,26.7,89.7,Monsoon,1,Very High,14,45,2544.6,8.99,1807,Very High,2018,8,August,Flood,Extreme,Heavy,August
2018-08-18,Raigad,Maharashtra,18.5158,73.1822,20.7,Moderate,24.5,76.9,Monsoon,0,Unknown,14,45,540.6,4.23,1790,Moderate,2018,8,August,No Flood,Normal,Moderate,No Flood
2018-08-19,Satara,Maharashtra,17.6805,73.9997,3.8,Light,24.6,77.4,Monsoon,0,Unknown,7,742,172.4,5.48,2693,Low,2018,8,August,No Flood,Normal,Light,No Flood
2018-08-19,Ratnagiri,Maharashtra,16.9902,73.312,26.7,Moderate,26.3,82.3,Monsoon,0,Unknown,13,11,730.8,4.79,1616,High,2018,8,August,No Flood,Normal,Moderate,No Flood
2018-08-19,Mumbai,Maharashtra,19.076,72.8777,23.0,Moderate,21.7,86.1,Monsoon,0,Unknown,18,8,490.0,4.15,20982,High,2018,8,August,No Flood,Normal,Moderate,No Flood
2018-08-19,Nagpur,Maharashtra,21.1458,79.0882,15.4,Moderate,23.8,99.0,Monsoon,0,Unknown,6,310,440.9,6.27,5128,Moderate,2018,8,August,No Flood,Normal,Light,No Flood
2018-08-19,Ratnagiri,Maharashtra,16.9902,73.312,21.6,Moderate,31.2,91.3,Monsoon,0,Unknown,13,11,559.2,3.88,1579,High,2018,8,August,No Flood,Normal,Moderate,No Flood
2018-08-20,Mumbai,Maharashtra,19.076,72.8777,23.7,Moderate,25.8,81.0,Monsoon,0,Unknown,18,8,612.4,4.67,21010,High,2018,8,August,No Flood,Normal,Moderate,No Flood
2018-08-20,Pune,Maharashtra,18.5204,73.8567,58.5,Heavy,20.8,92.5,Monsoon,1,Very High,9,560,1747.0,13.56,9400,Very High,2018,8,August,Flood,Normal,Heavy,August
2018-08-20,Ratnagiri,Maharashtra,16.9902,73.312,11.3,Moderate,29.8,84.9,Monsoon,0,Unknown,13,11,333.7,2.78,1617,Moderate,2018,8,August,No Flood,Normal,Light,No Flood
2018-08-20,Ratnagiri,Maharashtra,16.9902,73.312,150.7,Extreme,24.3,99.0,Monsoon,1,Very High,13,11,7146.9,7.97,1605,Very High,2018,8,August,Flood,Extreme,Very Heavy,August
2018-08-20,Sangli,Maharashtra,16.8524,74.5815,42.0,Heavy,25.8,83.7,Monsoon,0,Unknown,11,549,1133.2,13.32,4901,High,2018,8,August,No Flood,Normal,Moderate,No Flood
2018-08-21,Satara,Maharashtra,17.6805,73.9997,25.3,Moderate,28.1,94.4,Monsoon,0,Unknown,7,742,724.2,10.73,2719,Moderate,2018,8,August,No Flood,Normal,Moderate,No Flood
2018-08-21,Satara,Maharashtra,17.6805,73.9997,120.9,Very Heavy,25.7,99.0,Monsoon,1,Very High,7,742,4993.6,15.95,2697,Very High,2018,8,August,Flood,Extreme,Very Heavy,August
2018-08-21,Raigad,Maharashtra,18.5158,73.1822,0.0,No Rain,23.7,89.6,Monsoon,0,Unknown,14,45,275.7,3.09,1823,Moderate,2018,8,August,No Flood,Normal,No Rain,No Flood
2018-08-21,Belagavi,Karnataka,15.8497,74.4977,0.0,No Rain,22.7,89.7,Monsoon,0,Unknown,8,762,189.4,6.22,3085,Low,2018,8,August,No Flood,Normal,No Rain,No Flood
2018-08-21,Mumbai,Maharashtra,19.076,72.8777,0.0,No Rain,25.9,69.6,Monsoon,0,Unknown,18,8,141.0,1.83,20992,Low,2018,8,August,No Flood,Normal,No Rain,No Flood
2018-08-21,Kolhapur,Maharashtra,16.705,74.2433,35.6,Heavy,24.3,83.2,Monsoon,1,High,12,569,1111.2,14.86,5814,Very High,2018,8,August,Flood,Normal,Moderate,August
2018-08-21,Pune,Maharashtra,18.5204,73.8567,0.0,No Rain,27.9,82.9,Monsoon,0,Unknown,9,560,203.4,4.65,9410,Low,2018,8,August,No Flood,Normal,No Rain,No Flood
2018-08-22,Kolhapur,Maharashtra,16.705,74.2433,13.4,Moderate,24.0,94.2,Monsoon,0,Unknown,12,569,430.7,8.84,5783,Moderate,2018,8,August,No Flood,Normal,Light,No Flood
2018-08-22,Kolhapur,Maharashtra,16.705,74.2433,11.0,Moderate,23.6,97.0,Monsoon,0,Unknown,12,569,342.4,8.06,5791,Moderate,2018,8,August,No Flood,Normal,Light,No Flood
2018-08-22,Mumbai,Maharashtra,19.076,72.8777,63.2,Heavy,25.3,77.8,Monsoon,1,Very High,18,8,1784.2,6.96,21013,Very High,2018,8,August,Flood,Normal,Heavy,August
2018-08-22,Mumbai,Maharashtra,19.076,72.8777,31.6,Moderate,24.1,86.4,Monsoon,1,Moderate,18,8,688.2,5.04,21023,High,2018,8,August,Flood,Normal,Moderate,August
2018-08-22,Ratnagiri,Maharashtra,16.9902,73.312,42.1,Heavy,25.3,95.1,Monsoon,0,Unknown,13,11,1020.8,5.53,1621,High,2018,8,August,No Flood,Normal,Moderate,No Flood
2018-08-22,Sangli,Maharashtra,16.8524,74.5815,21.8,Moderate,24.1,91.5,Monsoon,0,Unknown,11,549,567.5,9.22,4881,Moderate,2018,8,August,No Flood,Normal,Moderate,No Flood
2018-08-22,Solapur,Maharashtra,17.6599,75.9064,11.9,Moderate,22.6,80.8,Monsoon,0,Unknown,5,458,243.5,5.78,3770,Low,2018,8,August,No Flood,Normal,Light,No Flood
2018-08-23,Jalgaon,Maharashtra,21.0077,75.5626,9.2,Moderate,28.0,80.6,Monsoon,0,Unknown,4,209,209.3,5.12,3197,Low,2018,8,August,No Flood,Normal,Light,No Flood
2018-08-23,Nashik,Maharashtra,19.9975,73.7898,28.3,Moderate,26.2,94.3,Monsoon,1,Moderate,6,600,673.0,9.74,4074,High,2018,8,August,Flood,Normal,Moderate,August
2018-08-23,Pune,Maharashtra,18.5204,73.8567,71.1,Very Heavy,22.7,99.0,Monsoon,1,Very High,9,560,2203.8,13.78,9396,Very High,2018,8,August,Flood,Extreme,Heavy,August
2018-08-23,Sangli,Maharashtra,16.8524,74.5815,14.1,Moderate,22.5,82.8,Monsoon,0,Unknown,11,549,438.6,8.17,4902,Moderate,2018,8,August,No Flood,Normal,Light,No Flood
2018-08-24,Ratnagiri,Maharashtra,16.9902,73.312,4.2,Light,27.7,79.0,Monsoon,0,Unknown,13,11,271.7,2.25,1627,Low,2018,8,August,No Flood,Normal,Light,No Flood
2018-08-24,Satara,Maharashtra,17.6805,73.9997,0.0,No Rain,23.7,80.2,Monsoon,0,Unknown,7,742,179.2,5.58,2715,Low,2018,8,August,No Flood,Normal,No Rain,No Flood
2018-08-24,Kolhapur,Maharashtra,16.705,74.2433,0.0,No Rain,23.3,82.4,Monsoon,0,Unknown,12,569,197.5,5.68,5812,Low,2018,8,August,No Flood,Normal,No Rain,No Flood
2018-08-24,Kolhapur,Maharashtra,16.705,74.2433,0.0,No Rain,20.6,73.3,Monsoon,0,Unknown,12,569,229.9,6.64,5798,Low,2018,8,August,No Flood,Normal,No Rain,No Flood
2018-08-25,Jalgaon,Maharashtra,21.0077,75.5626,0.0,No Rain,25.9,81.4,Monsoon,0,Unknown,4,209,134.0,3.7,3188,Low,2018,8,August,No Flood,Normal,No Rain,No Flood
2018-08-25,Nagpur,Maharashtra,21.1458,79.0882,0.0,No Rain,21.7,90.5,Monsoon,0,Unknown,6,310,183.4,3.49,5080,Low,2018,8,August,No Flood,Normal,No Rain,No Flood
2018-08-25,Panaji,Goa,15.4909,73.8278,15.7,Moderate,28.0,89.8,Monsoon,0,Unknown,7,7,385.3,2.86,2297,Moderate,2018,8,August,No Flood,Normal,Light,No Flood
2018-08-25,Raigad,Maharashtra,18.5158,73.1822,13.1,Moderate,23.1,97.9,Monsoon,0,Unknown,14,45,469.1,3.95,1819,Moderate,2018,8,August,No Flood,Normal,Light,No Flood
2018-08-25,Satara,Maharashtra,17.6805,73.9997,0.0,No Rain,23.5,83.8,Monsoon,0,Unknown,7,742,184.8,5.63,2685,Low,2018,8,August,No Flood,Normal,No Rain,No Flood
2018-08-26,Satara,Maharashtra,17.6805,73.9997,6.9,Light,24.7,86.6,Monsoon,0,Unknown,7,742,254.3,6.81,2682,Low,2018,8,August,No Flood,Normal,Light,No Flood
2018-08-26,Sangli,Maharashtra,16.8524,74.5815,43.8,Heavy,23.1,92.1,Monsoon,1,High,11,549,1229.1,13.51,4904,Very High,2018,8,August,Flood,Normal,Moderate,August
2018-08-26,Raigad,Maharashtra,18.5158,73.1822,45.8,Heavy,24.0,95.5,Monsoon,0,Unknown,14,45,1306.5,6.78,1828,Very High,2018,8,August,No Flood,Normal,Moderate,No Flood
2018-08-26,Mumbai,Maharashtra,19.076,72.8777,0.0,No Rain,30.4,86.5,Monsoon,0,Unknown,18,8,161.4,2.24,21005,Low,2018,8,August,No Flood,Normal,No Rain,No Flood
2018-08-26,Kolhapur,Maharashtra,16.705,74.2433,26.5,Moderate,23.0,92.3,Monsoon,0,Unknown,12,569,649.0,11.18,5796,Moderate,2018,8,August,No Flood,Normal,Moderate,No Flood
2018-08-26,Belagavi,Karnataka,15.8497,74.4977,113.2,Very Heavy,25.6,92.9,Monsoon,1,Very High,8,762,3404.5,16.68,3125,Very High,2018,8,August,Flood,Extreme,Very Heavy,August
2018-08-26,Mumbai,Maharashtra,19.076,72.8777,15.4,Moderate,28.5,79.6,Monsoon,0,Unknown,18,8,329.0,3.14,20990,Moderate,2018,8,August,No Flood,Normal,Light,No Flood
2018-08-27,Belagavi,Karnataka,15.8497,74.4977,43.1,Heavy,23.9,90.1,Monsoon,1,High,8,762,1027.3,13.55,3120,Very High,2018,8,August,Flood,Normal,Moderate,August
2018-08-27,Jalgaon,Maharashtra,21.0077,75.5626,10.7,Moderate,23.7,95.9,Monsoon,0,Unknown,4,209,273.9,5.57,3216,Moderate,2018,8,August,No Flood,Normal,Light,No Flood
2018-08-27,Satara,Maharashtra,17.6805,73.9997,0.0,No Rain,22.3,89.2,Monsoon,0,Unknown,7,742,164.0,5.39,2700,Low,2018,8,August,No Flood,Normal,No Rain,No Flood
2018-08-28,Solapur,Maharashtra,17.6599,75.9064,91.6,Very Heavy,28.8,95.5,Monsoon,1,Very High,5,458,3271.5,13.05,3806,Very High,2018,8,August,Flood,Extreme,Heavy,August
2018-08-28,Nashik,Maharashtra,19.9975,73.7898,0.0,No Rain,23.8,86.2,Monsoon,0,Unknown,6,600,170.5,4.55,4113,Low,2018,8,August,No Flood,Normal,No Rain,No Flood
2018-08-28,Belagavi,Karnataka,15.8497,74.4977,17.3,Moderate,24.0,87.1,Monsoon,0,Unknown,8,762,497.2,9.05,3115,Moderate,2018,8,August,No Flood,Normal,Light,No Flood
2018-08-28,Mumbai,Maharashtra,19.076,72.8777,0.0,No Rain,23.9,76.8,Monsoon,0,Unknown,18,8,149.0,2.26,21017,Low,2018,8,August,No Flood,Normal,No Rain,No Flood
2018-08-29,Kolhapur,Maharashtra,16.705,74.2433,28.6,Moderate,25.9,95.7,Monsoon,0,Unknown,12,569,811.2,13.03,5772,High,2018,8,August,No Flood,Normal,Moderate,No Flood
2018-08-29,Nagpur,Maharashtra,21.1458,79.0882,86.8,Very Heavy,21.4,94.8,Monsoon,1,Very High,6,310,2607.0,12.32,5128,Very High,2018,8,August,Flood,Extreme,Heavy,August
2018-08-29,Raigad,Maharashtra,18.5158,73.1822,80.4,Very Heavy,23.1,99.0,Monsoon,1,Very High,14,45,3018.1,8.99,1801,Very High,2018,8,August,Flood,Extreme,Heavy,August
2018-08-29,Sangli,Maharashtra,16.8524,74.5815,0.0,No Rain,23.6,85.1,Monsoon,0,Unknown,11,549,220.2,5.52,4896,Low,2018,8,August,No Flood,Normal,No Rain,No Flood
2018-08-30,Ratnagiri,Maharashtra,16.9902,73.312,35.7,Heavy,22.2,97.0,Monsoon,0,Unknown,13,11,971.7,5.48,1575,High,2018,8,August,No Flood,Normal,Moderate,No Flood
2018-08-30,Raigad,Maharashtra,18.5158,73.1822,51.6,Heavy,24.3,91.0,Monsoon,1,High,14,45,1230.6,6.24,1785,Very High,2018,8,August,Flood,Normal,Heavy,August
2018-08-30,Sangli,Maharashtra,16.8524,74.5815,0.0,No Rain,23.7,78.2,Monsoon,0,Unknown,11,549,270.2,6.54,4927,Low,2018,8,August,No Flood,Normal,No Rain,No Flood
2018-08-30,Nashik,Maharashtra,19.9975,73.7898,67.5,Very Heavy,22.3,92.5,Monsoon,1,Very High,6,600,1748.5,14.79,4128,Very High,2018,8,August,Flood,Extreme,Heavy,August
2018-08-30,Pune,Maharashtra,18.5204,73.8567,110.1,Very Heavy,26.3,99.0,Monsoon,1,Very High,9,560,3527.7,13.78,9384,Very High,2018,8,August,Flood,Extreme,Very Heavy,August
2018-08-31,Nagpur,Maharashtra,21.1458,79.0882,13.3,Moderate,24.2,83.8,Monsoon,0,Unknown,6,310,375.3,5.76,5077,Moderate,2018,8,August,No Flood,Normal,Light,No Flood
2018-08-31,Panaji,Goa,15.4909,73.8278,190.9,Extreme,27.2,99.0,Monsoon,1,Very High,7,7,8280.2,6.52,2318,Very High,2018,8,August,Flood,Extreme,Very Heavy,August
2018-08-31,Satara,Maharashtra,17.6805,73.9997,14.3,Moderate,23.0,83.5,Monsoon,0,Unknown,7,742,385.0,7.57,2673,Moderate,2018,8,August,No Flood,Normal,Light,No Flood
2018-09-01,Mumbai,Maharashtra,19.076,72.8777,149.3,Extreme,27.9,92.4,Monsoon,1,Very High,18,8,7205.3,6.96,21003,Very High,2018,9,September,Flood,Extreme,Very Heavy,September
2018-09-01,Solapur,Maharashtra,17.6599,75.9064,13.7,Moderate,26.3,89.5,Monsoon,0,Unknown,5,458,310.8,7.09,3801,Moderate,2018,9,September,No Flood,Normal,Light,No Flood
2018-09-02,Sangli,Maharashtra,16.8524,74.5815,9.9,Moderate,22.5,82.2,Monsoon,0,Unknown,11,549,343.8,7.05,4872,Moderate,2018,9,September,No Flood,Normal,Light,No Flood
2018-09-03,Mumbai,Maharashtra,19.076,72.8777,74.7,Very Heavy,24.1,91.0,Monsoon,1,Very High,18,8,2112.4,6.96,21017,Very High,2018,9,September,Flood,Extreme,Heavy,September
2018-09-03,Panaji,Goa,15.4909,73.8278,70.0,Very Heavy,27.5,89.4,Monsoon,1,Very High,7,7,2171.2,6.52,2294,Very High,2018,9,September,Flood,Extreme,Heavy,September
2018-09-04,Ratnagiri,Maharashtra,16.9902,73.312,0.0,No Rain,25.1,79.5,Monsoon,0,Unknown,13,11,231.0,2.34,1572,Low,2018,9,September,No Flood,Normal,No Rain,No Flood
2018-09-04,Ratnagiri,Maharashtra,16.9902,73.312,352.8,Extreme,30.2,99.0,Monsoon,1,Very High,13,11,19748.4,7.97,1614,Very High,2018,9,September,Flood,Extreme,Extreme,September
2018-09-04,Kolhapur,Maharashtra,16.705,74.2433,11.8,Moderate,25.8,78.6,Monsoon,0,Unknown,12,569,364.8,8.28,5821,Moderate,2018,9,September,No Flood,Normal,Light,No Flood
2018-09-04,Ratnagiri,Maharashtra,16.9902,73.312,96.5,Very Heavy,26.8,97.6,Monsoon,1,Very High,13,11,2477.0,7.97,1628,Very High,2018,9,September,Flood,Extreme,Heavy,September
2018-09-05,Sangli,Maharashtra,16.8524,74.5815,18.4,Moderate,23.0,84.6,Monsoon,0,Unknown,11,549,487.3,8.52,4905,Moderate,2018,9,September,No Flood,Normal,Light,No Flood
2018-09-05,Satara,Maharashtra,17.6805,73.9997,44.5,Heavy,25.4,77.8,Monsoon,0,Unknown,7,742,851.9,11.91,2704,High,2018,9,September,No Flood,Normal,Moderate,No Flood
2018-09-06,Jalgaon,Maharashtra,21.0077,75.5626,10.4,Moderate,26.2,84.0,Monsoon,0,Unknown,4,209,248.1,5.09,3209,Low,2018,9,September,No Flood,Normal,Light,No Flood
2018-09-06,Kolhapur,Maharashtra,16.705,74.2433,30.2,Moderate,26.1,86.8,Monsoon,0,Unknown,12,569,896.1,12.9,5786,High,2018,9,September,No Flood,Normal,Moderate,No Flood
2018-09-07,Satara,Maharashtra,17.6805,73.9997,32.0,Moderate,25.5,92.7,Monsoon,0,Unknown,7,742,600.4,10.2,2670,Moderate,2018,9,September,No Flood,Normal,Moderate,No Flood
2018-09-08,Sangli,Maharashtra,16.8524,74.5815,8.7,Moderate,26.7,91.9,Monsoon,0,Unknown,11,549,358.2,6.97,4902,Moderate,2018,9,September,No Flood,Normal,Light,No Flood
2018-09-08,Kolhapur,Maharashtra,16.705,74.2433,8.1,Moderate,22.5,73.3,Monsoon,0,Unknown,12,569,326.3,7.64,5783,Moderate,2018,9,September,No Flood,Normal,Light,No Flood
2018-09-08,Nagpur,Maharashtra,21.1458,79.0882,77.6,Very Heavy,25.6,99.0,Monsoon,1,Very High,6,310,1904.0,12.32,5070,Very High,2018,9,September,Flood,Extreme,Heavy,September
2018-09-08,Satara,Maharashtra,17.6805,73.9997,17.6,Moderate,25.2,94.0,Monsoon,0,Unknown,7,742,406.7,8.51,2697,Moderate,2018,9,September,No Flood,Normal,Light,No Flood
2018-09-08,Solapur,Maharashtra,17.6599,75.9064,11.0,Moderate,29.0,88.1,Monsoon,0,Unknown,5,458,251.3,5.52,3821,Low,2018,9,September,No Flood,Normal,Light,No Flood
2018-09-09,Panaji,Goa,15.4909,73.8278,0.0,No Rain,28.8,74.7,Monsoon,0,Unknown,7,7,216.8,1.74,2323,Low,2018,9,September,No Flood,Normal,No Rain,No Flood
2018-09-09,Pune,Maharashtra,18.5204,73.8567,0.0,No Rain,26.4,89.2,Monsoon,0,Unknown,9,560,194.1,4.25,9376,Low,2018,9,September,No Flood,Normal,No Rain,No Flood
2018-09-10,Belagavi,Karnataka,15.8497,74.4977,0.0,No Rain,26.1,79.3,Monsoon,0,Unknown,8,762,170.7,5.2,3129,Low,2018,9,September,No Flood,Normal,No Rain,No Flood
2018-09-10,Sangli,Maharashtra,16.8524,74.5815,0.0,No Rain,25.8,92.1,Monsoon,0,Unknown,11,549,255.0,5.63,4879,Low,2018,9,September,No Flood,Normal,No Rain,No Flood
2018-09-11,Satara,Maharashtra,17.6805,73.9997,50.6,Heavy,27.2,95.8,Monsoon,1,Very High,7,742,1207.4,14.45,2690,Very High,2018,9,September,Flood,Normal,Heavy,September
2018-09-11,Ratnagiri,Maharashtra,16.9902,73.312,246.1,Extreme,27.4,99.0,Monsoon,1,Very High,13,11,11190.7,7.97,1629,Very High,2018,9,September,Flood,Extreme,Extreme,September
2018-09-11,Raigad,Maharashtra,18.5158,73.1822,42.9,Heavy,23.0,84.1,Monsoon,1,High,14,45,1246.8,6.27,1815,Very High,2018,9,September,Flood,Normal,Moderate,September
2018-09-11,Pune,Maharashtra,18.5204,73.8567,37.3,Heavy,24.5,88.7,Monsoon,0,Unknown,9,560,912.1,9.86,9394,High,2018,9,September,No Flood,Normal,Moderate,No Flood
2018-09-13,Mumbai,Maharashtra,19.076,72.8777,57.4,Heavy,24.9,89.1,Monsoon,0,Unknown,18,8,1241.9,6.36,20976,Very High,2018,9,September,No Flood,Normal,Heavy,No Flood
2018-09-13,Sangli,Maharashtra,16.8524,74.5815,11.3,Moderate,27.3,97.5,Monsoon,0,Unknown,11,549,367.9,7.35,4888,Moderate,2018,9,September,No Flood,Normal,Light,No Flood
2018-09-13,Satara,Maharashtra,17.6805,73.9997,38.7,Heavy,25.2,94.0,Monsoon,1,High,7,742,834.1,11.64,2688,Very High,2018,9,September,Flood,Normal,Moderate,September
2018-09-13,Solapur,Maharashtra,17.6599,75.9064,111.1,Very Heavy,22.4,87.4,Monsoon,1,Very High,5,458,3993.7,13.05,3780,Very High,2018,9,September,Flood,Extreme,Very Heavy,September
2018-09-14,Nagpur,Maharashtra,21.1458,79.0882,0.0,No Rain,24.3,82.2,Monsoon,0,Unknown,6,310,183.2,3.89,5098,Low,2018,9,September,No Flood,Normal,No Rain,No Flood
2018-09-14,Nashik,Maharashtra,19.9975,73.7898,223.5,Extreme,26.7,99.0,Monsoon,1,Very High,6,600,12628.0,14.79,4116,Very High,2018,9,September,Flood,Extreme,Extreme,September
2018-09-15,Kolhapur,Maharashtra,16.705,74.2433,0.0,No Rain,22.9,85.4,Monsoon,0,Unknown,12,569,235.2,6.59,5803,Low,2018,9,September,No Flood,Normal,No Rain,No Flood
2018-09-15,Mumbai,Maharashtra,19.076,72.8777,60.7,Heavy,27.5,90.9,Monsoon,0,Unknown,18,8,1400.3,6.96,21013,Very High,2018,9,September,No Flood,Normal,Heavy,No Flood
2018-09-15,Panaji,Goa,15.4909,73.8278,17.4,Moderate,23.2,85.9,Monsoon,0,Unknown,7,7,434.4,3.31,2298,Moderate,2018,9,September,No Flood,Normal,Light,No Flood
2018-09-15,Sangli,Maharashtra,16.8524,74.5815,138.5,Extreme,27.3,99.0,Monsoon,1,Very High,11,549,5278.9,18.56,4897,Very High,2018,9,September,Flood,Extreme,Very Heavy,September
2018-09-16,Belagavi,Karnataka,15.8497,74.4977,0.0,No Rain,18.7,95.4,Monsoon,0,Unknown,8,762,180.2,5.4,3094,Low,2018,9,September,No Flood,Normal,No Rain,No Flood
2018-09-16,Satara,Maharashtra,17.6805,73.9997,47.8,Heavy,27.9,91.2,Monsoon,1,High,7,742,947.9,12.72,2699,Very High,2018,9,September,Flood,Normal,Moderate,September
2018-09-17,Mumbai,Maharashtra,19.076,72.8777,16.3,Moderate,27.4,85.3,Monsoon,0,Unknown,18,8,336.1,3.57,21029,Moderate,2018,9,September,No Flood,Normal,Light,No Flood
2018-09-18,Jalgaon,Maharashtra,21.0077,75.5626,6.4,Light,23.4,90.3,Monsoon,0,Unknown,4,209,194.8,4.27,3176,Low,2018,9,September,No Flood,Normal,Light,No Flood
2018-09-19,Satara,Maharashtra,17.6805,73.9997,101.9,Very Heavy,25.5,98.4,Monsoon,1,Very High,7,742,2805.2,15.95,2705,Very High,2018,9,September,Flood,Extreme,Very Heavy,September
2018-09-20,Satara,Maharashtra,17.6805,73.9997,53.3,Heavy,26.5,93.5,Monsoon,1,Very High,7,742,1429.2,15.95,2701,Very High,2018,9,September,Flood,Normal,Heavy,September
2018-09-20,Pune,Maharashtra,18.5204,73.8567,51.7,Heavy,27.0,99.0,Monsoon,1,Very High,9,560,1301.3,11.66,9425,Very High,2018,9,September,Flood,Normal,Heavy,September
2018-09-21,Kolhapur,Maharashtra,16.705,74.2433,0.0,No Rain,24.5,75.1,Monsoon,0,Unknown,12,569,240.1,6.76,5825,Low,2018,9,September,No Flood,Normal,No Rain,No Flood
2018-09-21,Kolhapur,Maharashtra,16.705,74.2433,0.0,No Rain,21.7,79.6,Monsoon,0,Unknown,12,569,218.1,6.28,5818,Low,2018,9,September,No Flood,Normal,No Rain,No Flood
2018-09-21,Pune,Maharashtra,18.5204,73.8567,0.0,No Rain,25.3,93.0,Monsoon,0,Unknown,9,560,198.0,4.55,9412,Low,2018,9,September,No Flood,Normal,No Rain,No Flood
2018-09-21,Pune,Maharashtra,18.5204,73.8567,25.1,Moderate,25.2,80.4,Monsoon,0,Unknown,9,560,593.4,7.9,9376,High,2018,9,September,No Flood,Normal,Moderate,No Flood
2018-09-21,Sangli,Maharashtra,16.8524,74.5815,196.1,Extreme,25.4,99.0,Monsoon,1,Very High,11,549,8742.1,18.56,4879,Very High,2018,9,September,Flood,Extreme,Very Heavy,September
2018-09-22,Raigad,Maharashtra,18.5158,73.1822,112.6,Very Heavy,30.4,99.0,Monsoon,1,Very High,14,45,3305.1,8.99,1782,Very High,2018,9,September,Flood,Extreme,Very Heavy,September
2018-09-22,Jalgaon,Maharashtra,21.0077,75.5626,9.0,Moderate,27.7,85.9,Monsoon,0,Unknown,4,209,226.0,5.24,3217,Low,2018,9,September,No Flood,Normal,Light,No Flood
2018-09-22,Mumbai,Maharashtra,19.076,72.8777,166.7,Extreme,27.7,99.0,Monsoon,1,Very High,18,8,6158.8,6.96,21007,Very High,2018,9,September,Flood,Extreme,Very Heavy,September
2018-09-22,Pune,Maharashtra,18.5204,73.8567,97.4,Very Heavy,24.4,99.0,Monsoon,1,Very High,9,560,3129.7,13.78,9377,Very High,2018,9,September,Flood,Extreme,Heavy,September
2018-09-22,Sangli,Maharashtra,16.8524,74.5815,96.5,Very Heavy,26.9,83.3,Monsoon,1,Very High,11,549,2415.4,18.56,4891,Very High,2018,9,September,Flood,Extreme,Heavy,September
2018-09-23,Kolhapur,Maharashtra,16.705,74.2433,13.8,Moderate,24.7,98.3,Monsoon,0,Unknown,12,569,449.5,9.55,5819,Moderate,2018,9,September,No Flood,Normal,Light,No Flood
2018-09-23,Sangli,Maharashtra,16.8524,74.5815,19.0,Moderate,22.5,90.3,Monsoon,0,Unknown,11,549,558.8,8.81,4915,Moderate,2018,9,September,No Flood,Normal,Light,No Flood
2018-09-24,Mumbai,Maharashtra,19.076,72.8777,0.0,No Rain,24.0,86.2,Monsoon,0,Unknown,18,8,133.7,2.51,21006,Low,2018,9,September,No Flood,Normal,No Rain,No Flood
2018-09-24,Raigad,Maharashtra,18.5158,73.1822,0.0,No Rain,28.3,85.3,Monsoon,0,Unknown,14,45,276.7,2.59,1797,Low,2018,9,September,No Flood,Normal,No Rain,No Flood
2018-09-25,Pune,Maharashtra,18.5204,73.8567,35.9,Heavy,27.9,88.1,Monsoon,0,Unknown,9,560,817.4,9.1,9406,High,2018,9,September,No Flood,Normal,Moderate,No Flood
2018-09-25,Sangli,Maharashtra,16.8524,74.5815,76.7,Very Heavy,24.3,96.2,Monsoon,0,Unknown,11,549,2082.2,17.26,4899,Very High,2018,9,September,No Flood,Extreme,Heavy,No Flood
2018-09-25,Mumbai,Maharashtra,19.076,72.8777,157.7,Extreme,30.4,99.0,Monsoon,1,Very High,18,8,7490.2,6.96,21011,Very High,2018,9,September,Flood,Extreme,Very Heavy,September
2018-09-26,Solapur,Maharashtra,17.6599,75.9064,41.4,Heavy,25.7,85.7,Monsoon,0,Unknown,5,458,1234.1,13.05,3816,High,2018,9,September,No Flood,Normal,Moderate,No Flood
2018-09-26,Panaji,Goa,15.4909,73.8278,5.7,Light,25.0,87.5,Monsoon,0,Unknown,7,7,274.2,2.38,2276,Low,2018,9,September,No Flood,Normal,Light,No Flood
2018-09-27,Kolhapur,Maharashtra,16.705,74.2433,4.8,Light,25.8,83.6,Monsoon,0,Unknown,12,569,232.8,6.58,5785,Low,2018,9,September,No Flood,Normal,Light,No Flood
2018-09-27,Mumbai,Maharashtra,19.076,72.8777,0.0,No Rain,23.5,79.9,Monsoon,0,Unknown,18,8,141.6,2.69,21003,Low,2018,9,September,No Flood,Normal,No Rain,No Flood
2018-09-27,Satara,Maharashtra,17.6805,73.9997,0.0,No Rain,21.1,84.6,Monsoon,0,Unknown,7,742,126.2,4.7,2700,Low,2018,9,September,No Flood,Normal,No Rain,No Flood
2018-09-28,Ratnagiri,Maharashtra,16.9902,73.312,21.0,Moderate,26.7,92.1,Monsoon,0,Unknown,13,11,632.5,4.52,1601,High,2018,9,September,No Flood,Normal,Moderate,No Flood
2018-09-29,Satara,Maharashtra,17.6805,73.9997,227.7,Extreme,25.0,99.0,Monsoon,1,Very High,7,742,8496.0,15.95,2682,Very High,2018,9,September,Flood,Extreme,Extreme,September
2018-09-29,Ratnagiri,Maharashtra,16.9902,73.312,0.0,No Rain,26.6,85.0,Monsoon,0,Unknown,13,11,236.3,2.75,1626,Low,2018,9,September,No Flood,Normal,No Rain,No Flood
2018-09-29,Ratnagiri,Maharashtra,16.9902,73.312,158.3,Extreme,30.1,95.0,Monsoon,1,Very High,13,11,5191.4,7.97,1575,Very High,2018,9,September,Flood,Extreme,Very Heavy,September
2018-09-29,Raigad,Maharashtra,18.5158,73.1822,0.0,No Rain,30.7,88.2,Monsoon,0,Unknown,14,45,282.7,3.03,1812,Moderate,2018,9,September,No Flood,Normal,No Rain,No Flood
2018-09-29,Kolhapur,Maharashtra,16.705,74.2433,10.1,Moderate,24.6,88.6,Monsoon,0,Unknown,12,569,370.2,8.23,5803,Moderate,2018,9,September,No Flood,Normal,Light,No Flood
2018-09-29,Kolhapur,Maharashtra,16.705,74.2433,33.8,Moderate,25.5,93.7,Monsoon,0,Unknown,12,569,701.2,11.26,5828,High,2018,9,September,No Flood,Normal,Moderate,No Flood
2018-09-29,Jalgaon,Maharashtra,21.0077,75.5626,17.2,Moderate,24.6,94.3,Monsoon,0,Unknown,4,209,303.6,5.9,3215,Moderate,2018,9,September,No Flood,Normal,Light,No Flood
2018-09-29,Nagpur,Maharashtra,21.1458,79.0882,13.5,Moderate,23.5,85.2,Monsoon,0,Unknown,6,310,341.5,5.06,5089,Moderate,2018,9,September,No Flood,Normal,Light,No Flood
2018-09-30,Raigad,Maharashtra,18.5158,73.1822,14.5,Moderate,25.3,80.8,Monsoon,0,Unknown,14,45,494.4,4.17,1802,Moderate,2018,9,September,No Flood,Normal,Light,No Flood
2018-10-01,Belagavi,Karnataka,15.8497,74.4977,0.0,No Rain,26.2,66.3,Post-Monsoon,0,Unknown,8,762,50.2,3.02,3113,Low,2018,10,October,No Flood,Normal,No Rain,No Flood
2018-10-01,Panaji,Goa,15.4909,73.8278,3.7,Light,28.3,70.0,Post-Monsoon,0,Unknown,7,7,115.4,1.55,2328,Low,2018,10,October,No Flood,Normal,Light,No Flood
2018-10-02,Jalgaon,Maharashtra,21.0077,75.5626,0.0,No Rain,24.6,55.5,Post-Monsoon,0,Unknown,4,209,38.3,1.52,3214,Low,2018,10,October,No Flood,Normal,No Rain,No Flood
2018-10-02,Satara,Maharashtra,17.6805,73.9997,20.6,Moderate,27.3,66.2,Post-Monsoon,0,Unknown,7,742,414.8,8.18,2676,Moderate,2018,10,October,No Flood,Normal,Moderate,No Flood
2018-10-03,Sangli,Maharashtra,16.8524,74.5815,0.0,No Rain,25.5,54.2,Post-Monsoon,0,Unknown,11,549,90.6,3.85,4911,Low,2018,10,October,No Flood,Normal,No Rain,No Flood
2018-10-04,Sangli,Maharashtra,16.8524,74.5815,0.0,No Rain,23.8,54.7,Post-Monsoon,0,Unknown,11,549,116.8,4.29,4911,Low,2018,10,October,No Flood,Normal,No Rain,No Flood
2018-10-07,Belagavi,Karnataka,15.8497,74.4977,0.0,No Rain,23.9,53.6,Post-Monsoon,0,Unknown,8,762,97.0,3.9,3116,Low,2018,10,October,No Flood,Normal,No Rain,No Flood
2018-10-07,Kolhapur,Maharashtra,16.705,74.2433,0.0,No Rain,28.7,74.2,Post-Monsoon,0,Unknown,12,569,89.3,3.67,5796,Low,2018,10,October,No Flood,Normal,No Rain,No Flood
2018-10-07,Pune,Maharashtra,18.5204,73.8567,0.0,No Rain,25.9,64.2,Post-Monsoon,0,Unknown,9,560,87.4,2.9,9372,Low,2018,10,October,No Flood,Normal,No Rain,No Flood
2018-10-10,Mumbai,Maharashtra,19.076,72.8777,0.0,No Rain,28.5,48.3,Post-Monsoon,0,Unknown,18,8,64.3,1.13,20995,Low,2018,10,October,No Flood,Normal,No Rain,No Flood
2018-10-12,Kolhapur,Maharashtra,16.705,74.2433,0.0,No Rain,24.3,63.8,Post-Monsoon,0,Unknown,12,569,72.6,3.73,5797,Low,2018,10,October,No Flood,Normal,No Rain,No Flood
2018-10-13,Belagavi,Karnataka,15.8497,74.4977,0.0,No Rain,17.1,59.1,Post-Monsoon,0,Unknown,8,762,61.2,3.02,3075,Low,2018,10,October,No Flood,Normal,No Rain,No Flood
2018-10-15,Panaji,Goa,15.4909,73.8278,6.0,Light,27.6,65.2,Post-Monsoon,0,Unknown,7,7,151.3,1.9,2274,Low,2018,10,October,No Flood,Normal,Light,No Flood
2018-10-15,Kolhapur,Maharashtra,16.705,74.2433,0.0,No Rain,24.6,59.7,Post-Monsoon,0,Unknown,12,569,86.6,4.11,5811,Low,2018,10,October,No Flood,Normal,No Rain,No Flood
2018-10-16,Mumbai,Maharashtra,19.076,72.8777,0.0,No Rain,27.1,56.6,Post-Monsoon,0,Unknown,18,8,40.3,1.05,20977,Low,2018,10,October,No Flood,Normal,No Rain,No Flood
2018-10-18,Kolhapur,Maharashtra,16.705,74.2433,0.0,No Rain,28.0,78.3,Post-Monsoon,0,Unknown,12,569,94.5,4.15,5829,Low,2018,10,October,No Flood,Normal,No Rain,No Flood
2018-10-18,Kolhapur,Maharashtra,16.705,74.2433,0.0,No Rain,22.7,69.7,Post-Monsoon,0,Unknown,12,569,64.1,3.37,5823,Low,2018,10,October,No Flood,Normal,No Rain,No Flood
2018-10-18,Raigad,Maharashtra,18.5158,73.1822,3.8,Light,25.0,60.0,Post-Monsoon,0,Unknown,14,45,133.1,2.11,1779,Low,2018,10,October,No Flood,Normal,Light,No Flood
2018-10-18,Satara,Maharashtra,17.6805,73.9997,0.0,No Rain,24.5,67.3,Post-Monsoon,0,Unknown,7,742,55.9,3.01,2675,Low,2018,10,October,No Flood,Normal,No Rain,No Flood
2018-10-19,Sangli,Maharashtra,16.8524,74.5815,0.0,No Rain,22.9,56.4,Post-Monsoon,0,Unknown,11,549,90.5,3.41,4902,Low,2018,10,October,No Flood,Normal,No Rain,No Flood
2018-10-20,Pune,Maharashtra,18.5204,73.8567,0.1,Light,29.0,74.9,Post-Monsoon,0,Unknown,9,560,53.3,2.18,9418,Low,2018,10,October,No Flood,Normal,Light,No Flood
2018-10-20,Jalgaon,Maharashtra,21.0077,75.5626,0.0,No Rain,26.7,72.6,Post-Monsoon,0,Unknown,4,209,25.1,1.46,3215,Low,2018,10,October,No Flood,Normal,No Rain,No Flood
2018-10-21,Ratnagiri,Maharashtra,16.9902,73.312,0.0,No Rain,25.5,62.7,Post-Monsoon,0,Unknown,13,11,80.3,1.4,1606,Low,2018,10,October,No Flood,Normal,No Rain,No Flood
2018-10-22,Kolhapur,Maharashtra,16.705,74.2433,0.0,No Rain,28.8,69.3,Post-Monsoon,0,Unknown,12,569,93.6,4.04,5802,Low,2018,10,October,No Flood,Normal,No Rain,No Flood
2018-10-23,Sangli,Maharashtra,16.8524,74.5815,0.0,No Rain,26.9,55.8,Post-Monsoon,0,Unknown,11,549,106.3,3.87,4877,Low,2018,10,October,No Flood,Normal,No Rain,No Flood
2018-10-24,Pune,Maharashtra,18.5204,73.8567,0.0,No Rain,26.8,57.9,Post-Monsoon,0,Unknown,9,560,67.9,2.83,9375,Low,2018,10,October,No Flood,Normal,No Rain,No Flood
2018-10-25,Raigad,Maharashtra,18.5158,73.1822,0.0,No Rain,29.3,71.0,Post-Monsoon,0,Unknown,14,45,126.3,1.92,1774,Low,2018,10,October,No Flood,Normal,No Rain,No Flood
2018-10-27,Belagavi,Karnataka,15.8497,74.4977,0.0,No Rain,27.4,53.9,Post-Monsoon,0,Unknown,8,762,71.5,3.7,3093,Low,2018,10,October,No Flood,Normal,No Rain,No Flood
2018-10-27,Sangli,Maharashtra,16.8524,74.5815,3.2,Light,24.5,64.3,Post-Monsoon,0,Unknown,11,549,159.2,4.71,4872,Low,2018,10,October,No Flood,Normal,Light,No Flood
2018-10-30,Kolhapur,Maharashtra,16.705,74.2433,0.0,No Rain,21.9,69.5,Post-Monsoon,0,Unknown,12,569,78.9,3.67,5794,Low,2018,10,October,No Flood,Normal,No Rain,No Flood
2018-10-30,Pune,Maharashtra,18.5204,73.8567,3.7,Light,23.9,67.3,Post-Monsoon,0,Unknown,9,560,135.0,3.75,9373,Low,2018,10,October,No Flood,Normal,Light,No Flood
2018-10-31,Kolhapur,Maharashtra,16.705,74.2433,0.0,No Rain,23.8,60.6,Post-Monsoon,0,Unknown,12,569,55.3,2.84,5787,Low,2018,10,October,No Flood,Normal,No Rain,No Flood
2018-10-31,Solapur,Maharashtra,17.6599,75.9064,0.0,No Rain,28.5,68.9,Post-Monsoon,0,Unknown,5,458,50.3,2.51,3829,Low,2018,10,October,No Flood,Normal,No Rain,No Flood
2018-11-01,Jalgaon,Maharashtra,21.0077,75.5626,0.0,No Rain,26.6,65.2,Post-Monsoon,0,Unknown,4,209,36.4,1.85,3212,Low,2018,11,November,No Flood,Normal,No Rain,No Flood
2018-11-02,Satara,Maharashtra,17.6805,73.9997,59.3,Heavy,27.3,50.9,Post-Monsoon,1,Very High,7,742,1160.9,13.96,2708,Very High,2018,11,November,Flood,Normal,Heavy,November
2018-11-04,Pune,Maharashtra,18.5204,73.8567,0.0,No Rain,29.9,79.4,Post-Monsoon,0,Unknown,9,560,80.0,2.86,9412,Low,2018,11,November,No Flood,Normal,No Rain,No Flood
2018-11-05,Sangli,Maharashtra,16.8524,74.5815,0.0,No Rain,25.0,60.8,Post-Monsoon,0,Unknown,11,549,104.1,3.56,4926,Low,2018,11,November,No Flood,Normal,No Rain,No Flood
2018-11-06,Jalgaon,Maharashtra,21.0077,75.5626,0.0,No Rain,25.5,66.5,Post-Monsoon,0,Unknown,4,209,52.7,2.48,3176,Low,2018,11,November,No Flood,Normal,No Rain,No Flood
2018-11-06,Nashik,Maharashtra,19.9975,73.7898,0.0,No Rain,23.8,60.1,Post-Monsoon,0,Unknown,6,600,82.3,3.23,4116,Low,2018,11,November,No Flood,Normal,No Rain,No Flood
2018-11-07,Mumbai,Maharashtra,19.076,72.8777,1.3,Light,29.6,62.7,Post-Monsoon,0,Unknown,18,8,50.8,1.01,20987,Low,2018,11,November,No Flood,Normal,Light,No Flood
2018-11-08,Panaji,Goa,15.4909,73.8278,0.0,No Rain,30.2,55.9,Post-Monsoon,0,Unknown,7,7,77.7,0.99,2312,Low,2018,11,November,No Flood,Normal,No Rain,No Flood
2018-11-10,Pune,Maharashtra,18.5204,73.8567,0.0,No Rain,28.7,75.6,Post-Monsoon,0,Unknown,9,560,63.1,2.76,9378,Low,2018,11,November,No Flood,Normal,No Rain,No Flood
2018-11-11,Satara,Maharashtra,17.6805,73.9997,2.0,Light,26.1,56.9,Post-Monsoon,0,Unknown,7,742,43.8,2.19,2689,Low,2018,11,November,No Flood,Normal,Light,No Flood
2018-11-11,Kolhapur,Maharashtra,16.705,74.2433,0.0,No Rain,23.5,64.7,Post-Monsoon,0,Unknown,12,569,84.0,3.96,5791,Low,2018,11,November,No Flood,Normal,No Rain,No Flood
2018-11-12,Mumbai,Maharashtra,19.076,72.8777,0.0,No Rain,24.8,64.7,Post-Monsoon,0,Unknown,18,8,76.0,1.86,20983,Low,2018,11,November,No Flood,Normal,No Rain,No Flood
2018-11-12,Sangli,Maharashtra,16.8524,74.5815,0.0,No Rain,23.9,66.5,Post-Monsoon,0,Unknown,11,549,61.7,3.32,4888,Low,2018,11,November,No Flood,Normal,No Rain,No Flood
2018-11-13,Sangli,Maharashtra,16.8524,74.5815,0.0,No Rain,26.8,61.3,Post-Monsoon,0,Unknown,11,549,93.6,3.67,4907,Low,2018,11,November,No Flood,Normal,No Rain,No Flood
2018-11-14,Sangli,Maharashtra,16.8524,74.5815,3.5,Light,25.2,58.8,Post-Monsoon,0,Unknown,11,549,145.9,4.14,4879,Low,2018,11,November,No Flood,Normal,Light,No Flood
2018-11-15,Ratnagiri,Maharashtra,16.9902,73.312,0.0,No Rain,31.3,60.8,Post-Monsoon,0,Unknown,13,11,76.5,1.56,1576,Low,2018,11,November,No Flood,Normal,No Rain,No Flood
2018-11-16,Raigad,Maharashtra,18.5158,73.1822,0.0,No Rain,27.2,59.4,Post-Monsoon,0,Unknown,14,45,84.1,1.66,1797,Low,2018,11,November,No Flood,Normal,No Rain,No Flood
2018-11-16,Satara,Maharashtra,17.6805,73.9997,0.0,No Rain,20.4,61.9,Post-Monsoon,0,Unknown,7,742,60.9,3.06,2679,Low,2018,11,November,No Flood,Normal,No Rain,No Flood
2018-11-17,Mumbai,Maharashtra,19.076,72.8777,4.3,Light,30.1,74.3,Post-Monsoon,0,Unknown,18,8,99.0,1.64,21024,Low,2018,11,November,No Flood,Normal,Light,No Flood
2018-11-17,Jalgaon,Maharashtra,21.0077,75.5626,9.1,Moderate,28.0,54.4,Post-Monsoon,0,Unknown,4,209,115.5,3.4,3176,Low,2018,11,November,No Flood,Normal,Light,No Flood
2018-11-18,Sangli,Maharashtra,16.8524,74.5815,16.5,Moderate,28.9,61.0,Post-Monsoon,0,Unknown,11,549,319.8,6.33,4929,Low,2018,11,November,No Flood,Normal,Light,No Flood
2018-11-20,Mumbai,Maharashtra,19.076,72.8777,0.0,No Rain,31.3,59.0,Post-Monsoon,0,Unknown,18,8,75.1,1.1,20975,Low,2018,11,November,No Flood,Normal,No Rain,No Flood
2018-11-20,Sangli,Maharashtra,16.8524,74.5815,1.3,Light,27.7,58.5,Post-Monsoon,0,Unknown,11,549,97.3,3.97,4900,Low,2018,11,November,No Flood,Normal,Light,No Flood
2018-11-21,Mumbai,Maharashtra,19.076,72.8777,4.6,Light,25.9,71.0,Post-Monsoon,0,Unknown,18,8,81.4,2.02,21017,Low,2018,11,November,No Flood,Normal,Light,No Flood
2018-11-21,Sangli,Maharashtra,16.8524,74.5815,0.5,Light,25.9,71.2,Post-Monsoon,0,Unknown,11,549,113.5,4.01,4929,Low,2018,11,November,No Flood,Normal,Light,No Flood
2018-11-22,Raigad,Maharashtra,18.5158,73.1822,0.0,No Rain,30.1,58.0,Post-Monsoon,0,Unknown,14,45,119.8,2.06,1810,Low,2018,11,November,No Flood,Normal,No Rain,No Flood
2018-11-22,Kolhapur,Maharashtra,16.705,74.2433,34.7,Moderate,30.7,63.5,Post-Monsoon,0,Unknown,12,569,922.0,13.56,5800,High,2018,11,November,No Flood,Normal,Moderate,No Flood
2018-11-23,Belagavi,Karnataka,15.8497,74.4977,0.0,No Rain,26.5,55.0,Post-Monsoon,0,Unknown,8,762,67.2,3.07,3083,Low,2018,11,November,No Flood,Normal,No Rain,No Flood
2018-11-24,Raigad,Maharashtra,18.5158,73.1822,0.0,No Rain,27.3,64.9,Post-Monsoon,0,Unknown,14,45,108.0,2.01,1780,Low,2018,11,November,No Flood,Normal,No Rain,No Flood
2018-11-25,Nagpur,Maharashtra,21.1458,79.0882,3.3,Light,21.4,64.8,Post-Monsoon,0,Unknown,6,310,110.8,2.92,5092,Low,2018,11,November,No Flood,Normal,Light,No Flood
2018-11-26,Kolhapur,Maharashtra,16.705,74.2433,5.9,Light,22.5,58.1,Post-Monsoon,0,Unknown,12,569,142.5,5.38,5803,Low,2018,11,November,No Flood,Normal,Light,No Flood
2018-11-27,Kolhapur,Maharashtra,16.705,74.2433,5.8,Light,22.5,71.1,Post-Monsoon,0,Unknown,12,569,159.5,5.18,5794,Low,2018,11,November,No Flood,Normal,Light,No Flood
2018-11-27,Kolhapur,Maharashtra,16.705,74.2433,0.0,No Rain,23.8,77.4,Post-Monsoon,0,Unknown,12,569,68.8,3.75,5770,Low,2018,11,November,No Flood,Normal,No Rain,No Flood
2018-11-27,Raigad,Maharashtra,18.5158,73.1822,17.3,Moderate,27.6,68.6,Post-Monsoon,0,Unknown,14,45,270.8,2.63,1789,Moderate,2018,11,November,No Flood,Normal,Light,No Flood
2018-11-28,Sangli,Maharashtra,16.8524,74.5815,2.1,Light,26.1,69.9,Post-Monsoon,0,Unknown,11,549,119.3,4.04,4888,Low,2018,11,November,No Flood,Normal,Light,No Flood
2018-11-29,Mumbai,Maharashtra,19.076,72.8777,57.4,Heavy,25.5,59.0,Post-Monsoon,1,Very High,18,8,1738.8,6.96,20984,Very High,2018,11,November,Flood,Normal,Heavy,November
2018-11-29,Mumbai,Maharashtra,19.076,72.8777,0.0,No Rain,27.5,79.3,Post-Monsoon,0,Unknown,18,8,28.6,0.8,21026,Low,2018,11,November,No Flood,Normal,No Rain,No Flood
2018-11-29,Panaji,Goa,15.4909,73.8278,0.0,No Rain,30.7,70.5,Post-Monsoon,0,Unknown,7,7,67.1,0.8,2302,Low,2018,11,November,No Flood,Normal,No Rain,No Flood
2018-11-29,Sangli,Maharashtra,16.8524,74.5815,56.6,Heavy,28.1,77.2,Post-Monsoon,1,Very High,11,549,1647.4,15.9,4873,Very High,2018,11,November,Flood,Normal,Heavy,November
2018-11-30,Sangli,Maharashtra,16.8524,74.5815,54.3,Heavy,23.6,56.8,Post-Monsoon,1,Very High,11,549,1513.5,15.74,4888,Very High,2018,11,November,Flood,Normal,Heavy,November
2018-11-30,Nashik,Maharashtra,19.9975,73.7898,0.0,No Rain,23.1,72.7,Post-Monsoon,0,Unknown,6,600,36.7,1.75,4083,Low,2018,11,November,No Flood,Normal,No Rain,No Flood
2018-11-30,Mumbai,Maharashtra,19.076,72.8777,0.0,No Rain,22.7,70.8,Post-Monsoon,0,Unknown,18,8,74.4,1.18,21025,Low,2018,11,November,No Flood,Normal,No Rain,No Flood
2018-11-30,Kolhapur,Maharashtra,16.705,74.2433,0.8,Light,28.0,66.9,Post-Monsoon,0,Unknown,12,569,94.7,4.49,5818,Low,2018,11,November,No Flood,Normal,Light,No Flood
2018-12-03,Ratnagiri,Maharashtra,16.9902,73.312,0.0,No Rain,26.8,60.9,Winter,0,Unknown,13,11,114.8,1.82,1605,Low,2018,12,December,No Flood,Normal,No Rain,No Flood
2018-12-06,Kolhapur,Maharashtra,16.705,74.2433,1.3,Light,26.2,70.2,Winter,0,Unknown,12,569,96.8,4.29,5821,Low,2018,12,December,No Flood,Normal,Light,No Flood
2018-12-06,Mumbai,Maharashtra,19.076,72.8777,0.0,No Rain,26.7,56.0,Winter,0,Unknown,18,8,47.8,1.66,20992,Low,2018,12,December,No Flood,Normal,No Rain,No Flood
2018-12-07,Pune,Maharashtra,18.5204,73.8567,0.0,No Rain,27.7,54.3,Winter,0,Unknown,9,560,79.1,2.77,9408,Low,2018,12,December,No Flood,Normal,No Rain,No Flood
2018-12-09,Satara,Maharashtra,17.6805,73.9997,5.8,Light,23.9,64.8,Winter,0,Unknown,7,742,140.7,4.94,2692,Low,2018,12,December,No Flood,Normal,Light,No Flood
2018-12-11,Belagavi,Karnataka,15.8497,74.4977,0.0,No Rain,25.3,65.4,Winter,0,Unknown,8,762,61.3,2.91,3100,Low,2018,12,December,No Flood,Normal,No Rain,No Flood
2018-12-11,Nashik,Maharashtra,19.9975,73.7898,0.0,No Rain,26.5,74.3,Winter,0,Unknown,6,600,72.5,2.92,4112,Low,2018,12,December,No Flood,Normal,No Rain,No Flood
2018-12-14,Pune,Maharashtra,18.5204,73.8567,0.0,No Rain,21.1,76.8,Winter,0,Unknown,9,560,82.4,2.65,9420,Low,2018,12,December,No Flood,Normal,No Rain,No Flood
2018-12-17,Mumbai,Maharashtra,19.076,72.8777,0.0,No Rain,31.8,61.8,Winter,0,Unknown,18,8,84.7,2.0,20981,Low,2018,12,December,No Flood,Normal,No Rain,No Flood
2018-12-17,Ratnagiri,Maharashtra,16.9902,73.312,1.3,Light,27.1,60.7,Winter,0,Unknown,13,11,102.3,2.08,1595,Low,2018,12,December,No Flood,Normal,Light,No Flood
2018-12-19,Ratnagiri,Maharashtra,16.9902,73.312,0.0,No Rain,30.8,65.2,Winter,0,Unknown,13,11,107.1,1.54,1600,Low,2018,12,December,No Flood,Normal,No Rain,No Flood
2018-12-19,Sangli,Maharashtra,16.8524,74.5815,0.0,No Rain,28.0,64.2,Winter,0,Unknown,11,549,89.3,3.69,4922,Low,2018,12,December,No Flood,Normal,No Rain,No Flood
2018-12-21,Mumbai,Maharashtra,19.076,72.8777,0.0,No Rain,26.9,69.8,Winter,0,Unknown,18,8,32.8,1.12,21003,Low,2018,12,December,No Flood,Normal,No Rain,No Flood
2018-12-23,Jalgaon,Maharashtra,21.0077,75.5626,0.0,No Rain,25.7,56.2,Winter,0,Unknown,4,209,56.9,2.38,3192,Low,2018,12,December,No Flood,Normal,No Rain,No Flood
2018-12-27,Kolhapur,Maharashtra,16.705,74.2433,1.8,Light,29.4,74.2,Winter,0,Unknown,12,569,87.1,3.58,5774,Low,2018,12,December,No Flood,Normal,Light,No Flood
2018-12-27,Nashik,Maharashtra,19.9975,73.7898,5.1,Light,21.9,61.7,Winter,0,Unknown,6,600,113.7,3.35,4107,Low,2018,12,December,No Flood,Normal,Light,No Flood
2018-12-27,Ratnagiri,Maharashtra,16.9902,73.312,0.0,No Rain,27.6,82.5,Winter,0,Unknown,13,11,108.7,1.65,1607,Low,2018,12,December,No Flood,Normal,No Rain,No Flood
2018-12-29,Solapur,Maharashtra,17.6599,75.9064,0.0,No Rain,25.1,59.2,Winter,0,Unknown,5,458,15.0,1.17,3793,Low,2018,12,December,No Flood,Normal,No Rain,No Flood
2018-12-30,Nagpur,Maharashtra,21.1458,79.0882,0.0,No Rain,27.4,67.8,Winter,0,Unknown,6,310,70.3,2.53,5082,Low,2018,12,December,No Flood,Normal,No Rain,No Flood
2019-01-02,Kolhapur,Maharashtra,16.705,74.2433,0.0,No Rain,19.4,54.7,Winter,0,Unknown,12,569,99.0,4.03,5866,Low,2019,1,January,No Flood,Normal,No Rain,No Flood
2019-01-04,Jalgaon,Maharashtra,21.0077,75.5626,0.0,No Rain,16.8,44.6,Winter,0,Unknown,4,209,54.0,2.57,3234,Low,2019,1,January,No Flood,Normal,No Rain,No Flood
2019-01-05,Raigad,Maharashtra,18.5158,73.1822,0.0,No Rain,20.5,43.3,Winter,0,Unknown,14,45,84.4,1.09,1807,Low,2019,1,January,No Flood,Normal,No Rain,No Flood
2019-01-05,Ratnagiri,Maharashtra,16.9902,73.312,0.0,No Rain,22.0,45.1,Winter,0,Unknown,13,11,90.3,1.77,1608,Low,2019,1,January,No Flood,Normal,No Rain,No Flood
2019-01-08,Mumbai,Maharashtra,19.076,72.8777,0.0,No Rain,17.8,50.1,Winter,0,Unknown,18,8,41.0,1.43,21239,Low,2019,1,January,No Flood,Normal,No Rain,No Flood
2019-01-08,Satara,Maharashtra,17.6805,73.9997,0.0,No Rain,23.5,48.6,Winter,0,Unknown,7,742,53.6,2.66,2746,Low,2019,1,January,No Flood,Normal,No Rain,No Flood
2019-01-10,Mumbai,Maharashtra,19.076,72.8777,0.0,No Rain,19.4,35.0,Winter,0,Unknown,18,8,54.6,1.1,21236,Low,2019,1,January,No Flood,Normal,No Rain,No Flood
2019-01-14,Kolhapur,Maharashtra,16.705,74.2433,0.0,No Rain,21.4,42.9,Winter,0,Unknown,12,569,85.9,4.03,5857,Low,2019,1,January,No Flood,Normal,No Rain,No Flood
2019-01-15,Kolhapur,Maharashtra,16.705,74.2433,0.0,No Rain,16.1,47.0,Winter,0,Unknown,12,569,67.1,3.28,5855,Low,2019,1,January,No Flood,Normal,No Rain,No Flood
2019-01-16,Nashik,Maharashtra,19.9975,73.7898,0.0,No Rain,20.0,56.5,Winter,0,Unknown,6,600,89.4,3.22,4145,Low,2019,1,January,No Flood,Normal,No Rain,No Flood
2019-01-19,Kolhapur,Maharashtra,16.705,74.2433,0.0,No Rain,16.0,40.0,Winter,0,Unknown,12,569,126.0,4.49,5846,Low,2019,1,January,No Flood,Normal,No Rain,No Flood
2019-01-19,Satara,Maharashtra,17.6805,73.9997,0.0,No Rain,21.7,35.7,Winter,0,Unknown,7,742,41.6,2.73,2760,Low,2019,1,January,No Flood,Normal,No Rain,No Flood
2019-01-20,Nagpur,Maharashtra,21.1458,79.0882,0.0,No Rain,19.2,39.1,Winter,0,Unknown,6,310,82.1,2.69,5167,Low,2019,1,January,No Flood,Normal,No Rain,No Flood
2019-01-21,Raigad,Maharashtra,18.5158,73.1822,0.0,No Rain,19.2,47.6,Winter,0,Unknown,14,45,123.7,2.21,1847,Low,2019,1,January,No Flood,Normal,No Rain,No Flood
2019-01-23,Belagavi,Karnataka,15.8497,74.4977,0.0,No Rain,21.6,39.4,Winter,0,Unknown,8,762,87.5,3.93,3118,Low,2019,1,January,No Flood,Normal,No Rain,No Flood
2019-01-23,Pune,Maharashtra,18.5204,73.8567,0.0,No Rain,20.4,38.1,Winter,0,Unknown,9,560,63.8,2.61,9483,Low,2019,1,January,No Flood,Normal,No Rain,No Flood
2019-01-25,Nashik,Maharashtra,19.9975,73.7898,0.0,No Rain,17.7,35.4,Winter,0,Unknown,6,600,70.2,3.11,4130,Low,2019,1,January,No Flood,Normal,No Rain,No Flood
2019-01-25,Pune,Maharashtra,18.5204,73.8567,0.0,No Rain,23.5,51.7,Winter,0,Unknown,9,560,103.3,2.91,9524,Low,2019,1,January,No Flood,Normal,No Rain,No Flood
2019-01-28,Satara,Maharashtra,17.6805,73.9997,0.0,No Rain,16.8,56.9,Winter,0,Unknown,7,742,98.5,3.91,2717,Low,2019,1,January,No Flood,Normal,No Rain,No Flood
2019-01-29,Mumbai,Maharashtra,19.076,72.8777,0.0,No Rain,15.9,47.7,Winter,0,Unknown,18,8,48.0,1.03,21243,Low,2019,1,January,No Flood,Normal,No Rain,No Flood
2019-01-31,Mumbai,Maharashtra,19.076,72.8777,0.0,No Rain,25.1,50.1,Winter,0,Unknown,18,8,33.5,0.8,21228,Low,2019,1,January,No Flood,Normal,No Rain,No Flood
2019-02-02,Ratnagiri,Maharashtra,16.9902,73.312,6.9,Light,17.4,50.2,Winter,0,Unknown,13,11,185.5,1.91,1608,Low,2019,2,February,No Flood,Normal,Light,No Flood
2019-02-03,Satara,Maharashtra,17.6805,73.9997,0.0,No Rain,18.6,46.1,Winter,0,Unknown,7,742,64.8,3.46,2712,Low,2019,2,February,No Flood,Normal,No Rain,No Flood
2019-02-06,Kolhapur,Maharashtra,16.705,74.2433,0.0,No Rain,17.1,59.6,Winter,0,Unknown,12,569,77.4,3.99,5887,Low,2019,2,February,No Flood,Normal,No Rain,No Flood
2019-02-06,Panaji,Goa,15.4909,73.8278,0.0,No Rain,16.7,46.4,Winter,0,Unknown,7,7,53.2,1.35,2344,Low,2019,2,February,No Flood,Normal,No Rain,No Flood
2019-02-10,Ratnagiri,Maharashtra,16.9902,73.312,0.0,No Rain,22.4,57.7,Winter,0,Unknown,13,11,99.0,1.89,1637,Low,2019,2,February,No Flood,Normal,No Rain,No Flood
2019-02-11,Pune,Maharashtra,18.5204,73.8567,0.0,No Rain,18.8,45.6,Winter,0,Unknown,9,560,99.3,3.12,9524,Low,2019,2,February,No Flood,Normal,No Rain,No Flood
2019-02-11,Sangli,Maharashtra,16.8524,74.5815,0.0,No Rain,13.4,47.5,Winter,0,Unknown,11,549,116.8,4.59,4968,Low,2019,2,February,No Flood,Normal,No Rain,No Flood
2019-02-12,Nashik,Maharashtra,19.9975,73.7898,0.0,No Rain,23.7,44.6,Winter,0,Unknown,6,600,70.9,3.16,4177,Low,2019,2,February,No Flood,Normal,No Rain,No Flood
2019-02-13,Pune,Maharashtra,18.5204,73.8567,0.0,No Rain,15.8,47.7,Winter,0,Unknown,9,560,81.4,2.38,9537,Low,2019,2,February,No Flood,Normal,No Rain,No Flood
2019-02-15,Sangli,Maharashtra,16.8524,74.5815,0.0,No Rain,20.2,42.5,Winter,0,Unknown,11,549,89.6,3.5,4951,Low,2019,2,February,No Flood,Normal,No Rain,No Flood
2019-02-16,Panaji,Goa,15.4909,73.8278,0.0,No Rain,23.1,65.6,Winter,0,Unknown,7,7,61.9,1.09,2319,Low,2019,2,February,No Flood,Normal,No Rain,No Flood
2019-02-17,Raigad,Maharashtra,18.5158,73.1822,0.0,No Rain,16.1,38.9,Winter,0,Unknown,14,45,116.3,1.81,1826,Low,2019,2,February,No Flood,Normal,No Rain,No Flood
2019-02-18,Kolhapur,Maharashtra,16.705,74.2433,0.0,No Rain,17.8,33.0,Winter,0,Unknown,12,569,90.4,3.87,5896,Low,2019,2,February,No Flood,Normal,No Rain,No Flood
2019-02-18,Raigad,Maharashtra,18.5158,73.1822,0.0,No Rain,19.5,46.9,Winter,0,Unknown,14,45,108.0,2.11,1827,Low,2019,2,February,No Flood,Normal,No Rain,No Flood
2019-02-18,Sangli,Maharashtra,16.8524,74.5815,0.0,No Rain,19.3,38.9,Winter,0,Unknown,11,549,86.3,3.53,4928,Low,2019,2,February,No Flood,Normal,No Rain,No Flood
2019-02-21,Nashik,Maharashtra,19.9975,73.7898,0.0,No Rain,18.6,48.2,Winter,0,Unknown,6,600,39.8,2.18,4125,Low,2019,2,February,No Flood,Normal,No Rain,No Flood
2019-02-22,Mumbai,Maharashtra,19.076,72.8777,0.0,No Rain,16.8,44.3,Winter,0,Unknown,18,8,71.3,1.07,21250,Low,2019,2,February,No Flood,Normal,No Rain,No Flood
2019-02-24,Ratnagiri,Maharashtra,16.9902,73.312,0.0,No Rain,23.6,55.2,Winter,0,Unknown,13,11,84.8,1.67,1599,Low,2019,2,February,No Flood,Normal,No Rain,No Flood
2019-02-25,Pune,Maharashtra,18.5204,73.8567,0.0,No Rain,18.8,39.9,Winter,0,Unknown,9,560,70.7,2.14,9532,Low,2019,2,February,No Flood,Normal,No Rain,No Flood
2019-02-27,Belagavi,Karnataka,15.8497,74.4977,0.0,No Rain,20.0,45.8,Winter,0,Unknown,8,762,67.1,3.5,3109,Low,2019,2,February,No Flood,Normal,No Rain,No Flood
2019-02-28,Pune,Maharashtra,18.5204,73.8567,0.0,No Rain,19.9,54.3,Winter,0,Unknown,9,560,82.9,2.45,9539,Low,2019,2,February,No Flood,Normal,No Rain,No Flood
2019-03-01,Ratnagiri,Maharashtra,16.9902,73.312,0.0,No Rain,36.3,48.4,Summer,0,Unknown,13,11,83.7,1.09,1648,Low,2019,3,March,No Flood,Normal,No Rain,No Flood
2019-03-03,Solapur,Maharashtra,17.6599,75.9064,0.0,No Rain,35.2,35.3,Summer,0,Unknown,5,458,62.8,3.1,3863,Low,2019,3,March,No Flood,Normal,No Rain,No Flood
2019-03-05,Satara,Maharashtra,17.6805,73.9997,5.3,Light,30.2,34.9,Summer,0,Unknown,7,742,92.1,3.46,2704,Low,2019,3,March,No Flood,Normal,Light,No Flood
2019-03-06,Kolhapur,Maharashtra,16.705,74.2433,0.0,No Rain,30.6,53.0,Summer,0,Unknown,12,569,102.3,4.15,5890,Low,2019,3,March,No Flood,Normal,No Rain,No Flood
2019-03-08,Ratnagiri,Maharashtra,16.9902,73.312,0.0,No Rain,38.6,55.6,Summer,0,Unknown,13,11,105.1,1.6,1624,Low,2019,3,March,No Flood,Normal,No Rain,No Flood
2019-03-09,Satara,Maharashtra,17.6805,73.9997,0.0,No Rain,29.0,38.1,Summer,0,Unknown,7,742,54.8,2.9,2748,Low,2019,3,March,No Flood,Normal,No Rain,No Flood
2019-03-09,Mumbai,Maharashtra,19.076,72.8777,0.0,No Rain,28.0,34.2,Summer,0,Unknown,18,8,66.1,0.98,21223,Low,2019,3,March,No Flood,Normal,No Rain,No Flood
2019-03-10,Sangli,Maharashtra,16.8524,74.5815,0.0,No Rain,32.8,40.9,Summer,0,Unknown,11,549,116.8,4.22,4940,Low,2019,3,March,No Flood,Normal,No Rain,No Flood
2019-03-15,Mumbai,Maharashtra,19.076,72.8777,1.3,Light,37.0,40.2,Summer,0,Unknown,18,8,35.3,1.27,21273,Low,2019,3,March,No Flood,Normal,Light,No Flood
2019-03-15,Pune,Maharashtra,18.5204,73.8567,14.3,Moderate,34.6,47.6,Summer,0,Unknown,9,560,215.3,4.57,9524,Moderate,2019,3,March,No Flood,Normal,Light,No Flood
2019-03-16,Kolhapur,Maharashtra,16.705,74.2433,0.0,No Rain,34.1,42.2,Summer,0,Unknown,12,569,68.0,3.35,5856,Low,2019,3,March,No Flood,Normal,No Rain,No Flood
2019-03-17,Raigad,Maharashtra,18.5158,73.1822,0.0,No Rain,32.1,38.6,Summer,0,Unknown,14,45,115.4,1.88,1810,Low,2019,3,March,No Flood,Normal,No Rain,No Flood
2019-03-23,Satara,Maharashtra,17.6805,73.9997,0.0,No Rain,30.9,37.9,Summer,0,Unknown,7,742,79.7,3.4,2756,Low,2019,3,March,No Flood,Normal,No Rain,No Flood
2019-03-24,Pune,Maharashtra,18.5204,73.8567,0.0,No Rain,36.2,41.1,Summer,0,Unknown,9,560,89.4,2.86,9491,Low,2019,3,March,No Flood,Normal,No Rain,No Flood
2019-03-25,Ratnagiri,Maharashtra,16.9902,73.312,0.0,No Rain,32.3,40.4,Summer,0,Unknown,13,11,98.3,1.87,1633,Low,2019,3,March,No Flood,Normal,No Rain,No Flood
2019-03-26,Nashik,Maharashtra,19.9975,73.7898,0.0,No Rain,34.8,40.1,Summer,0,Unknown,6,600,79.1,3.03,4145,Low,2019,3,March,No Flood,Normal,No Rain,No Flood
2019-03-27,Satara,Maharashtra,17.6805,73.9997,0.0,No Rain,31.0,26.7,Summer,0,Unknown,7,742,76.5,3.39,2744,Low,2019,3,March,No Flood,Normal,No Rain,No Flood
2019-03-29,Kolhapur,Maharashtra,16.705,74.2433,0.0,No Rain,37.9,48.4,Summer,0,Unknown,12,569,82.9,3.23,5865,Low,2019,3,March,No Flood,Normal,No Rain,No Flood
2019-03-29,Pune,Maharashtra,18.5204,73.8567,2.1,Light,30.3,39.3,Summer,0,Unknown,9,560,91.6,2.9,9532,Low,2019,3,March,No Flood,Normal,Light,No Flood
2019-03-30,Satara,Maharashtra,17.6805,73.9997,0.0,No Rain,35.4,43.0,Summer,0,Unknown,7,742,63.7,2.83,2731,Low,2019,3,March,No Flood,Normal,No Rain,No Flood
2019-03-31,Belagavi,Karnataka,15.8497,74.4977,0.4,Light,34.0,46.9,Summer,0,Unknown,8,762,58.8,3.17,3150,Low,2019,3,March,No Flood,Normal,Light,No Flood
2019-04-05,Mumbai,Maharashtra,19.076,72.8777,0.0,No Rain,36.3,55.3,Summer,0,Unknown,18,8,59.2,0.8,21256,Low,2019,4,April,No Flood,Normal,No Rain,No Flood
2019-04-07,Mumbai,Maharashtra,19.076,72.8777,0.0,No Rain,37.5,38.5,Summer,0,Unknown,18,8,55.0,1.33,21229,Low,2019,4,April,No Flood,Normal,No Rain,No Flood
2019-04-10,Satara,Maharashtra,17.6805,73.9997,0.0,No Rain,31.7,38.7,Summer,0,Unknown,7,742,47.1,2.66,2705,Low,2019,4,April,No Flood,Normal,No Rain,No Flood
2019-04-13,Satara,Maharashtra,17.6805,73.9997,0.0,No Rain,33.9,31.2,Summer,0,Unknown,7,742,70.5,3.8,2717,Low,2019,4,April,No Flood,Normal,No Rain,No Flood
2019-04-13,Sangli,Maharashtra,16.8524,74.5815,0.0,No Rain,37.0,39.4,Summer,0,Unknown,11,549,100.9,3.14,4933,Low,2019,4,April,No Flood,Normal,No Rain,No Flood
2019-04-13,Belagavi,Karnataka,15.8497,74.4977,0.0,No Rain,36.8,38.3,Summer,0,Unknown,8,762,81.2,3.53,3139,Low,2019,4,April,No Flood,Normal,No Rain,No Flood
2019-04-13,Panaji,Goa,15.4909,73.8278,0.0,No Rain,31.1,27.8,Summer,0,Unknown,7,7,59.5,1.27,2305,Low,2019,4,April,No Flood,Normal,No Rain,No Flood
2019-04-14,Kolhapur,Maharashtra,16.705,74.2433,11.5,Moderate,35.8,37.6,Summer,0,Unknown,12,569,200.8,5.53,5894,Moderate,2019,4,April,No Flood,Normal,Light,No Flood
2019-04-15,Pune,Maharashtra,18.5204,73.8567,0.0,No Rain,29.9,37.7,Summer,0,Unknown,9,560,84.0,3.13,9505,Low,2019,4,April,No Flood,Normal,No Rain,No Flood
2019-04-16,Nashik,Maharashtra,19.9975,73.7898,0.0,No Rain,37.4,51.0,Summer,0,Unknown,6,600,55.6,2.65,4140,Low,2019,4,April,No Flood,Normal,No Rain,No Flood
2019-04-17,Sangli,Maharashtra,16.8524,74.5815,0.0,No Rain,34.4,38.0,Summer,0,Unknown,11,549,95.6,3.86,4930,Low,2019,4,April,No Flood,Normal,No Rain,No Flood
2019-04-18,Nagpur,Maharashtra,21.1458,79.0882,0.0,No Rain,37.5,30.3,Summer,0,Unknown,6,310,76.6,2.52,5175,Low,2019,4,April,No Flood,Normal,No Rain,No Flood
2019-04-18,Sangli,Maharashtra,16.8524,74.5815,0.0,No Rain,33.1,38.6,Summer,0,Unknown,11,549,85.9,2.87,4980,Low,2019,4,April,No Flood,Normal,No Rain,No Flood
2019-04-19,Raigad,Maharashtra,18.5158,73.1822,0.0,No Rain,33.0,38.9,Summer,0,Unknown,14,45,95.3,1.64,1847,Low,2019,4,April,No Flood,Normal,No Rain,No Flood
2019-04-19,Mumbai,Maharashtra,19.076,72.8777,0.0,No Rain,35.9,36.8,Summer,0,Unknown,18,8,50.9,2.06,21235,Low,2019,4,April,No Flood,Normal,No Rain,No Flood
2019-04-21,Nagpur,Maharashtra,21.1458,79.0882,0.0,No Rain,28.5,49.3,Summer,0,Unknown,6,310,77.4,2.28,5178,Low,2019,4,April,No Flood,Normal,No Rain,No Flood
2019-04-22,Pune,Maharashtra,18.5204,73.8567,0.0,No Rain,37.3,30.0,Summer,0,Unknown,9,560,77.3,2.83,9530,Low,2019,4,April,No Flood,Normal,No Rain,No Flood
2019-04-23,Nashik,Maharashtra,19.9975,73.7898,0.0,No Rain,32.4,51.6,Summer,0,Unknown,6,600,94.2,3.58,4159,Low,2019,4,April,No Flood,Normal,No Rain,No Flood
2019-04-24,Jalgaon,Maharashtra,21.0077,75.5626,0.0,No Rain,40.5,42.3,Summer,0,Unknown,4,209,42.0,1.65,3229,Low,2019,4,April,No Flood,Normal,No Rain,No Flood
2019-04-24,Satara,Maharashtra,17.6805,73.9997,0.0,No Rain,33.6,43.2,Summer,0,Unknown,7,742,73.7,3.45,2702,Low,2019,4,April,No Flood,Normal,No Rain,No Flood
2019-04-25,Mumbai,Maharashtra,19.076,72.8777,0.0,No Rain,38.4,56.8,Summer,0,Unknown,18,8,41.8,1.03,21231,Low,2019,4,April,No Flood,Normal,No Rain,No Flood
2019-04-27,Pune,Maharashtra,18.5204,73.8567,0.0,No Rain,29.7,52.2,Summer,0,Unknown,9,560,80.5,3.25,9498,Low,2019,4,April,No Flood,Normal,No Rain,No Flood
2019-04-27,Pune,Maharashtra,18.5204,73.8567,0.0,No Rain,39.4,33.6,Summer,0,Unknown,9,560,96.2,2.67,9509,Low,2019,4,April,No Flood,Normal,No Rain,No Flood
2019-05-02,Mumbai,Maharashtra,19.076,72.8777,0.0,No Rain,38.2,27.1,Summer,0,Unknown,18,8,86.4,1.78,21264,Low,2019,5,May,No Flood,Normal,No Rain,No Flood
2019-05-04,Nashik,Maharashtra,19.9975,73.7898,0.0,No Rain,32.9,61.4,Summer,0,Unknown,6,600,72.5,2.61,4149,Low,2019,5,May,No Flood,Normal,No Rain,No Flood
2019-05-04,Nagpur,Maharashtra,21.1458,79.0882,0.0,No Rain,38.9,44.4,Summer,0,Unknown,6,310,64.7,2.25,5149,Low,2019,5,May,No Flood,Normal,No Rain,No Flood
2019-05-06,Solapur,Maharashtra,17.6599,75.9064,0.0,No Rain,32.7,44.8,Summer,0,Unknown,5,458,53.5,2.76,3830,Low,2019,5,May,No Flood,Normal,No Rain,No Flood
2019-05-07,Mumbai,Maharashtra,19.076,72.8777,0.0,No Rain,33.0,17.9,Summer,0,Unknown,18,8,42.8,1.51,21225,Low,2019,5,May,No Flood,Normal,No Rain,No Flood
2019-05-07,Mumbai,Maharashtra,19.076,72.8777,2.8,Light,32.5,34.7,Summer,0,Unknown,18,8,72.6,1.16,21245,Low,2019,5,May,No Flood,Normal,Light,No Flood
2019-05-09,Kolhapur,Maharashtra,16.705,74.2433,0.0,No Rain,31.1,41.0,Summer,0,Unknown,12,569,97.2,3.91,5865,Low,2019,5,May,No Flood,Normal,No Rain,No Flood
2019-05-09,Pune,Maharashtra,18.5204,73.8567,0.0,No Rain,36.7,35.3,Summer,0,Unknown,9,560,66.7,2.63,9488,Low,2019,5,May,No Flood,Normal,No Rain,No Flood
2019-05-09,Solapur,Maharashtra,17.6599,75.9064,0.0,No Rain,31.4,45.4,Summer,0,Unknown,5,458,59.2,2.95,3857,Low,2019,5,May,No Flood,Normal,No Rain,No Flood
2019-05-10,Belagavi,Karnataka,15.8497,74.4977,0.0,No Rain,30.8,37.1,Summer,0,Unknown,8,762,64.3,2.95,3131,Low,2019,5,May,No Flood,Normal,No Rain,No Flood
2019-05-10,Raigad,Maharashtra,18.5158,73.1822,0.0,No Rain,34.8,49.6,Summer,0,Unknown,14,45,108.2,1.77,1819,Low,2019,5,May,No Flood,Normal,No Rain,No Flood
2019-05-12,Belagavi,Karnataka,15.8497,74.4977,0.0,No Rain,38.0,35.3,Summer,0,Unknown,8,762,75.6,3.89,3116,Low,2019,5,May,No Flood,Normal,No Rain,No Flood
2019-05-13,Nagpur,Maharashtra,21.1458,79.0882,0.0,No Rain,27.7,43.3,Summer,0,Unknown,6,310,104.1,2.56,5185,Low,2019,5,May,No Flood,Normal,No Rain,No Flood
2019-05-17,Pune,Maharashtra,18.5204,73.8567,0.0,No Rain,28.2,30.3,Summer,0,Unknown,9,560,86.9,2.99,9523,Low,2019,5,May,No Flood,Normal,No Rain,No Flood
2019-05-23,Nagpur,Maharashtra,21.1458,79.0882,0.0,No Rain,33.2,41.0,Summer,0,Unknown,6,310,64.8,2.31,5144,Low,2019,5,May,No Flood,Normal,No Rain,No Flood
2019-05-26,Nagpur,Maharashtra,21.1458,79.0882,0.0,No Rain,29.6,36.3,Summer,0,Unknown,6,310,65.6,2.42,5148,Low,2019,5,May,No Flood,Normal,No Rain,No Flood
2019-05-31,Kolhapur,Maharashtra,16.705,74.2433,0.0,No Rain,36.9,47.8,Summer,0,Unknown,12,569,82.0,3.54,5843,Low,2019,5,May,No Flood,Normal,No Rain,No Flood
2019-06-01,Jalgaon,Maharashtra,21.0077,75.5626,0.0,No Rain,29.7,89.4,Monsoon,0,Unknown,4,209,111.3,3.47,3216,Low,2019,6,June,No Flood,Normal,No Rain,No Flood
2019-06-01,Satara,Maharashtra,17.6805,73.9997,21.3,Moderate,25.3,87.9,Monsoon,0,Unknown,7,742,415.0,7.95,2727,Moderate,2019,6,June,No Flood,Normal,Moderate,No Flood
2019-06-02,Ratnagiri,Maharashtra,16.9902,73.312,10.1,Moderate,26.5,85.2,Monsoon,0,Unknown,13,11,323.0,2.93,1639,Moderate,2019,6,June,No Flood,Normal,Light,No Flood
2019-06-02,Pune,Maharashtra,18.5204,73.8567,36.3,Heavy,24.3,82.5,Monsoon,0,Unknown,9,560,1103.6,10.92,9499,High,2019,6,June,No Flood,Normal,Moderate,No Flood
2019-06-02,Jalgaon,Maharashtra,21.0077,75.5626,33.0,Moderate,23.8,84.7,Monsoon,1,Moderate,4,209,673.8,8.68,3225,High,2019,6,June,Flood,Normal,Moderate,June
2019-06-02,Nashik,Maharashtra,19.9975,73.7898,35.1,Moderate,25.4,81.0,Monsoon,0,Unknown,6,600,750.3,10.28,4160,Moderate,2019,6,June,No Flood,Normal,Moderate,No Flood
2019-06-03,Kolhapur,Maharashtra,16.705,74.2433,0.0,No Rain,23.2,86.8,Monsoon,0,Unknown,12,569,204.9,6.34,5858,Low,2019,6,June,No Flood,Normal,No Rain,No Flood
2019-06-03,Raigad,Maharashtra,18.5158,73.1822,0.0,No Rain,22.4,81.5,Monsoon,0,Unknown,14,45,250.8,2.39,1836,Low,2019,6,June,No Flood,Normal,No Rain,No Flood
2019-06-03,Ratnagiri,Maharashtra,16.9902,73.312,7.0,Light,25.3,85.1,Monsoon,0,Unknown,13,11,277.2,2.8,1612,Moderate,2019,6,June,No Flood,Normal,Light,No Flood
2019-06-03,Sangli,Maharashtra,16.8524,74.5815,27.1,Moderate,26.2,78.7,Monsoon,0,Unknown,11,549,631.2,9.12,4977,Moderate,2019,6,June,No Flood,Normal,Moderate,No Flood
2019-06-05,Satara,Maharashtra,17.6805,73.9997,31.0,Moderate,26.5,87.4,Monsoon,1,High,7,742,923.2,12.64,2738,Very High,2019,6,June,Flood,Normal,Moderate,June
2019-06-05,Sangli,Maharashtra,16.8524,74.5815,40.7,Heavy,23.0,93.7,Monsoon,1,High,11,549,1072.9,13.1,4957,Very High,2019,6,June,Flood,Normal,Moderate,June
2019-06-05,Mumbai,Maharashtra,19.076,72.8777,4.3,Light,26.9,65.1,Monsoon,0,Unknown,18,8,151.6,2.16,21233,Low,2019,6,June,No Flood,Normal,Light,No Flood
2019-06-05,Nagpur,Maharashtra,21.1458,79.0882,175.7,Extreme,25.6,99.0,Monsoon,1,Very High,6,310,6094.2,12.32,5154,Very High,2019,6,June,Flood,Extreme,Very Heavy,June
2019-06-06,Mumbai,Maharashtra,19.076,72.8777,0.0,No Rain,28.7,86.1,Monsoon,0,Unknown,18,8,125.5,1.93,21261,Low,2019,6,June,No Flood,Normal,No Rain,No Flood
2019-06-06,Raigad,Maharashtra,18.5158,73.1822,40.9,Heavy,27.6,91.6,Monsoon,0,Unknown,14,45,986.4,5.73,1814,High,2019,6,June,No Flood,Normal,Moderate,No Flood
2019-06-07,Pune,Maharashtra,18.5204,73.8567,200.4,Extreme,23.4,99.0,Monsoon,1,Very High,9,560,8415.1,13.78,9511,Very High,2019,6,June,Flood,Extreme,Extreme,June
2019-06-08,Sangli,Maharashtra,16.8524,74.5815,98.3,Very Heavy,22.1,99.0,Monsoon,1,Very High,11,549,3819.9,18.56,4946,Very High,2019,6,June,Flood,Extreme,Heavy,June
2019-06-08,Jalgaon,Maharashtra,21.0077,75.5626,3.7,Light,22.8,73.7,Monsoon,0,Unknown,4,209,144.3,3.56,3237,Low,2019,6,June,No Flood,Normal,Light,No Flood
2019-06-08,Ratnagiri,Maharashtra,16.9902,73.312,0.0,No Rain,24.8,89.4,Monsoon,0,Unknown,13,11,213.8,2.69,1623,Low,2019,6,June,No Flood,Normal,No Rain,No Flood
2019-06-08,Solapur,Maharashtra,17.6599,75.9064,63.0,Heavy,25.0,77.4,Monsoon,1,Very High,5,458,1764.7,13.05,3860,Very High,2019,6,June,Flood,Normal,Heavy,June
2019-06-10,Ratnagiri,Maharashtra,16.9902,73.312,20.4,Moderate,26.1,90.0,Monsoon,0,Unknown,13,11,476.1,3.62,1589,Moderate,2019,6,June,No Flood,Normal,Moderate,No Flood
2019-06-10,Ratnagiri,Maharashtra,16.9902,73.312,264.2,Extreme,26.2,99.0,Monsoon,1,Very High,13,11,15778.6,7.97,1642,Very High,2019,6,June,Flood,Extreme,Extreme,June
2019-06-10,Mumbai,Maharashtra,19.076,72.8777,9.4,Moderate,20.4,89.5,Monsoon,0,Unknown,18,8,198.4,2.55,21248,Moderate,2019,6,June,No Flood,Normal,Light,No Flood
2019-06-10,Pune,Maharashtra,18.5204,73.8567,0.0,No Rain,26.5,83.2,Monsoon,0,Unknown,9,560,203.4,4.79,9488,Low,2019,6,June,No Flood,Normal,No Rain,No Flood
2019-06-10,Jalgaon,Maharashtra,21.0077,75.5626,237.1,Extreme,24.4,99.0,Monsoon,1,Very High,4,209,12188.8,11.6,3263,Very High,2019,6,June,Flood,Extreme,Extreme,June
2019-06-11,Kolhapur,Maharashtra,16.705,74.2433,0.0,No Rain,28.0,88.9,Monsoon,0,Unknown,12,569,203.3,6.27,5898,Low,2019,6,June,No Flood,Normal,No Rain,No Flood
2019-06-11,Nagpur,Maharashtra,21.1458,79.0882,146.7,Extreme,28.2,99.0,Monsoon,1,Very High,6,310,5099.6,12.32,5183,Very High,2019,6,June,Flood,Extreme,Very Heavy,June
2019-06-11,Nashik,Maharashtra,19.9975,73.7898,5.6,Light,28.1,99.0,Monsoon,0,Unknown,6,600,213.6,5.36,4134,Low,2019,6,June,No Flood,Normal,Light,No Flood
2019-06-11,Ratnagiri,Maharashtra,16.9902,73.312,0.0,No Rain,26.6,86.5,Monsoon,0,Unknown,13,11,241.4,2.73,1642,Low,2019,6,June,No Flood,Normal,No Rain,No Flood
2019-06-11,Sangli,Maharashtra,16.8524,74.5815,0.0,No Rain,21.5,94.0,Monsoon,0,Unknown,11,549,251.7,6.23,4934,Low,2019,6,June,No Flood,Normal,No Rain,No Flood
2019-06-12,Kolhapur,Maharashtra,16.705,74.2433,57.9,Heavy,23.3,83.1,Monsoon,1,Very High,12,569,1610.3,17.99,5863,Very High,2019,6,June,Flood,Normal,Heavy,June
2019-06-12,Raigad,Maharashtra,18.5158,73.1822,60.9,Heavy,26.0,81.4,Monsoon,1,Very High,14,45,1615.3,7.21,1820,Very High,2019,6,June,Flood,Normal,Heavy,June
2019-06-13,Mumbai,Maharashtra,19.076,72.8777,19.7,Moderate,23.9,76.9,Monsoon,0,Unknown,18,8,490.2,4.43,21250,High,2019,6,June,No Flood,Normal,Light,No Flood
2019-06-13,Jalgaon,Maharashtra,21.0077,75.5626,3.5,Light,26.5,86.7,Monsoon,0,Unknown,4,209,124.6,3.73,3239,Low,2019,6,June,No Flood,Normal,Light,No Flood
2019-06-14,Kolhapur,Maharashtra,16.705,74.2433,88.8,Very Heavy,23.8,90.7,Monsoon,1,Very High,12,569,3608.9,19.57,5853,Very High,2019,6,June,Flood,Extreme,Heavy,June
2019-06-14,Nashik,Maharashtra,19.9975,73.7898,11.4,Moderate,23.9,83.5,Monsoon,0,Unknown,6,600,282.9,6.43,4139,Low,2019,6,June,No Flood,Normal,Light,No Flood
2019-06-14,Satara,Maharashtra,17.6805,73.9997,5.2,Light,27.8,81.1,Monsoon,0,Unknown,7,742,166.5,5.33,2711,Low,2019,6,June,No Flood,Normal,Light,No Flood
2019-06-15,Belagavi,Karnataka,15.8497,74.4977,32.7,Moderate,25.1,75.4,Monsoon,0,Unknown,8,762,675.6,10.61,3166,Moderate,2019,6,June,No Flood,Normal,Moderate,No Flood
2019-06-15,Kolhapur,Maharashtra,16.705,74.2433,0.0,No Rain,23.7,83.2,Monsoon,0,Unknown,12,569,229.6,6.73,5883,Low,2019,6,June,No Flood,Normal,No Rain,No Flood
2019-06-15,Panaji,Goa,15.4909,73.8278,21.4,Moderate,28.2,85.9,Monsoon,0,Unknown,7,7,476.8,3.38,2340,Moderate,2019,6,June,No Flood,Normal,Moderate,No Flood
2019-06-15,Pune,Maharashtra,18.5204,73.8567,40.6,Heavy,28.1,89.1,Monsoon,0,Unknown,9,560,1045.1,10.72,9530,High,2019,6,June,No Flood,Normal,Moderate,No Flood
2019-06-16,Sangli,Maharashtra,16.8524,74.5815,0.0,No Rain,26.8,83.0,Monsoon,0,Unknown,11,549,259.4,5.76,4944,Low,2019,6,June,No Flood,Normal,No Rain,No Flood
2019-06-16,Pune,Maharashtra,18.5204,73.8567,0.0,No Rain,20.7,74.0,Monsoon,0,Unknown,9,560,212.6,4.67,9500,Low,2019,6,June,No Flood,Normal,No Rain,No Flood
2019-06-16,Pune,Maharashtra,18.5204,73.8567,68.9,Very Heavy,18.9,92.7,Monsoon,1,Very High,9,560,1635.2,13.53,9513,Very High,2019,6,June,Flood,Extreme,Heavy,June
2019-06-16,Mumbai,Maharashtra,19.076,72.8777,140.7,Extreme,27.1,99.0,Monsoon,1,Very High,18,8,6631.0,6.96,21263,Very High,2019,6,June,Flood,Extreme,Very Heavy,June
2019-06-17,Nashik,Maharashtra,19.9975,73.7898,22.0,Moderate,26.3,87.7,Monsoon,0,Unknown,6,600,629.3,8.76,4128,Moderate,2019,6,June,No Flood,Normal,Moderate,No Flood
2019-06-18,Kolhapur,Maharashtra,16.705,74.2433,10.4,Moderate,28.5,82.7,Monsoon,0,Unknown,12,569,351.1,8.11,5886,Moderate,2019,6,June,No Flood,Normal,Light,No Flood
2019-06-18,Nagpur,Maharashtra,21.1458,79.0882,0.0,No Rain,25.9,74.4,Monsoon,0,Unknown,6,310,184.5,3.69,5138,Low,2019,6,June,No Flood,Normal,No Rain,No Flood
2019-06-18,Panaji,Goa,15.4909,73.8278,9.3,Moderate,23.7,80.4,Monsoon,0,Unknown,7,7,342.8,2.63,2324,Moderate,2019,6,June,No Flood,Normal,Light,No Flood
2019-06-19,Satara,Maharashtra,17.6805,73.9997,4.9,Light,25.2,94.6,Monsoon,0,Unknown,7,742,200.0,5.34,2703,Low,2019,6,June,No Flood,Normal,Light,No Flood
2019-06-19,Sangli,Maharashtra,16.8524,74.5815,120.9,Very Heavy,23.9,99.0,Monsoon,1,Very High,11,549,5263.2,18.56,4929,Very High,2019,6,June,Flood,Extreme,Very Heavy,June
2019-06-19,Nagpur,Maharashtra,21.1458,79.0882,16.7,Moderate,27.8,99.0,Monsoon,0,Unknown,6,310,368.0,5.7,5186,Moderate,2019,6,June,No Flood,Normal,Light,No Flood
2019-06-19,Mumbai,Maharashtra,19.076,72.8777,111.8,Very Heavy,28.2,99.0,Monsoon,1,Very High,18,8,3561.3,6.96,21254,Very High,2019,6,June,Flood,Extreme,Very Heavy,June
2019-06-19,Kolhapur,Maharashtra,16.705,74.2433,117.3,Very Heavy,26.5,99.0,Monsoon,1,Very High,12,569,3753.7,19.57,5839,Very High,2019,6,June,Flood,Extreme,Very Heavy,June
2019-06-19,Mumbai,Maharashtra,19.076,72.8777,0.0,No Rain,27.4,76.9,Monsoon,0,Unknown,18,8,128.1,1.76,21236,Low,2019,6,June,No Flood,Normal,No Rain,No Flood
2019-06-20,Ratnagiri,Maharashtra,16.9902,73.312,0.0,No Rain,23.8,88.9,Monsoon,0,Unknown,13,11,236.7,2.67,1605,Low,2019,6,June,No Flood,Normal,No Rain,No Flood
2019-06-21,Sangli,Maharashtra,16.8524,74.5815,62.5,Heavy,26.6,92.4,Monsoon,0,Unknown,11,549,1746.9,16.2,4963,High,2019,6,June,No Flood,Normal,Heavy,No Flood
2019-06-22,Belagavi,Karnataka,15.8497,74.4977,32.0,Moderate,24.5,89.9,Monsoon,1,Moderate,8,762,840.8,11.81,3138,High,2019,6,June,Flood,Normal,Moderate,June
2019-06-23,Nagpur,Maharashtra,21.1458,79.0882,0.0,No Rain,26.0,96.9,Monsoon,0,Unknown,6,310,213.5,4.54,5153,Low,2019,6,June,No Flood,Normal,No Rain,No Flood
2019-06-23,Nashik,Maharashtra,19.9975,73.7898,110.8,Very Heavy,23.3,99.0,Monsoon,1,Very High,6,600,4691.5,14.79,4140,Very High,2019,6,June,Flood,Extreme,Very Heavy,June
2019-06-24,Sangli,Maharashtra,16.8524,74.5815,61.6,Heavy,26.3,97.9,Monsoon,1,Very High,11,549,1844.7,16.92,4943,Very High,2019,6,June,Flood,Normal,Heavy,June
2019-06-25,Mumbai,Maharashtra,19.076,72.8777,93.0,Very Heavy,23.9,93.5,Monsoon,1,Very High,18,8,2382.4,6.96,21230,Very High,2019,6,June,Flood,Extreme,Heavy,June
2019-06-25,Mumbai,Maharashtra,19.076,72.8777,138.0,Extreme,30.8,99.0,Monsoon,1,Very High,18,8,4655.7,6.96,21249,Very High,2019,6,June,Flood,Extreme,Very Heavy,June
2019-06-25,Jalgaon,Maharashtra,21.0077,75.5626,16.3,Moderate,27.5,86.1,Monsoon,0,Unknown,4,209,404.8,7.05,3241,Moderate,2019,6,June,No Flood,Normal,Light,No Flood
2019-06-26,Belagavi,Karnataka,15.8497,74.4977,13.8,Moderate,27.8,83.6,Monsoon,0,Unknown,8,762,411.9,8.02,3126,Moderate,2019,6,June,No Flood,Normal,Light,No Flood
2019-06-26,Nagpur,Maharashtra,21.1458,79.0882,4.0,Light,21.8,79.7,Monsoon,0,Unknown,6,310,203.8,3.87,5162,Low,2019,6,June,No Flood,Normal,Light,No Flood
2019-06-26,Sangli,Maharashtra,16.8524,74.5815,0.0,No Rain,25.5,94.4,Monsoon,0,Unknown,11,549,243.3,5.66,4930,Low,2019,6,June,No Flood,Normal,No Rain,No Flood
2019-06-26,Sangli,Maharashtra,16.8524,74.5815,25.2,Moderate,20.2,75.9,Monsoon,0,Unknown,11,549,616.4,9.93,4935,Moderate,2019,6,June,No Flood,Normal,Moderate,No Flood
2019-06-26,Satara,Maharashtra,17.6805,73.9997,14.7,Moderate,24.9,88.5,Monsoon,0,Unknown,7,742,345.0,7.7,2731,Moderate,2019,6,June,No Flood,Normal,Light,No Flood
2019-06-27,Solapur,Maharashtra,17.6599,75.9064,16.6,Moderate,24.6,85.7,Monsoon,0,Unknown,5,458,378.0,7.59,3866,Moderate,2019,6,June,No Flood,Normal,Light,No Flood
2019-06-27,Satara,Maharashtra,17.6805,73.9997,34.5,Moderate,22.1,93.7,Monsoon,0,Unknown,7,742,877.9,12.01,2755,Moderate,2019,6,June,No Flood,Normal,Moderate,No Flood
2019-06-27,Sangli,Maharashtra,16.8524,74.5815,3.3,Light,21.2,84.7,Monsoon,0,Unknown,11,549,276.1,6.71,4949,Low,2019,6,June,No Flood,Normal,Light,No Flood
2019-06-27,Sangli,Maharashtra,16.8524,74.5815,88.7,Very Heavy,23.5,94.6,Monsoon,1,Very High,11,549,2245.7,18.31,4957,Very High,2019,6,June,Flood,Extreme,Heavy,June
2019-06-28,Belagavi,Karnataka,15.8497,74.4977,0.0,No Rain,25.2,68.8,Monsoon,0,Unknown,8,762,194.9,5.21,3138,Low,2019,6,June,No Flood,Normal,No Rain,No Flood
2019-06-28,Kolhapur,Maharashtra,16.705,74.2433,6.4,Light,25.1,81.2,Monsoon,0,Unknown,12,569,310.3,7.33,5891,Low,2019,6,June,No Flood,Normal,Light,No Flood
2019-06-28,Kolhapur,Maharashtra,16.705,74.2433,47.9,Heavy,26.4,88.3,Monsoon,0,Unknown,12,569,1244.3,15.83,5887,High,2019,6,June,No Flood,Normal,Moderate,No Flood
2019-06-28,Nagpur,Maharashtra,21.1458,79.0882,55.9,Heavy,24.8,97.0,Monsoon,0,Unknown,6,310,1506.6,11.34,5146,High,2019,6,June,No Flood,Normal,Heavy,No Flood
2019-06-28,Ratnagiri,Maharashtra,16.9902,73.312,5.5,Light,27.3,82.2,Monsoon,0,Unknown,13,11,283.2,3.07,1618,Moderate,2019,6,June,No Flood,Normal,Light,No Flood
2019-06-28,Sangli,Maharashtra,16.8524,74.5815,50.6,Heavy,26.5,88.5,Monsoon,0,Unknown,11,549,1327.7,14.94,4931,High,2019,6,June,No Flood,Normal,Heavy,No Flood
2019-06-29,Solapur,Maharashtra,17.6599,75.9064,7.4,Light,25.0,85.7,Monsoon,0,Unknown,5,458,206.1,5.62,3823,Low,2019,6,June,No Flood,Normal,Light,No Flood
2019-06-29,Pune,Maharashtra,18.5204,73.8567,15.7,Moderate,28.6,83.9,Monsoon,0,Unknown,9,560,425.8,6.54,9507,Moderate,2019,6,June,No Flood,Normal,Light,No Flood
2019-06-29,Nashik,Maharashtra,19.9975,73.7898,0.0,No Rain,25.2,95.9,Monsoon,0,Unknown,6,600,157.1,5.23,4162,Low,2019,6,June,No Flood,Normal,No Rain,No Flood
2019-06-30,Pune,Maharashtra,18.5204,73.8567,0.0,No Rain,23.3,83.8,Monsoon,0,Unknown,9,560,184.6,4.33,9501,Low,2019,6,June,No Flood,Normal,No Rain,No Flood
2019-06-30,Pune,Maharashtra,18.5204,73.8567,25.4,Moderate,27.4,82.5,Monsoon,0,Unknown,9,560,701.2,8.28,9505,High,2019,6,June,No Flood,Normal,Moderate,No Flood
2019-06-30,Sangli,Maharashtra,16.8524,74.5815,6.6,Light,27.2,85.9,Monsoon,0,Unknown,11,549,339.4,7.25,4936,Low,2019,6,June,No Flood,Normal,Light,No Flood
2019-06-30,Satara,Maharashtra,17.6805,73.9997,0.0,No Rain,23.5,72.5,Monsoon,0,Unknown,7,742,160.0,5.28,2703,Low,2019,6,June,No Flood,Normal,No Rain,No Flood
2019-07-01,Jalgaon,Maharashtra,21.0077,75.5626,4.3,Light,25.4,77.3,Monsoon,0,Unknown,4,209,170.2,4.23,3246,Low,2019,7,July,No Flood,Normal,Light,No Flood
2019-07-01,Mumbai,Maharashtra,19.076,72.8777,0.0,No Rain,26.6,80.1,Monsoon,0,Unknown,18,8,129.9,2.17,21227,Low,2019,7,July,No Flood,Normal,No Rain,No Flood
2019-07-01,Pune,Maharashtra,18.5204,73.8567,140.7,Extreme,27.4,99.0,Monsoon,1,Very High,9,560,4568.6,13.78,9530,Very High,2019,7,July,Flood,Extreme,Very Heavy,July
2019-07-01,Raigad,Maharashtra,18.5158,73.1822,75.9,Very Heavy,26.2,93.0,Monsoon,1,Very High,14,45,2615.5,8.99,1812,Very High,2019,7,July,Flood,Extreme,Heavy,July
2019-07-01,Raigad,Maharashtra,18.5158,73.1822,12.9,Moderate,25.7,73.9,Monsoon,0,Unknown,14,45,427.5,3.76,1844,Moderate,2019,7,July,No Flood,Normal,Light,No Flood
2019-07-01,Sangli,Maharashtra,16.8524,74.5815,0.0,No Rain,23.6,93.3,Monsoon,0,Unknown,11,549,224.3,5.62,4984,Low,2019,7,July,No Flood,Normal,No Rain,No Flood
2019-07-02,Pune,Maharashtra,18.5204,73.8567,0.0,No Rain,25.6,83.6,Monsoon,0,Unknown,9,560,223.9,4.95,9521,Low,2019,7,July,No Flood,Normal,No Rain,No Flood
2019-07-02,Pune,Maharashtra,18.5204,73.8567,109.2,Very Heavy,23.5,95.1,Monsoon,1,Very High,9,560,3696.9,13.78,9483,Very High,2019,7,July,Flood,Extreme,Very Heavy,July
2019-07-02,Solapur,Maharashtra,17.6599,75.9064,4.9,Light,26.6,89.7,Monsoon,0,Unknown,5,458,179.5,5.55,3818,Low,2019,7,July,No Flood,Normal,Light,No Flood
2019-07-02,Belagavi,Karnataka,15.8497,74.4977,9.7,Moderate,23.1,79.5,Monsoon,0,Unknown,8,762,324.6,7.37,3145,Moderate,2019,7,July,No Flood,Normal,Light,No Flood
2019-07-02,Belagavi,Karnataka,15.8497,74.4977,52.8,Heavy,22.6,83.3,Monsoon,0,Unknown,8,762,1673.3,16.68,3111,High,2019,7,July,No Flood,Normal,Heavy,No Flood
2019-07-03,Sangli,Maharashtra,16.8524,74.5815,0.0,No Rain,23.6,85.3,Monsoon,0,Unknown,11,549,258.0,5.95,4975,Low,2019,7,July,No Flood,Normal,No Rain,No Flood
2019-07-03,Sangli,Maharashtra,16.8524,74.5815,34.8,Moderate,19.8,86.3,Monsoon,1,Moderate,11,549,810.0,11.38,4949,High,2019,7,July,Flood,Normal,Moderate,July
2019-07-03,Raigad,Maharashtra,18.5158,73.1822,11.8,Moderate,24.9,72.4,Monsoon,0,Unknown,14,45,412.3,3.63,1833,Moderate,2019,7,July,No Flood,Normal,Light,No Flood
2019-07-04,Satara,Maharashtra,17.6805,73.9997,12.2,Moderate,28.8,73.4,Monsoon,0,Unknown,7,742,267.2,6.43,2709,Low,2019,7,July,No Flood,Normal,Light,No Flood
2019-07-04,Satara,Maharashtra,17.6805,73.9997,24.8,Moderate,26.6,97.3,Monsoon,0,Unknown,7,742,485.0,8.99,2719,Moderate,2019,7,July,No Flood,Normal,Moderate,No Flood
2019-07-04,Belagavi,Karnataka,15.8497,74.4977,0.0,No Rain,20.6,83.8,Monsoon,0,Unknown,8,762,159.6,4.8,3123,Low,2019,7,July,No Flood,Normal,No Rain,No Flood
2019-07-04,Jalgaon,Maharashtra,21.0077,75.5626,15.3,Moderate,28.3,89.0,Monsoon,0,Unknown,4,209,322.2,5.6,3228,Moderate,2019,7,July,No Flood,Normal,Light,No Flood
2019-07-05,Kolhapur,Maharashtra,16.705,74.2433,0.0,No Rain,27.8,90.9,Monsoon,0,Unknown,12,569,218.0,6.79,5874,Low,2019,7,July,No Flood,Normal,No Rain,No Flood
2019-07-05,Mumbai,Maharashtra,19.076,72.8777,13.6,Moderate,28.6,76.1,Monsoon,0,Unknown,18,8,331.0,3.62,21258,Moderate,2019,7,July,No Flood,Normal,Light,No Flood
2019-07-05,Nashik,Maharashtra,19.9975,73.7898,63.0,Heavy,24.3,87.8,Monsoon,1,Very High,6,600,1372.3,14.33,4156,Very High,2019,7,July,Flood,Normal,Heavy,July
2019-07-05,Panaji,Goa,15.4909,73.8278,51.5,Heavy,26.8,82.3,Monsoon,1,Very High,7,7,1248.0,5.47,2314,Very High,2019,7,July,Flood,Normal,Heavy,July
2019-07-06,Sangli,Maharashtra,16.8524,74.5815,25.7,Moderate,25.0,91.0,Monsoon,0,Unknown,11,549,675.8,10.17,4948,Moderate,2019,7,July,No Flood,Normal,Moderate,No Flood
2019-07-06,Sangli,Maharashtra,16.8524,74.5815,0.0,No Rain,23.5,83.3,Monsoon,0,Unknown,11,549,282.3,6.55,4962,Low,2019,7,July,No Flood,Normal,No Rain,No Flood
2019-07-06,Ratnagiri,Maharashtra,16.9902,73.312,85.2,Very Heavy,27.4,92.0,Monsoon,1,Very High,13,11,2260.7,7.97,1642,Very High,2019,7,July,Flood,Extreme,Heavy,July
2019-07-06,Pune,Maharashtra,18.5204,73.8567,42.1,Heavy,24.8,82.8,Monsoon,0,Unknown,9,560,1201.0,11.01,9504,High,2019,7,July,No Flood,Normal,Moderate,No Flood
2019-07-06,Nagpur,Maharashtra,21.1458,79.0882,11.9,Moderate,24.9,93.6,Monsoon,0,Unknown,6,310,314.6,4.96,5132,Moderate,2019,7,July,No Flood,Normal,Light,No Flood
2019-07-06,Mumbai,Maharashtra,19.076,72.8777,29.2,Moderate,28.1,94.2,Monsoon,1,Moderate,18,8,625.2,4.97,21225,High,2019,7,July,Flood,Normal,Moderate,July
2019-07-06,Mumbai,Maharashtra,19.076,72.8777,16.6,Moderate,26.6,87.9,Monsoon,0,Unknown,18,8,330.7,3.02,21277,Moderate,2019,7,July,No Flood,Normal,Light,No Flood
2019-07-06,Kolhapur,Maharashtra,16.705,74.2433,146.6,Extreme,24.4,99.0,Monsoon,1,Very High,12,569,5671.2,19.57,5879,Very High,2019,7,July,Flood,Extreme,Very Heavy,July
2019-07-07,Kolhapur,Maharashtra,16.705,74.2433,0.0,No Rain,21.2,94.7,Monsoon,0,Unknown,12,569,221.2,6.17,5877,Low,2019,7,July,No Flood,Normal,No Rain,No Flood
2019-07-07,Kolhapur,Maharashtra,16.705,74.2433,3.8,Light,23.5,83.3,Monsoon,0,Unknown,12,569,241.5,6.59,5891,Low,2019,7,July,No Flood,Normal,Light,No Flood
2019-07-07,Kolhapur,Maharashtra,16.705,74.2433,18.0,Moderate,23.1,91.1,Monsoon,0,Unknown,12,569,470.4,9.37,5849,Moderate,2019,7,July,No Flood,Normal,Light,No Flood
2019-07-07,Raigad,Maharashtra,18.5158,73.1822,0.0,No Rain,26.9,79.6,Monsoon,0,Unknown,14,45,262.5,2.81,1830,Moderate,2019,7,July,No Flood,Normal,No Rain,No Flood
2019-07-08,Satara,Maharashtra,17.6805,73.9997,0.0,No Rain,25.3,81.7,Monsoon,0,Unknown,7,742,150.5,4.85,2749,Low,2019,7,July,No Flood,Normal,No Rain,No Flood
2019-07-08,Sangli,Maharashtra,16.8524,74.5815,32.4,Moderate,25.2,87.6,Monsoon,0,Unknown,11,549,949.7,11.71,4972,Moderate,2019,7,July,No Flood,Normal,Moderate,No Flood
2019-07-08,Kolhapur,Maharashtra,16.705,74.2433,0.0,No Rain,25.7,78.4,Monsoon,0,Unknown,12,569,191.1,5.78,5895,Low,2019,7,July,No Flood,Normal,No Rain,No Flood
2019-07-09,Jalgaon,Maharashtra,21.0077,75.5626,0.0,No Rain,24.5,86.9,Monsoon,0,Unknown,4,209,131.9,3.58,3242,Low,2019,7,July,No Flood,Normal,No Rain,No Flood
2019-07-09,Kolhapur,Maharashtra,16.705,74.2433,13.1,Moderate,23.3,76.2,Monsoon,0,Unknown,12,569,409.7,8.76,5864,Moderate,2019,7,July,No Flood,Normal,Light,No Flood
2019-07-09,Mumbai,Maharashtra,19.076,72.8777,97.4,Very Heavy,26.0,99.0,Monsoon,1,Very High,18,8,3030.1,6.96,21234,Very High,2019,7,July,Flood,Extreme,Heavy,July
2019-07-09,Nagpur,Maharashtra,21.1458,79.0882,26.2,Moderate,25.7,82.1,Monsoon,0,Unknown,6,310,794.2,8.86,5150,High,2019,7,July,No Flood,Normal,Moderate,No Flood
2019-07-09,Nashik,Maharashtra,19.9975,73.7898,64.1,Heavy,27.4,87.3,Monsoon,1,Very High,6,600,1532.6,14.79,4126,Very High,2019,7,July,Flood,Normal,Heavy,July
2019-07-10,Belagavi,Karnataka,15.8497,74.4977,17.5,Moderate,22.5,81.2,Monsoon,0,Unknown,8,762,419.6,8.51,3149,Moderate,2019,7,July,No Flood,Normal,Light,No Flood
2019-07-10,Mumbai,Maharashtra,19.076,72.8777,211.5,Extreme,25.6,99.0,Monsoon,1,Very High,18,8,9475.4,6.96,21255,Very High,2019,7,July,Flood,Extreme,Extreme,July
2019-07-10,Pune,Maharashtra,18.5204,73.8567,4.8,Light,27.9,90.1,Monsoon,0,Unknown,9,560,249.6,5.58,9483,Moderate,2019,7,July,No Flood,Normal,Light,No Flood
2019-07-10,Raigad,Maharashtra,18.5158,73.1822,41.4,Heavy,22.3,99.0,Monsoon,0,Unknown,14,45,1094.7,5.59,1813,High,2019,7,July,No Flood,Normal,Moderate,No Flood
2019-07-11,Pune,Maharashtra,18.5204,73.8567,16.5,Moderate,28.1,93.8,Monsoon,0,Unknown,9,560,476.2,6.88,9502,Moderate,2019,7,July,No Flood,Normal,Light,No Flood
2019-07-11,Ratnagiri,Maharashtra,16.9902,73.312,45.4,Heavy,23.7,87.0,Monsoon,1,High,13,11,1128.4,5.95,1644,Very High,2019,7,July,Flood,Normal,Moderate,July
2019-07-11,Sangli,Maharashtra,16.8524,74.5815,8.1,Moderate,27.3,85.2,Monsoon,0,Unknown,11,549,365.0,7.13,4974,Moderate,2019,7,July,No Flood,Normal,Light,No Flood
2019-07-12,Kolhapur,Maharashtra,16.705,74.2433,15.0,Moderate,25.1,85.9,Monsoon,0,Unknown,12,569,422.4,9.04,5890,Moderate,2019,7,July,No Flood,Normal,Light,No Flood
2019-07-12,Ratnagiri,Maharashtra,16.9902,73.312,22.0,Moderate,26.3,83.1,Monsoon,0,Unknown,13,11,546.1,4.15,1595,High,2019,7,July,No Flood,Normal,Moderate,No Flood
2019-07-13,Kolhapur,Maharashtra,16.705,74.2433,11.7,Moderate,24.8,87.3,Monsoon,0,Unknown,12,569,381.3,8.55,5875,Moderate,2019,7,July,No Flood,Normal,Light,No Flood
2019-07-13,Solapur,Maharashtra,17.6599,75.9064,15.7,Moderate,26.0,74.8,Monsoon,0,Unknown,5,458,390.4,8.18,3828,Moderate,2019,7,July,No Flood,Normal,Light,No Flood
2019-07-13,Sangli,Maharashtra,16.8524,74.5815,23.4,Moderate,25.1,79.2,Monsoon,0,Unknown,11,549,667.2,10.08,4939,Moderate,2019,7,July,No Flood,Normal,Moderate,No Flood
2019-07-13,Belagavi,Karnataka,15.8497,74.4977,10.7,Moderate,22.7,83.7,Monsoon,0,Unknown,8,762,285.6,6.88,3107,Moderate,2019,7,July,No Flood,Normal,Light,No Flood
2019-07-13,Mumbai,Maharashtra,19.076,72.8777,123.0,Very Heavy,28.0,98.8,Monsoon,1,Very High,18,8,5273.5,6.96,21241,Very High,2019,7,July,Flood,Extreme,Very Heavy,July
2019-07-14,Jalgaon,Maharashtra,21.0077,75.5626,27.0,Moderate,23.8,83.2,Monsoon,0,Unknown,4,209,491.7,7.98,3242,Moderate,2019,7,July,No Flood,Normal,Moderate,No Flood
2019-07-14,Kolhapur,Maharashtra,16.705,74.2433,31.3,Moderate,26.7,83.0,Monsoon,0,Unknown,12,569,756.8,11.81,5880,High,2019,7,July,No Flood,Normal,Moderate,No Flood
2019-07-14,Mumbai,Maharashtra,19.076,72.8777,0.0,No Rain,23.6,81.8,Monsoon,0,Unknown,18,8,149.2,1.82,21246,Low,2019,7,July,No Flood,Normal,No Rain,No Flood
2019-07-14,Sangli,Maharashtra,16.8524,74.5815,0.0,No Rain,22.4,82.4,Monsoon,0,Unknown,11,549,237.1,5.56,4967,Low,2019,7,July,No Flood,Normal,No Rain,No Flood
2019-07-14,Satara,Maharashtra,17.6805,73.9997,7.1,Light,27.4,86.5,Monsoon,0,Unknown,7,742,244.1,5.82,2754,Low,2019,7,July,No Flood,Normal,Light,No Flood
2019-07-15,Jalgaon,Maharashtra,21.0077,75.5626,0.0,No Rain,21.1,88.8,Monsoon,0,Unknown,4,209,103.0,3.41,3258,Low,2019,7,July,No Flood,Normal,No Rain,No Flood
2019-07-15,Jalgaon,Maharashtra,21.0077,75.5626,42.7,Heavy,27.2,86.3,Monsoon,1,Very High,4,209,1282.8,11.6,3218,Very High,2019,7,July,Flood,Normal,Moderate,July
2019-07-15,Pune,Maharashtra,18.5204,73.8567,134.9,Extreme,24.6,99.0,Monsoon,1,Very High,9,560,3958.8,13.78,9493,Very High,2019,7,July,Flood,Extreme,Very Heavy,July
2019-07-15,Ratnagiri,Maharashtra,16.9902,73.312,0.0,No Rain,28.6,80.9,Monsoon,0,Unknown,13,11,230.1,2.61,1648,Low,2019,7,July,No Flood,Normal,No Rain,No Flood
2019-07-15,Sangli,Maharashtra,16.8524,74.5815,0.0,No Rain,25.7,81.0,Monsoon,0,Unknown,11,549,252.2,6.34,4982,Low,2019,7,July,No Flood,Normal,No Rain,No Flood
2019-07-15,Sangli,Maharashtra,16.8524,74.5815,21.3,Moderate,27.5,91.4,Monsoon,0,Unknown,11,549,709.1,10.41,4977,Moderate,2019,7,July,No Flood,Normal,Moderate,No Flood
2019-07-16,Kolhapur,Maharashtra,16.705,74.2433,4.3,Light,26.4,89.8,Monsoon,0,Unknown,12,569,240.5,7.15,5840,Low,2019,7,July,No Flood,Normal,Light,No Flood
2019-07-16,Jalgaon,Maharashtra,21.0077,75.5626,212.2,Extreme,22.7,99.0,Monsoon,1,Very High,4,209,8341.5,11.6,3231,Very High,2019,7,July,Flood,Extreme,Extreme,July
2019-07-17,Satara,Maharashtra,17.6805,73.9997,0.0,No Rain,26.4,82.7,Monsoon,0,Unknown,7,742,178.0,5.19,2721,Low,2019,7,July,No Flood,Normal,No Rain,No Flood
2019-07-17,Pune,Maharashtra,18.5204,73.8567,0.0,No Rain,27.7,81.0,Monsoon,0,Unknown,9,560,190.8,4.19,9514,Low,2019,7,July,No Flood,Normal,No Rain,No Flood
2019-07-17,Nashik,Maharashtra,19.9975,73.7898,10.5,Moderate,25.4,78.1,Monsoon,0,Unknown,6,600,276.7,6.06,4168,Low,2019,7,July,No Flood,Normal,Light,No Flood
2019-07-18,Belagavi,Karnataka,15.8497,74.4977,4.9,Light,21.7,96.7,Monsoon,0,Unknown,8,762,198.0,5.44,3132,Low,2019,7,July,No Flood,Normal,Light,No Flood
2019-07-18,Kolhapur,Maharashtra,16.705,74.2433,13.8,Moderate,23.1,75.2,Monsoon,0,Unknown,12,569,404.4,8.52,5859,Moderate,2019,7,July,No Flood,Normal,Light,No Flood
2019-07-18,Kolhapur,Maharashtra,16.705,74.2433,25.0,Moderate,24.6,88.9,Monsoon,0,Unknown,12,569,621.4,10.9,5874,Moderate,2019,7,July,No Flood,Normal,Moderate,No Flood
2019-07-18,Mumbai,Maharashtra,19.076,72.8777,43.0,Heavy,26.3,86.2,Monsoon,0,Unknown,18,8,988.7,6.12,21247,Very High,2019,7,July,No Flood,Normal,Moderate,No Flood
2019-07-18,Mumbai,Maharashtra,19.076,72.8777,24.7,Moderate,28.0,87.4,Monsoon,0,Unknown,18,8,553.9,4.32,21279,High,2019,7,July,No Flood,Normal,Moderate,No Flood
2019-07-18,Panaji,Goa,15.4909,73.8278,346.2,Extreme,26.3,99.0,Monsoon,1,Very High,7,7,17266.4,6.52,2312,Very High,2019,7,July,Flood,Extreme,Extreme,July
2019-07-18,Pune,Maharashtra,18.5204,73.8567,27.7,Moderate,22.0,84.7,Monsoon,0,Unknown,9,560,562.8,7.58,9509,Moderate,2019,7,July,No Flood,Normal,Moderate,No Flood
2019-07-19,Kolhapur,Maharashtra,16.705,74.2433,0.0,No Rain,21.9,86.1,Monsoon,0,Unknown,12,569,236.4,6.64,5854,Low,2019,7,July,No Flood,Normal,No Rain,No Flood
2019-07-19,Mumbai,Maharashtra,19.076,72.8777,28.3,Moderate,27.8,90.9,Monsoon,0,Unknown,18,8,503.1,4.34,21268,High,2019,7,July,No Flood,Normal,Moderate,No Flood
2019-07-20,Panaji,Goa,15.4909,73.8278,18.8,Moderate,23.2,75.8,Monsoon,0,Unknown,7,7,560.1,3.71,2352,Moderate,2019,7,July,No Flood,Normal,Light,No Flood
2019-07-20,Panaji,Goa,15.4909,73.8278,29.6,Moderate,25.0,92.9,Monsoon,0,Unknown,7,7,709.9,3.72,2354,Moderate,2019,7,July,No Flood,Normal,Moderate,No Flood
2019-07-20,Pune,Maharashtra,18.5204,73.8567,143.5,Extreme,22.8,99.0,Monsoon,1,Very High,9,560,6865.5,13.78,9500,Very High,2019,7,July,Flood,Extreme,Very Heavy,July
2019-07-20,Kolhapur,Maharashtra,16.705,74.2433,19.8,Moderate,25.8,89.0,Monsoon,0,Unknown,12,569,493.6,9.79,5859,Moderate,2019,7,July,No Flood,Normal,Light,No Flood
2019-07-20,Kolhapur,Maharashtra,16.705,74.2433,119.8,Very Heavy,20.0,99.0,Monsoon,1,Very High,12,569,4392.1,19.57,5892,Very High,2019,7,July,Flood,Extreme,Very Heavy,July
2019-07-20,Ratnagiri,Maharashtra,16.9902,73.312,0.0,No Rain,26.3,86.9,Monsoon,0,Unknown,13,11,232.9,2.21,1620,Low,2019,7,July,No Flood,Normal,No Rain,No Flood
2019-07-21,Belagavi,Karnataka,15.8497,74.4977,3.4,Light,23.4,74.3,Monsoon,0,Unknown,8,762,224.6,5.88,3123,Low,2019,7,July,No Flood,Normal,Light,No Flood
2019-07-21,Mumbai,Maharashtra,19.076,72.8777,0.0,No Rain,27.6,83.9,Monsoon,0,Unknown,18,8,111.4,2.28,21254,Low,2019,7,July,No Flood,Normal,No Rain,No Flood
2019-07-22,Sangli,Maharashtra,16.8524,74.5815,0.0,No Rain,23.9,77.1,Monsoon,0,Unknown,11,549,256.5,6.49,4982,Low,2019,7,July,No Flood,Normal,No Rain,No Flood
2019-07-22,Satara,Maharashtra,17.6805,73.9997,8.8,Moderate,22.3,92.7,Monsoon,0,Unknown,7,742,278.9,6.75,2720,Low,2019,7,July,No Flood,Normal,Light,No Flood
2019-07-22,Sangli,Maharashtra,16.8524,74.5815,54.8,Heavy,22.3,84.1,Monsoon,1,Very High,11,549,1718.1,16.28,4965,Very High,2019,7,July,Flood,Normal,Heavy,July
2019-07-22,Panaji,Goa,15.4909,73.8278,60.2,Heavy,30.2,86.9,Monsoon,1,Very High,7,7,1967.9,6.52,2301,Very High,2019,7,July,Flood,Normal,Heavy,July
2019-07-22,Ratnagiri,Maharashtra,16.9902,73.312,37.4,Heavy,24.7,88.4,Monsoon,1,High,13,11,1096.0,5.41,1626,Very High,2019,7,July,Flood,Normal,Moderate,July
2019-07-22,Belagavi,Karnataka,15.8497,74.4977,72.2,Very Heavy,22.5,95.8,Monsoon,1,Very High,8,762,1911.1,16.68,3116,Very High,2019,7,July,Flood,Extreme,Heavy,July
2019-07-23,Sangli,Maharashtra,16.8524,74.5815,0.0,No Rain,25.6,80.9,Monsoon,0,Unknown,11,549,258.3,5.97,4981,Low,2019,7,July,No Flood,Normal,No Rain,No Flood
2019-07-23,Sangli,Maharashtra,16.8524,74.5815,11.0,Moderate,22.2,85.5,Monsoon,0,Unknown,11,549,424.6,7.59,4928,Moderate,2019,7,July,No Flood,Normal,Light,No Flood
2019-07-23,Pune,Maharashtra,18.5204,73.8567,104.2,Very Heavy,26.5,99.0,Monsoon,1,Very High,9,560,4396.7,13.78,9500,Very High,2019,7,July,Flood,Extreme,Very Heavy,July
2019-07-23,Mumbai,Maharashtra,19.076,72.8777,51.0,Heavy,25.6,94.8,Monsoon,0,Unknown,18,8,1021.4,6.44,21281,Very High,2019,7,July,No Flood,Normal,Heavy,No Flood
2019-07-23,Sangli,Maharashtra,16.8524,74.5815,17.6,Moderate,24.1,82.0,Monsoon,0,Unknown,11,549,556.6,9.29,4959,Moderate,2019,7,July,No Flood,Normal,Light,No Flood
2019-07-23,Kolhapur,Maharashtra,16.705,74.2433,27.3,Moderate,27.3,85.9,Monsoon,0,Unknown,12,569,686.6,11.66,5870,High,2019,7,July,No Flood,Normal,Moderate,No Flood
2019-07-23,Kolhapur,Maharashtra,16.705,74.2433,16.0,Moderate,25.6,79.8,Monsoon,0,Unknown,12,569,507.6,9.43,5892,Moderate,2019,7,July,No Flood,Normal,Light,No Flood
2019-07-23,Kolhapur,Maharashtra,16.705,74.2433,15.3,Moderate,20.8,68.9,Monsoon,0,Unknown,12,569,480.5,9.34,5879,Moderate,2019,7,July,No Flood,Normal,Light,No Flood
2019-07-23,Kolhapur,Maharashtra,16.705,74.2433,0.0,No Rain,24.8,89.7,Monsoon,0,Unknown,12,569,190.1,5.94,5863,Low,2019,7,July,No Flood,Normal,No Rain,No Flood
2019-07-24,Belagavi,Karnataka,15.8497,74.4977,32.8,Moderate,21.7,88.4,Monsoon,0,Unknown,8,762,716.0,11.13,3141,Moderate,2019,7,July,No Flood,Normal,Moderate,No Flood
2019-07-24,Mumbai,Maharashtra,19.076,72.8777,23.5,Moderate,24.3,90.9,Monsoon,0,Unknown,18,8,477.1,3.98,21231,High,2019,7,July,No Flood,Normal,Moderate,No Flood
2019-07-24,Pune,Maharashtra,18.5204,73.8567,0.0,No Rain,23.5,83.9,Monsoon,0,Unknown,9,560,198.1,4.84,9519,Low,2019,7,July,No Flood,Normal,No Rain,No Flood
2019-07-25,Panaji,Goa,15.4909,73.8278,30.8,Moderate,29.9,98.5,Monsoon,0,Unknown,7,7,740.3,3.81,2310,High,2019,7,July,No Flood,Normal,Moderate,No Flood
2019-07-25,Sangli,Maharashtra,16.8524,74.5815,53.0,Heavy,24.4,90.0,Monsoon,1,Very High,11,549,1533.0,14.91,4935,Very High,2019,7,July,Flood,Normal,Heavy,July
2019-07-26,Solapur,Maharashtra,17.6599,75.9064,0.0,No Rain,22.7,82.5,Monsoon,0,Unknown,5,458,139.9,4.71,3862,Low,2019,7,July,No Flood,Normal,No Rain,No Flood
2019-07-26,Raigad,Maharashtra,18.5158,73.1822,91.4,Very Heavy,25.5,98.8,Monsoon,1,Very High,14,45,3599.2,8.99,1816,Very High,2019,7,July,Flood,Extreme,Heavy,July
2019-07-26,Pune,Maharashtra,18.5204,73.8567,16.6,Moderate,24.2,86.8,Monsoon,0,Unknown,9,560,492.8,6.84,9500,Moderate,2019,7,July,No Flood,Normal,Light,No Flood
2019-07-26,Kolhapur,Maharashtra,16.705,74.2433,52.7,Heavy,25.4,94.9,Monsoon,0,Unknown,12,569,1367.4,16.39,5881,High,2019,7,July,No Flood,Normal,Heavy,No Flood
2019-07-27,Ratnagiri,Maharashtra,16.9902,73.312,146.4,Extreme,25.3,99.0,Monsoon,1,Very High,13,11,4939.8,7.97,1632,Very High,2019,7,July,Flood,Extreme,Very Heavy,July
2019-07-27,Ratnagiri,Maharashtra,16.9902,73.312,61.8,Heavy,26.5,80.5,Monsoon,1,Very High,13,11,1924.0,7.39,1596,Very High,2019,7,July,Flood,Normal,Heavy,July
2019-07-27,Pune,Maharashtra,18.5204,73.8567,23.9,Moderate,25.7,78.0,Monsoon,0,Unknown,9,560,667.0,8.53,9489,High,2019,7,July,No Flood,Normal,Moderate,No Flood
2019-07-27,Sangli,Maharashtra,16.8524,74.5815,0.0,No Rain,25.8,88.5,Monsoon,0,Unknown,11,549,243.3,5.93,4970,Low,2019,7,July,No Flood,Normal,No Rain,No Flood
2019-07-27,Nagpur,Maharashtra,21.1458,79.0882,12.0,Moderate,28.5,80.1,Monsoon,0,Unknown,6,310,367.1,5.8,5178,Moderate,2019,7,July,No Flood,Normal,Light,No Flood
2019-07-27,Mumbai,Maharashtra,19.076,72.8777,0.0,No Rain,24.9,81.5,Monsoon,0,Unknown,18,8,180.9,2.71,21248,Low,2019,7,July,No Flood,Normal,No Rain,No Flood
2019-07-27,Belagavi,Karnataka,15.8497,74.4977,23.8,Moderate,24.6,86.0,Monsoon,0,Unknown,8,762,638.2,10.29,3127,Moderate,2019,7,July,No Flood,Normal,Moderate,No Flood
2019-07-27,Nagpur,Maharashtra,21.1458,79.0882,68.1,Very Heavy,24.9,94.7,Monsoon,1,Very High,6,310,2125.5,12.32,5186,Very High,2019,7,July,Flood,Extreme,Heavy,July
2019-07-28,Kolhapur,Maharashtra,16.705,74.2433,92.2,Very Heavy,23.3,99.0,Monsoon,1,Very High,12,569,3513.9,19.57,5890,Very High,2019,7,July,Flood,Extreme,Heavy,July
2019-07-28,Nagpur,Maharashtra,21.1458,79.0882,0.0,No Rain,23.8,80.9,Monsoon,0,Unknown,6,310,200.3,3.89,5181,Low,2019,7,July,No Flood,Normal,No Rain,No Flood
2019-07-28,Pune,Maharashtra,18.5204,73.8567,20.2,Moderate,21.7,81.2,Monsoon,0,Unknown,9,560,468.0,6.95,9497,Moderate,2019,7,July,No Flood,Normal,Moderate,No Flood
2019-07-28,Sangli,Maharashtra,16.8524,74.5815,11.6,Moderate,30.1,78.9,Monsoon,0,Unknown,11,549,370.7,7.23,4934,Moderate,2019,7,July,No Flood,Normal,Light,No Flood
2019-07-28,Satara,Maharashtra,17.6805,73.9997,0.0,No Rain,24.1,86.1,Monsoon,0,Unknown,7,742,137.8,4.73,2753,Low,2019,7,July,No Flood,Normal,No Rain,No Flood
2019-07-29,Ratnagiri,Maharashtra,16.9902,73.312,96.3,Very Heavy,27.3,91.5,Monsoon,1,Very High,13,11,2573.2,7.97,1629,Very High,2019,7,July,Flood,Extreme,Heavy,July
2019-07-29,Solapur,Maharashtra,17.6599,75.9064,0.0,No Rain,23.6,82.2,Monsoon,0,Unknown,5,458,129.7,4.18,3836,Low,2019,7,July,No Flood,Normal,No Rain,No Flood
2019-07-29,Ratnagiri,Maharashtra,16.9902,73.312,26.9,Moderate,25.1,75.5,Monsoon,0,Unknown,13,11,835.1,5.17,1636,High,2019,7,July,No Flood,Normal,Moderate,No Flood
2019-07-29,Sangli,Maharashtra,16.8524,74.5815,0.0,No Rain,25.9,86.8,Monsoon,0,Unknown,11,549,264.0,6.15,4955,Low,2019,7,July,No Flood,Normal,No Rain,No Flood
2019-07-29,Kolhapur,Maharashtra,16.705,74.2433,4.8,Light,19.2,88.3,Monsoon,0,Unknown,12,569,240.8,6.72,5869,Low,2019,7,July,No Flood,Normal,Light,No Flood
2019-07-29,Kolhapur,Maharashtra,16.705,74.2433,12.8,Moderate,27.1,79.4,Monsoon,0,Unknown,12,569,416.5,8.87,5854,Moderate,2019,7,July,No Flood,Normal,Light,No Flood
2019-07-29,Mumbai,Maharashtra,19.076,72.8777,0.0,No Rain,24.2,83.8,Monsoon,0,Unknown,18,8,134.6,1.88,21236,Low,2019,7,July,No Flood,Normal,No Rain,No Flood
2019-07-30,Pune,Maharashtra,18.5204,73.8567,0.3,Light,22.5,95.1,Monsoon,0,Unknown,9,560,199.2,4.32,9509,Low,2019,7,July,No Flood,Normal,Light,No Flood
2019-07-30,Ratnagiri,Maharashtra,16.9902,73.312,11.2,Moderate,26.9,88.2,Monsoon,0,Unknown,13,11,342.6,3.02,1622,Moderate,2019,7,July,No Flood,Normal,Light,No Flood
2019-07-30,Sangli,Maharashtra,16.8524,74.5815,32.0,Moderate,25.3,87.8,Monsoon,0,Unknown,11,549,900.0,11.82,4969,Moderate,2019,7,July,No Flood,Normal,Moderate,No Flood
2019-07-31,Kolhapur,Maharashtra,16.705,74.2433,14.1,Moderate,22.3,83.0,Monsoon,0,Unknown,12,569,457.3,9.47,5878,Moderate,2019,7,July,No Flood,Normal,Light,No Flood
2019-07-31,Mumbai,Maharashtra,19.076,72.8777,356.7,Extreme,25.3,99.0,Monsoon,1,Very High,18,8,17505.4,6.96,21234,Very High,2019,7,July,Flood,Extreme,Extreme,July
2019-07-31,Sangli,Maharashtra,16.8524,74.5815,128.6,Extreme,27.7,98.3,Monsoon,1,Very High,11,549,5601.6,18.56,4944,Very High,2019,7,July,Flood,Extreme,Very Heavy,July
2019-07-31,Satara,Maharashtra,17.6805,73.9997,29.0,Moderate,26.4,85.9,Monsoon,0,Unknown,7,742,616.9,10.32,2718,Moderate,2019,7,July,No Flood,Normal,Moderate,No Flood
2019-08-01,Ratnagiri,Maharashtra,16.9902,73.312,70.2,Very Heavy,28.8,92.4,Monsoon,1,Very High,13,11,1774.8,7.16,1640,Very High,2019,8,August,Flood,Extreme,Heavy,August
2019-08-02,Jalgaon,Maharashtra,21.0077,75.5626,11.2,Moderate,23.7,78.6,Monsoon,0,Unknown,4,209,311.6,6.11,3214,Moderate,2019,8,August,No Flood,Normal,Light,No Flood
2019-08-02,Nashik,Maharashtra,19.9975,73.7898,207.8,Extreme,22.2,99.0,Monsoon,1,Very High,6,600,10754.4,14.79,4120,Very High,2019,8,August,Flood,Extreme,Extreme,August
2019-08-02,Ratnagiri,Maharashtra,16.9902,73.312,45.7,Heavy,27.3,86.0,Monsoon,1,High,13,11,1297.2,6.21,1612,Very High,2019,8,August,Flood,Normal,Moderate,August
2019-08-02,Satara,Maharashtra,17.6805,73.9997,0.0,No Rain,23.7,77.4,Monsoon,0,Unknown,7,742,184.8,5.53,2707,Low,2019,8,August,No Flood,Normal,No Rain,No Flood
2019-08-03,Solapur,Maharashtra,17.6599,75.9064,7.7,Moderate,25.8,92.4,Monsoon,0,Unknown,5,458,232.3,6.09,3870,Low,2019,8,August,No Flood,Normal,Light,No Flood
2019-08-03,Nashik,Maharashtra,19.9975,73.7898,35.5,Moderate,23.3,86.3,Monsoon,0,Unknown,6,600,741.4,10.35,4140,Moderate,2019,8,August,No Flood,Normal,Moderate,No Flood
2019-08-03,Raigad,Maharashtra,18.5158,73.1822,0.0,No Rain,21.9,86.2,Monsoon,0,Unknown,14,45,253.6,3.06,1841,Moderate,2019,8,August,No Flood,Normal,No Rain,No Flood
2019-08-04,Mumbai,Maharashtra,19.076,72.8777,262.6,Extreme,26.7,99.0,Monsoon,1,Very High,18,8,13515.1,6.96,21279,Very High,2019,8,August,Flood,Extreme,Extreme,August
2019-08-04,Mumbai,Maharashtra,19.076,72.8777,0.0,No Rain,28.6,81.7,Monsoon,0,Unknown,18,8,109.1,2.13,21262,Low,2019,8,August,No Flood,Normal,No Rain,No Flood
2019-08-04,Jalgaon,Maharashtra,21.0077,75.5626,14.1,Moderate,24.8,77.6,Monsoon,0,Unknown,4,209,299.5,5.74,3235,Moderate,2019,8,August,No Flood,Normal,Light,No Flood
2019-08-05,Ratnagiri,Maharashtra,16.9902,73.312,32.4,Moderate,24.7,91.3,Monsoon,0,Unknown,13,11,703.6,4.37,1612,High,2019,8,August,No Flood,Normal,Moderate,No Flood
2019-08-06,Kolhapur,Maharashtra,16.705,74.2433,140.5,Extreme,23.0,99.0,Monsoon,1,Very High,12,569,5273.2,19.57,5881,Very High,2019,8,August,Flood,Extreme,Very Heavy,August
2019-08-07,Belagavi,Karnataka,15.8497,74.4977,0.0,No Rain,23.5,85.2,Monsoon,0,Unknown,8,762,168.2,5.16,3145,Low,2019,8,August,No Flood,Normal,No Rain,No Flood
2019-08-08,Satara,Maharashtra,17.6805,73.9997,0.0,No Rain,24.6,77.9,Monsoon,0,Unknown,7,742,183.3,5.47,2760,Low,2019,8,August,No Flood,Normal,No Rain,No Flood
2019-08-08,Pune,Maharashtra,18.5204,73.8567,36.8,Heavy,26.0,83.4,Monsoon,0,Unknown,9,560,886.1,9.55,9537,High,2019,8,August,No Flood,Normal,Moderate,No Flood
2019-08-08,Ratnagiri,Maharashtra,16.9902,73.312,115.3,Very Heavy,26.7,99.0,Monsoon,1,Very High,13,11,3165.9,7.97,1619,Very High,2019,8,August,Flood,Extreme,Very Heavy,August
2019-08-08,Mumbai,Maharashtra,19.076,72.8777,0.0,No Rain,24.4,83.8,Monsoon,0,Unknown,18,8,140.7,2.16,21279,Low,2019,8,August,No Flood,Normal,No Rain,No Flood
2019-08-08,Kolhapur,Maharashtra,16.705,74.2433,199.4,Extreme,23.5,99.0,Monsoon,1,Very High,12,569,6694.6,19.57,5845,Very High,2019,8,August,Flood,Extreme,Very Heavy,August
2019-08-08,Nagpur,Maharashtra,21.1458,79.0882,167.5,Extreme,22.8,99.0,Monsoon,1,Very High,6,310,7894.0,12.32,5132,Very High,2019,8,August,Flood,Extreme,Very Heavy,August
2019-08-09,Satara,Maharashtra,17.6805,73.9997,8.5,Moderate,22.8,98.2,Monsoon,0,Unknown,7,742,225.7,6.0,2745,Low,2019,8,August,No Flood,Normal,Light,No Flood
2019-08-09,Mumbai,Maharashtra,19.076,72.8777,0.0,No Rain,24.0,86.7,Monsoon,0,Unknown,18,8,125.3,2.12,21240,Low,2019,8,August,No Flood,Normal,No Rain,No Flood
2019-08-09,Mumbai,Maharashtra,19.076,72.8777,11.4,Moderate,26.9,81.8,Monsoon,0,Unknown,18,8,294.0,3.62,21266,Moderate,2019,8,August,No Flood,Normal,Light,No Flood
2019-08-09,Nashik,Maharashtra,19.9975,73.7898,0.0,No Rain,29.3,92.4,Monsoon,0,Unknown,6,600,194.3,5.31,4134,Low,2019,8,August,No Flood,Normal,No Rain,No Flood
2019-08-09,Nashik,Maharashtra,19.9975,73.7898,0.0,No Rain,22.0,73.2,Monsoon,0,Unknown,6,600,143.8,4.53,4142,Low,2019,8,August,No Flood,Normal,No Rain,No Flood
2019-08-09,Pune,Maharashtra,18.5204,73.8567,34.1,Moderate,22.7,86.8,Monsoon,1,Moderate,9,560,740.0,8.65,9527,High,2019,8,August,Flood,Normal,Moderate,August
2019-08-09,Raigad,Maharashtra,18.5158,73.1822,19.2,Moderate,26.8,77.2,Monsoon,0,Unknown,14,45,548.0,3.96,1831,Moderate,2019,8,August,No Flood,Normal,Light,No Flood
2019-08-09,Solapur,Maharashtra,17.6599,75.9064,8.5,Moderate,26.7,88.8,Monsoon,0,Unknown,5,458,207.5,5.35,3864,Low,2019,8,August,No Flood,Normal,Light,No Flood
2019-08-10,Satara,Maharashtra,17.6805,73.9997,0.0,No Rain,22.3,83.1,Monsoon,0,Unknown,7,742,149.4,5.14,2733,Low,2019,8,August,No Flood,Normal,No Rain,No Flood
2019-08-10,Sangli,Maharashtra,16.8524,74.5815,34.8,Moderate,28.7,91.5,Monsoon,0,Unknown,11,549,1030.3,12.42,4980,Moderate,2019,8,August,No Flood,Normal,Moderate,No Flood
2019-08-10,Ratnagiri,Maharashtra,16.9902,73.312,50.4,Heavy,25.2,93.5,Monsoon,0,Unknown,13,11,1229.4,5.56,1591,High,2019,8,August,No Flood,Normal,Heavy,No Flood
2019-08-10,Mumbai,Maharashtra,19.076,72.8777,0.0,No Rain,25.2,86.4,Monsoon,0,Unknown,18,8,110.1,1.94,21228,Low,2019,8,August,No Flood,Normal,No Rain,No Flood
2019-08-10,Belagavi,Karnataka,15.8497,74.4977,11.4,Moderate,24.0,83.4,Monsoon,0,Unknown,8,762,315.9,7.21,3149,Moderate,2019,8,August,No Flood,Normal,Light,No Flood
2019-08-11,Pune,Maharashtra,18.5204,73.8567,11.9,Moderate,25.1,78.9,Monsoon,0,Unknown,9,560,365.2,6.4,9515,Moderate,2019,8,August,No Flood,Normal,Light,No Flood
2019-08-12,Belagavi,Karnataka,15.8497,74.4977,83.8,Very Heavy,21.2,96.1,Monsoon,1,Very High,8,762,2650.7,16.68,3115,Very High,2019,8,August,Flood,Extreme,Heavy,August
2019-08-12,Kolhapur,Maharashtra,16.705,74.2433,0.0,No Rain,23.4,77.5,Monsoon,0,Unknown,12,569,167.3,5.37,5878,Low,2019,8,August,No Flood,Normal,No Rain,No Flood
2019-08-12,Nashik,Maharashtra,19.9975,73.7898,95.6,Very Heavy,22.6,91.4,Monsoon,1,Very High,6,600,2862.9,14.79,4165,Very High,2019,8,August,Flood,Extreme,Heavy,August
2019-08-12,Ratnagiri,Maharashtra,16.9902,73.312,35.3,Moderate,24.5,84.4,Monsoon,0,Unknown,13,11,1124.8,6.03,1635,High,2019,8,August,No Flood,Normal,Moderate,No Flood
2019-08-13,Sangli,Maharashtra,16.8524,74.5815,29.1,Moderate,23.1,83.5,Monsoon,0,Unknown,11,549,897.2,11.54,4974,Moderate,2019,8,August,No Flood,Normal,Moderate,No Flood
2019-08-13,Pune,Maharashtra,18.5204,73.8567,0.0,No Rain,27.1,79.1,Monsoon,0,Unknown,9,560,187.1,4.35,9487,Low,2019,8,August,No Flood,Normal,No Rain,No Flood
2019-08-13,Pune,Maharashtra,18.5204,73.8567,0.0,No Rain,28.3,70.2,Monsoon,0,Unknown,9,560,207.4,4.61,9489,Low,2019,8,August,No Flood,Normal,No Rain,No Flood
2019-08-13,Mumbai,Maharashtra,19.076,72.8777,17.2,Moderate,21.7,88.7,Monsoon,0,Unknown,18,8,332.1,3.67,21237,Moderate,2019,8,August,No Flood,Normal,Light,No Flood
2019-08-13,Pune,Maharashtra,18.5204,73.8567,0.0,No Rain,24.3,73.7,Monsoon,0,Unknown,9,560,192.0,3.79,9522,Low,2019,8,August,No Flood,Normal,No Rain,No Flood
2019-08-14,Nagpur,Maharashtra,21.1458,79.0882,0.0,No Rain,23.0,84.3,Monsoon,0,Unknown,6,310,174.1,3.59,5185,Low,2019,8,August,No Flood,Normal,No Rain,No Flood
2019-08-14,Ratnagiri,Maharashtra,16.9902,73.312,19.9,Moderate,24.6,82.4,Monsoon,0,Unknown,13,11,479.7,3.83,1608,High,2019,8,August,No Flood,Normal,Light,No Flood
2019-08-14,Satara,Maharashtra,17.6805,73.9997,16.8,Moderate,24.6,85.0,Monsoon,0,Unknown,7,742,385.3,8.13,2731,Moderate,2019,8,August,No Flood,Normal,Light,No Flood
2019-08-15,Jalgaon,Maharashtra,21.0077,75.5626,5.1,Light,24.8,92.7,Monsoon,0,Unknown,4,209,166.4,4.2,3226,Low,2019,8,August,No Flood,Normal,Light,No Flood
2019-08-15,Mumbai,Maharashtra,19.076,72.8777,8.3,Moderate,23.1,76.5,Monsoon,0,Unknown,18,8,221.4,2.63,21224,Moderate,2019,8,August,No Flood,Normal,Light,No Flood
2019-08-15,Raigad,Maharashtra,18.5158,73.1822,20.0,Moderate,28.4,88.5,Monsoon,0,Unknown,14,45,639.0,4.84,1819,High,2019,8,August,No Flood,Normal,Moderate,No Flood
2019-08-16,Pune,Maharashtra,18.5204,73.8567,7.5,Light,20.9,88.4,Monsoon,0,Unknown,9,560,277.5,5.17,9502,Low,2019,8,August,No Flood,Normal,Light,No Flood
2019-08-16,Sangli,Maharashtra,16.8524,74.5815,30.1,Moderate,26.5,92.8,Monsoon,0,Unknown,11,549,666.2,10.31,4978,Moderate,2019,8,August,No Flood,Normal,Moderate,No Flood
2019-08-16,Mumbai,Maharashtra,19.076,72.8777,43.0,Heavy,29.5,99.0,Monsoon,1,Very High,18,8,1111.6,6.68,21242,Very High,2019,8,August,Flood,Normal,Moderate,August
2019-08-16,Kolhapur,Maharashtra,16.705,74.2433,106.0,Very Heavy,27.2,84.4,Monsoon,1,Very High,12,569,4394.5,19.57,5877,Very High,2019,8,August,Flood,Extreme,Very Heavy,August
2019-08-16,Belagavi,Karnataka,15.8497,74.4977,0.0,No Rain,25.6,84.1,Monsoon,0,Unknown,8,762,179.8,5.82,3160,Low,2019,8,August,No Flood,Normal,No Rain,No Flood
2019-08-16,Kolhapur,Maharashtra,16.705,74.2433,10.5,Moderate,23.7,92.4,Monsoon,0,Unknown,12,569,320.3,8.07,5869,Moderate,2019,8,August,No Flood,Normal,Light,No Flood
2019-08-17,Jalgaon,Maharashtra,21.0077,75.5626,0.0,No Rain,23.1,82.9,Monsoon,0,Unknown,4,209,125.2,3.41,3239,Low,2019,8,August,No Flood,Normal,No Rain,No Flood
2019-08-17,Kolhapur,Maharashtra,16.705,74.2433,74.2,Very Heavy,25.4,98.2,Monsoon,1,Very High,12,569,2809.6,19.57,5887,Very High,2019,8,August,Flood,Extreme,Heavy,August
2019-08-17,Kolhapur,Maharashtra,16.705,74.2433,22.3,Moderate,21.2,98.7,Monsoon,0,Unknown,12,569,640.5,11.3,5881,High,2019,8,August,No Flood,Normal,Moderate,No Flood
2019-08-17,Sangli,Maharashtra,16.8524,74.5815,12.1,Moderate,23.9,81.6,Monsoon,0,Unknown,11,549,362.7,7.1,4977,Moderate,2019,8,August,No Flood,Normal,Light,No Flood
2019-08-18,Ratnagiri,Maharashtra,16.9902,73.312,9.9,Moderate,23.6,86.1,Monsoon,0,Unknown,13,11,344.4,3.41,1610,Moderate,2019,8,August,No Flood,Normal,Light,No Flood
2019-08-18,Mumbai,Maharashtra,19.076,72.8777,128.0,Extreme,22.3,92.5,Monsoon,1,Very High,18,8,4970.7,6.96,21226,Very High,2019,8,August,Flood,Extreme,Very Heavy,August
2019-08-18,Pune,Maharashtra,18.5204,73.8567,91.9,Very Heavy,22.8,96.4,Monsoon,1,Very High,9,560,3644.5,13.78,9500,Very High,2019,8,August,Flood,Extreme,Heavy,August
2019-08-19,Kolhapur,Maharashtra,16.705,74.2433,230.2,Extreme,22.5,99.0,Monsoon,1,Very High,12,569,11343.4,19.57,5870,Very High,2019,8,August,Flood,Extreme,Extreme,August
2019-08-19,Pune,Maharashtra,18.5204,73.8567,96.8,Very Heavy,25.9,79.5,Monsoon,1,Very High,9,560,3341.2,13.78,9510,Very High,2019,8,August,Flood,Extreme,Heavy,August
2019-08-19,Pune,Maharashtra,18.5204,73.8567,20.3,Moderate,23.6,87.7,Monsoon,0,Unknown,9,560,579.8,7.73,9487,Moderate,2019,8,August,No Flood,Normal,Moderate,No Flood
2019-08-19,Pune,Maharashtra,18.5204,73.8567,5.2,Light,28.0,78.2,Monsoon,0,Unknown,9,560,233.0,5.2,9482,Low,2019,8,August,No Flood,Normal,Light,No Flood
2019-08-19,Raigad,Maharashtra,18.5158,73.1822,16.8,Moderate,29.7,88.1,Monsoon,0,Unknown,14,45,574.9,4.46,1800,High,2019,8,August,No Flood,Normal,Light,No Flood
2019-08-19,Ratnagiri,Maharashtra,16.9902,73.312,0.0,No Rain,26.7,95.5,Monsoon,0,Unknown,13,11,229.8,2.45,1630,Low,2019,8,August,No Flood,Normal,No Rain,No Flood
2019-08-20,Sangli,Maharashtra,16.8524,74.5815,158.6,Extreme,23.5,99.0,Monsoon,1,Very High,11,549,6493.8,18.56,4973,Very High,2019,8,August,Flood,Extreme,Very Heavy,August
2019-08-20,Raigad,Maharashtra,18.5158,73.1822,75.3,Very Heavy,26.1,91.9,Monsoon,1,Very High,14,45,1998.4,7.85,1849,Very High,2019,8,August,Flood,Extreme,Heavy,August
2019-08-20,Pune,Maharashtra,18.5204,73.8567,51.4,Heavy,24.0,83.1,Monsoon,0,Unknown,9,560,1101.0,10.3,9511,High,2019,8,August,No Flood,Normal,Heavy,No Flood
2019-08-20,Pune,Maharashtra,18.5204,73.8567,2.2,Light,25.3,76.5,Monsoon,0,Unknown,9,560,172.3,4.1,9523,Low,2019,8,August,No Flood,Normal,Light,No Flood
2019-08-20,Kolhapur,Maharashtra,16.705,74.2433,14.2,Moderate,28.0,85.2,Monsoon,0,Unknown,12,569,439.0,9.22,5870,Moderate,2019,8,August,No Flood,Normal,Light,No Flood
2019-08-21,Kolhapur,Maharashtra,16.705,74.2433,1.2,Light,27.2,93.1,Monsoon,0,Unknown,12,569,228.5,6.41,5872,Low,2019,8,August,No Flood,Normal,Light,No Flood
2019-08-21,Kolhapur,Maharashtra,16.705,74.2433,29.5,Moderate,23.2,81.1,Monsoon,0,Unknown,12,569,670.3,11.87,5851,High,2019,8,August,No Flood,Normal,Moderate,No Flood
2019-08-21,Mumbai,Maharashtra,19.076,72.8777,42.3,Heavy,26.8,82.6,Monsoon,0,Unknown,18,8,1081.4,6.37,21240,Very High,2019,8,August,No Flood,Normal,Moderate,No Flood
2019-08-21,Panaji,Goa,15.4909,73.8278,0.0,No Rain,26.0,90.0,Monsoon,0,Unknown,7,7,203.5,1.56,2350,Low,2019,8,August,No Flood,Normal,No Rain,No Flood
2019-08-21,Solapur,Maharashtra,17.6599,75.9064,74.4,Very Heavy,22.8,89.0,Monsoon,1,Very High,5,458,1615.1,13.05,3849,Very High,2019,8,August,Flood,Extreme,Heavy,August
2019-08-22,Panaji,Goa,15.4909,73.8278,22.2,Moderate,22.5,82.8,Monsoon,0,Unknown,7,7,667.0,4.0,2301,High,2019,8,August,No Flood,Normal,Moderate,No Flood
2019-08-22,Nagpur,Maharashtra,21.1458,79.0882,67.9,Very Heavy,24.9,82.3,Monsoon,1,Very High,6,310,2305.3,12.32,5177,Very High,2019,8,August,Flood,Extreme,Heavy,August
2019-08-22,Mumbai,Maharashtra,19.076,72.8777,19.8,Moderate,22.1,87.9,Monsoon,0,Unknown,18,8,387.1,3.87,21274,Moderate,2019,8,August,No Flood,Normal,Light,No Flood
2019-08-22,Kolhapur,Maharashtra,16.705,74.2433,11.5,Moderate,26.3,92.8,Monsoon,0,Unknown,12,569,341.7,8.33,5887,Moderate,2019,8,August,No Flood,Normal,Light,No Flood
2019-08-22,Kolhapur,Maharashtra,16.705,74.2433,21.2,Moderate,23.0,97.3,Monsoon,0,Unknown,12,569,607.3,10.62,5897,Moderate,2019,8,August,No Flood,Normal,Moderate,No Flood
2019-08-23,Raigad,Maharashtra,18.5158,73.1822,0.0,No Rain,25.2,74.7,Monsoon,0,Unknown,14,45,312.4,3.17,1793,Moderate,2019,8,August,No Flood,Normal,No Rain,No Flood
2019-08-23,Raigad,Maharashtra,18.5158,73.1822,0.0,No Rain,29.8,84.9,Monsoon,0,Unknown,14,45,290.8,3.2,1819,Moderate,2019,8,August,No Flood,Normal,No Rain,No Flood
2019-08-24,Nagpur,Maharashtra,21.1458,79.0882,104.7,Very Heavy,26.7,94.1,Monsoon,1,Very High,6,310,3923.0,12.32,5150,Very High,2019,8,August,Flood,Extreme,Very Heavy,August
2019-08-24,Satara,Maharashtra,17.6805,73.9997,42.8,Heavy,21.1,96.4,Monsoon,1,High,7,742,1162.7,14.32,2723,Very High,2019,8,August,Flood,Normal,Moderate,August
2019-08-25,Nashik,Maharashtra,19.9975,73.7898,175.4,Extreme,26.2,99.0,Monsoon,1,Very High,6,600,5490.8,14.79,4169,Very High,2019,8,August,Flood,Extreme,Very Heavy,August
2019-08-25,Nagpur,Maharashtra,21.1458,79.0882,5.6,Light,27.2,79.1,Monsoon,0,Unknown,6,310,200.0,3.89,5188,Low,2019,8,August,No Flood,Normal,Light,No Flood
2019-08-25,Mumbai,Maharashtra,19.076,72.8777,20.9,Moderate,29.2,99.0,Monsoon,0,Unknown,18,8,433.9,3.87,21269,High,2019,8,August,No Flood,Normal,Moderate,No Flood
2019-08-25,Kolhapur,Maharashtra,16.705,74.2433,0.0,No Rain,26.3,79.7,Monsoon,0,Unknown,12,569,202.8,6.02,5853,Low,2019,8,August,No Flood,Normal,No Rain,No Flood
2019-08-25,Belagavi,Karnataka,15.8497,74.4977,8.1,Moderate,25.1,92.1,Monsoon,0,Unknown,8,762,322.1,7.05,3151,Moderate,2019,8,August,No Flood,Normal,Light,No Flood
2019-08-26,Nagpur,Maharashtra,21.1458,79.0882,23.5,Moderate,23.9,80.1,Monsoon,0,Unknown,6,310,673.8,7.37,5155,Moderate,2019,8,August,No Flood,Normal,Moderate,No Flood
2019-08-26,Nashik,Maharashtra,19.9975,73.7898,11.9,Moderate,26.1,73.5,Monsoon,0,Unknown,6,600,287.2,6.18,4173,Low,2019,8,August,No Flood,Normal,Light,No Flood
2019-08-26,Solapur,Maharashtra,17.6599,75.9064,0.0,No Rain,28.3,77.5,Monsoon,0,Unknown,5,458,101.4,4.26,3842,Low,2019,8,August,No Flood,Normal,No Rain,No Flood
2019-08-26,Solapur,Maharashtra,17.6599,75.9064,188.2,Extreme,24.9,99.0,Monsoon,1,Very High,5,458,5902.6,13.05,3856,Very High,2019,8,August,Flood,Extreme,Very Heavy,August
2019-08-27,Mumbai,Maharashtra,19.076,72.8777,49.2,Heavy,27.1,99.0,Monsoon,1,Very High,18,8,1311.8,6.86,21263,Very High,2019,8,August,Flood,Normal,Moderate,August
2019-08-27,Panaji,Goa,15.4909,73.8278,20.0,Moderate,27.7,74.3,Monsoon,0,Unknown,7,7,489.4,3.42,2345,Moderate,2019,8,August,No Flood,Normal,Moderate,No Flood
2019-08-27,Raigad,Maharashtra,18.5158,73.1822,0.0,No Rain,25.7,82.8,Monsoon,0,Unknown,14,45,264.0,2.74,1793,Moderate,2019,8,August,No Flood,Normal,No Rain,No Flood
2019-08-27,Raigad,Maharashtra,18.5158,73.1822,70.0,Very Heavy,26.6,91.1,Monsoon,1,Very High,14,45,2671.8,8.99,1823,Very High,2019,8,August,Flood,Extreme,Heavy,August
2019-08-27,Sangli,Maharashtra,16.8524,74.5815,0.0,No Rain,23.1,73.6,Monsoon,0,Unknown,11,549,259.7,6.15,4965,Low,2019,8,August,No Flood,Normal,No Rain,No Flood
2019-08-27,Solapur,Maharashtra,17.6599,75.9064,237.7,Extreme,22.0,99.0,Monsoon,1,Very High,5,458,12364.6,13.05,3818,Very High,2019,8,August,Flood,Extreme,Extreme,August
2019-08-28,Mumbai,Maharashtra,19.076,72.8777,262.3,Extreme,21.9,99.0,Monsoon,1,Very High,18,8,14077.5,6.96,21243,Very High,2019,8,August,Flood,Extreme,Extreme,August
2019-08-28,Ratnagiri,Maharashtra,16.9902,73.312,48.2,Heavy,28.9,88.8,Monsoon,1,High,13,11,1137.6,5.73,1617,Very High,2019,8,August,Flood,Normal,Moderate,August
2019-08-28,Ratnagiri,Maharashtra,16.9902,73.312,276.7,Extreme,26.4,99.0,Monsoon,1,Very High,13,11,16864.6,7.97,1596,Very High,2019,8,August,Flood,Extreme,Extreme,August
2019-08-28,Satara,Maharashtra,17.6805,73.9997,12.4,Moderate,21.6,89.7,Monsoon,0,Unknown,7,742,361.2,7.87,2760,Moderate,2019,8,August,No Flood,Normal,Light,No Flood
2019-08-29,Raigad,Maharashtra,18.5158,73.1822,45.8,Heavy,24.4,99.0,Monsoon,1,High,14,45,1305.8,6.66,1826,Very High,2019,8,August,Flood,Normal,Moderate,August
2019-08-29,Panaji,Goa,15.4909,73.8278,29.3,Moderate,25.6,86.9,Monsoon,0,Unknown,7,7,811.9,4.23,2324,High,2019,8,August,No Flood,Normal,Moderate,No Flood
2019-08-29,Mumbai,Maharashtra,19.076,72.8777,26.0,Moderate,25.1,74.8,Monsoon,0,Unknown,18,8,725.9,4.94,21262,High,2019,8,August,No Flood,Normal,Moderate,No Flood
2019-08-29,Pune,Maharashtra,18.5204,73.8567,16.1,Moderate,24.4,86.6,Monsoon,0,Unknown,9,560,479.4,6.65,9523,Moderate,2019,8,August,No Flood,Normal,Light,No Flood
2019-08-30,Kolhapur,Maharashtra,16.705,74.2433,59.1,Heavy,21.8,90.7,Monsoon,1,Very High,12,569,1653.7,18.42,5897,Very High,2019,8,August,Flood,Normal,Heavy,August
2019-08-30,Mumbai,Maharashtra,19.076,72.8777,0.0,No Rain,25.0,89.4,Monsoon,0,Unknown,18,8,148.3,2.48,21238,Low,2019,8,August,No Flood,Normal,No Rain,No Flood
2019-08-31,Mumbai,Maharashtra,19.076,72.8777,29.1,Moderate,25.6,95.1,Monsoon,0,Unknown,18,8,657.4,5.02,21264,High,2019,8,August,No Flood,Normal,Moderate,No Flood
2019-08-31,Satara,Maharashtra,17.6805,73.9997,0.0,No Rain,25.1,85.1,Monsoon,0,Unknown,7,742,147.3,4.39,2724,Low,2019,8,August,No Flood,Normal,No Rain,No Flood
2019-09-01,Solapur,Maharashtra,17.6599,75.9064,0.0,No Rain,23.8,92.8,Monsoon,0,Unknown,5,458,133.0,4.39,3869,Low,2019,9,September,No Flood,Normal,No Rain,No Flood
2019-09-01,Solapur,Maharashtra,17.6599,75.9064,114.3,Very Heavy,25.6,93.4,Monsoon,1,Very High,5,458,2921.8,13.05,3819,Very High,2019,9,September,Flood,Extreme,Very Heavy,September
2019-09-01,Mumbai,Maharashtra,19.076,72.8777,12.5,Moderate,26.3,99.0,Monsoon,0,Unknown,18,8,323.8,3.86,21253,Moderate,2019,9,September,No Flood,Normal,Light,No Flood
2019-09-01,Nagpur,Maharashtra,21.1458,79.0882,11.0,Moderate,25.7,87.7,Monsoon,0,Unknown,6,310,346.8,5.21,5141,Moderate,2019,9,September,No Flood,Normal,Light,No Flood
2019-09-02,Kolhapur,Maharashtra,16.705,74.2433,33.1,Moderate,24.9,81.4,Monsoon,1,High,12,569,973.6,14.01,5874,Very High,2019,9,September,Flood,Normal,Moderate,September
2019-09-02,Nashik,Maharashtra,19.9975,73.7898,45.5,Heavy,24.4,87.7,Monsoon,0,Unknown,6,600,957.3,11.76,4144,High,2019,9,September,No Flood,Normal,Moderate,No Flood
2019-09-03,Mumbai,Maharashtra,19.076,72.8777,136.9,Extreme,27.4,96.6,Monsoon,1,Very High,18,8,5545.0,6.96,21278,Very High,2019,9,September,Flood,Extreme,Very Heavy,September
2019-09-03,Mumbai,Maharashtra,19.076,72.8777,33.1,Moderate,31.0,93.5,Monsoon,1,Moderate,18,8,606.2,4.45,21276,High,2019,9,September,Flood,Normal,Moderate,September
2019-09-03,Raigad,Maharashtra,18.5158,73.1822,0.0,No Rain,25.5,84.9,Monsoon,0,Unknown,14,45,256.4,2.8,1840,Moderate,2019,9,September,No Flood,Normal,No Rain,No Flood
2019-09-03,Raigad,Maharashtra,18.5158,73.1822,0.0,No Rain,28.0,99.0,Monsoon,0,Unknown,14,45,255.2,2.98,1824,Moderate,2019,9,September,No Flood,Normal,No Rain,No Flood
2019-09-04,Kolhapur,Maharashtra,16.705,74.2433,22.7,Moderate,26.1,95.8,Monsoon,0,Unknown,12,569,705.9,11.43,5898,High,2019,9,September,No Flood,Normal,Moderate,No Flood
2019-09-06,Pune,Maharashtra,18.5204,73.8567,7.5,Light,26.6,86.0,Monsoon,0,Unknown,9,560,263.9,4.87,9490,Low,2019,9,September,No Flood,Normal,Light,No Flood
2019-09-06,Nashik,Maharashtra,19.9975,73.7898,6.4,Light,24.3,91.3,Monsoon,0,Unknown,6,600,226.2,5.54,4120,Low,2019,9,September,No Flood,Normal,Light,No Flood
2019-09-06,Panaji,Goa,15.4909,73.8278,11.0,Moderate,28.3,81.3,Monsoon,0,Unknown,7,7,372.1,2.98,2337,Moderate,2019,9,September,No Flood,Normal,Light,No Flood
2019-09-07,Mumbai,Maharashtra,19.076,72.8777,36.6,Heavy,26.5,85.7,Monsoon,0,Unknown,18,8,882.2,5.74,21228,Very High,2019,9,September,No Flood,Normal,Moderate,No Flood
2019-09-07,Mumbai,Maharashtra,19.076,72.8777,76.8,Very Heavy,25.3,93.5,Monsoon,1,Very High,18,8,2661.3,6.96,21269,Very High,2019,9,September,Flood,Extreme,Heavy,September
2019-09-08,Mumbai,Maharashtra,19.076,72.8777,21.5,Moderate,24.7,79.4,Monsoon,0,Unknown,18,8,455.5,4.34,21257,High,2019,9,September,No Flood,Normal,Moderate,No Flood
2019-09-08,Sangli,Maharashtra,16.8524,74.5815,30.3,Moderate,24.2,83.4,Monsoon,0,Unknown,11,549,826.8,11.36,4960,Moderate,2019,9,September,No Flood,Normal,Moderate,No Flood
2019-09-08,Sangli,Maharashtra,16.8524,74.5815,27.9,Moderate,21.1,88.7,Monsoon,0,Unknown,11,549,777.5,10.76,4939,Moderate,2019,9,September,No Flood,Normal,Moderate,No Flood
2019-09-08,Satara,Maharashtra,17.6805,73.9997,25.4,Moderate,22.9,93.0,Monsoon,0,Unknown,7,742,537.9,9.57,2722,Moderate,2019,9,September,No Flood,Normal,Moderate,No Flood
2019-09-09,Pune,Maharashtra,18.5204,73.8567,45.9,Heavy,25.8,95.6,Monsoon,1,High,9,560,1068.4,10.54,9492,Very High,2019,9,September,Flood,Normal,Moderate,September
2019-09-09,Ratnagiri,Maharashtra,16.9902,73.312,0.0,No Rain,25.6,77.6,Monsoon,0,Unknown,13,11,240.1,2.55,1628,Low,2019,9,September,No Flood,Normal,No Rain,No Flood
2019-09-09,Sangli,Maharashtra,16.8524,74.5815,35.2,Moderate,22.0,89.0,Monsoon,1,High,11,549,1021.9,12.22,4943,Very High,2019,9,September,Flood,Normal,Moderate,September
2019-09-10,Kolhapur,Maharashtra,16.705,74.2433,78.1,Very Heavy,20.7,85.4,Monsoon,1,Very High,12,569,2231.0,19.57,5847,Very High,2019,9,September,Flood,Extreme,Heavy,September
2019-09-10,Kolhapur,Maharashtra,16.705,74.2433,98.3,Very Heavy,28.4,94.5,Monsoon,1,Very High,12,569,2426.0,19.57,5882,Very High,2019,9,September,Flood,Extreme,Heavy,September
2019-09-11,Solapur,Maharashtra,17.6599,75.9064,30.9,Moderate,25.4,94.1,Monsoon,0,Unknown,5,458,672.4,10.26,3870,High,2019,9,September,No Flood,Normal,Moderate,No Flood
2019-09-11,Sangli,Maharashtra,16.8524,74.5815,9.8,Moderate,26.1,90.4,Monsoon,0,Unknown,11,549,348.4,7.44,4980,Moderate,2019,9,September,No Flood,Normal,Light,No Flood
2019-09-11,Nagpur,Maharashtra,21.1458,79.0882,18.3,Moderate,28.2,84.2,Monsoon,0,Unknown,6,310,403.9,6.23,5157,Moderate,2019,9,September,No Flood,Normal,Light,No Flood
2019-09-11,Satara,Maharashtra,17.6805,73.9997,91.6,Very Heavy,22.9,94.0,Monsoon,1,Very High,7,742,3352.3,15.95,2732,Very High,2019,9,September,Flood,Extreme,Heavy,September
2019-09-11,Kolhapur,Maharashtra,16.705,74.2433,135.6,Extreme,24.7,99.0,Monsoon,1,Very High,12,569,6020.8,19.57,5892,Very High,2019,9,September,Flood,Extreme,Very Heavy,September
2019-09-11,Jalgaon,Maharashtra,21.0077,75.5626,0.0,No Rain,23.7,78.4,Monsoon,0,Unknown,4,209,99.8,3.42,3221,Low,2019,9,September,No Flood,Normal,No Rain,No Flood
2019-09-11,Mumbai,Maharashtra,19.076,72.8777,0.0,No Rain,26.2,83.4,Monsoon,0,Unknown,18,8,135.6,2.2,21253,Low,2019,9,September,No Flood,Normal,No Rain,No Flood
2019-09-12,Jalgaon,Maharashtra,21.0077,75.5626,210.5,Extreme,27.2,99.0,Monsoon,1,Very High,4,209,7244.4,11.6,3242,Very High,2019,9,September,Flood,Extreme,Extreme,September
2019-09-12,Pune,Maharashtra,18.5204,73.8567,46.5,Heavy,26.3,91.3,Monsoon,0,Unknown,9,560,1140.3,10.87,9516,High,2019,9,September,No Flood,Normal,Moderate,No Flood
2019-09-12,Satara,Maharashtra,17.6805,73.9997,0.0,No Rain,25.0,90.2,Monsoon,0,Unknown,7,742,152.1,5.31,2737,Low,2019,9,September,No Flood,Normal,No Rain,No Flood
2019-09-14,Mumbai,Maharashtra,19.076,72.8777,122.9,Very Heavy,25.9,97.0,Monsoon,1,Very High,18,8,3829.0,6.96,21270,Very High,2019,9,September,Flood,Extreme,Very Heavy,September
2019-09-14,Mumbai,Maharashtra,19.076,72.8777,15.5,Moderate,22.8,87.4,Monsoon,0,Unknown,18,8,395.8,4.06,21246,High,2019,9,September,No Flood,Normal,Light,No Flood
2019-09-14,Mumbai,Maharashtra,19.076,72.8777,0.0,No Rain,29.5,91.6,Monsoon,0,Unknown,18,8,136.1,2.32,21270,Low,2019,9,September,No Flood,Normal,No Rain,No Flood
2019-09-14,Nashik,Maharashtra,19.9975,73.7898,72.9,Very Heavy,23.8,82.3,Monsoon,1,Very High,6,600,2122.6,14.79,4148,Very High,2019,9,September,Flood,Extreme,Heavy,September
2019-09-15,Ratnagiri,Maharashtra,16.9902,73.312,38.3,Heavy,29.1,87.9,Monsoon,1,High,13,11,1125.6,5.61,1599,Very High,2019,9,September,Flood,Normal,Moderate,September
2019-09-16,Solapur,Maharashtra,17.6599,75.9064,51.9,Heavy,23.5,82.5,Monsoon,0,Unknown,5,458,1187.5,13.05,3861,High,2019,9,September,No Flood,Normal,Heavy,No Flood
2019-09-17,Belagavi,Karnataka,15.8497,74.4977,93.5,Very Heavy,25.2,85.5,Monsoon,1,Very High,8,762,3210.6,16.68,3154,Very High,2019,9,September,Flood,Extreme,Heavy,September
2019-09-18,Sangli,Maharashtra,16.8524,74.5815,32.4,Moderate,24.1,92.8,Monsoon,0,Unknown,11,549,713.1,10.41,4971,Moderate,2019,9,September,No Flood,Normal,Moderate,No Flood
2019-09-18,Pune,Maharashtra,18.5204,73.8567,35.6,Heavy,27.1,99.0,Monsoon,0,Unknown,9,560,944.1,10.06,9522,High,2019,9,September,No Flood,Normal,Moderate,No Flood
2019-09-18,Panaji,Goa,15.4909,73.8278,29.2,Moderate,25.4,90.9,Monsoon,1,Moderate,7,7,727.6,3.79,2306,High,2019,9,September,Flood,Normal,Moderate,September
2019-09-18,Raigad,Maharashtra,18.5158,73.1822,0.0,No Rain,26.7,72.3,Monsoon,0,Unknown,14,45,294.3,3.01,1840,Moderate,2019,9,September,No Flood,Normal,No Rain,No Flood
2019-09-18,Nashik,Maharashtra,19.9975,73.7898,25.6,Moderate,25.4,89.5,Monsoon,0,Unknown,6,600,590.3,9.0,4149,Moderate,2019,9,September,No Flood,Normal,Moderate,No Flood
2019-09-18,Kolhapur,Maharashtra,16.705,74.2433,8.9,Moderate,21.7,78.3,Monsoon,0,Unknown,12,569,304.1,7.15,5850,Moderate,2019,9,September,No Flood,Normal,Light,No Flood
2019-09-18,Panaji,Goa,15.4909,73.8278,58.9,Heavy,26.1,90.0,Monsoon,1,Very High,7,7,1722.7,6.21,2313,Very High,2019,9,September,Flood,Normal,Heavy,September
2019-09-20,Mumbai,Maharashtra,19.076,72.8777,22.2,Moderate,22.8,89.0,Monsoon,0,Unknown,18,8,529.2,4.65,21227,High,2019,9,September,No Flood,Normal,Moderate,No Flood
2019-09-20,Sangli,Maharashtra,16.8524,74.5815,54.4,Heavy,29.1,83.3,Monsoon,0,Unknown,11,549,1769.1,16.39,4954,High,2019,9,September,No Flood,Normal,Heavy,No Flood
2019-09-21,Jalgaon,Maharashtra,21.0077,75.5626,54.7,Heavy,28.5,87.1,Monsoon,1,Very High,4,209,1719.4,11.6,3267,Very High,2019,9,September,Flood,Normal,Heavy,September
2019-09-21,Kolhapur,Maharashtra,16.705,74.2433,7.5,Light,24.4,72.7,Monsoon,0,Unknown,12,569,288.9,7.21,5869,Low,2019,9,September,No Flood,Normal,Light,No Flood
2019-09-21,Mumbai,Maharashtra,19.076,72.8777,9.3,Moderate,26.1,85.0,Monsoon,0,Unknown,18,8,244.5,3.02,21245,Moderate,2019,9,September,No Flood,Normal,Light,No Flood
2019-09-21,Sangli,Maharashtra,16.8524,74.5815,68.2,Very Heavy,24.5,93.5,Monsoon,0,Unknown,11,549,1986.8,17.52,4970,Very High,2019,9,September,No Flood,Extreme,Heavy,No Flood
2019-09-22,Solapur,Maharashtra,17.6599,75.9064,34.3,Moderate,21.0,85.7,Monsoon,0,Unknown,5,458,959.2,12.22,3854,High,2019,9,September,No Flood,Normal,Moderate,No Flood
2019-09-22,Satara,Maharashtra,17.6805,73.9997,51.8,Heavy,22.9,89.5,Monsoon,0,Unknown,7,742,1513.1,15.95,2729,High,2019,9,September,No Flood,Normal,Heavy,No Flood
2019-09-22,Pune,Maharashtra,18.5204,73.8567,0.0,No Rain,24.6,86.8,Monsoon,0,Unknown,9,560,191.5,4.73,9485,Low,2019,9,September,No Flood,Normal,No Rain,No Flood
2019-09-22,Kolhapur,Maharashtra,16.705,74.2433,0.0,No Rain,24.9,94.9,Monsoon,0,Unknown,12,569,210.3,5.99,5875,Low,2019,9,September,No Flood,Normal,No Rain,No Flood
2019-09-23,Kolhapur,Maharashtra,16.705,74.2433,48.1,Heavy,26.3,96.1,Monsoon,0,Unknown,12,569,1388.4,16.54,5891,High,2019,9,September,No Flood,Normal,Moderate,No Flood
2019-09-23,Panaji,Goa,15.4909,73.8278,62.0,Heavy,27.0,97.6,Monsoon,1,Very High,7,7,1593.3,6.32,2304,Very High,2019,9,September,Flood,Normal,Heavy,September
2019-09-23,Pune,Maharashtra,18.5204,73.8567,17.1,Moderate,28.7,97.0,Monsoon,0,Unknown,9,560,408.3,6.42,9495,Moderate,2019,9,September,No Flood,Normal,Light,No Flood
2019-09-24,Belagavi,Karnataka,15.8497,74.4977,3.2,Light,21.7,87.5,Monsoon,0,Unknown,8,762,236.6,5.7,3153,Low,2019,9,September,No Flood,Normal,Light,No Flood
2019-09-24,Jalgaon,Maharashtra,21.0077,75.5626,4.6,Light,25.6,78.0,Monsoon,0,Unknown,4,209,164.7,4.14,3263,Low,2019,9,September,No Flood,Normal,Light,No Flood
2019-09-25,Nashik,Maharashtra,19.9975,73.7898,5.9,Light,25.7,85.3,Monsoon,0,Unknown,6,600,257.5,5.93,4176,Low,2019,9,September,No Flood,Normal,Light,No Flood
2019-09-25,Mumbai,Maharashtra,19.076,72.8777,14.0,Moderate,25.8,86.7,Monsoon,0,Unknown,18,8,333.9,3.26,21239,Moderate,2019,9,September,No Flood,Normal,Light,No Flood
2019-09-25,Pune,Maharashtra,18.5204,73.8567,0.0,No Rain,20.3,89.2,Monsoon,0,Unknown,9,560,215.1,4.78,9523,Low,2019,9,September,No Flood,Normal,No Rain,No Flood
2019-09-26,Pune,Maharashtra,18.5204,73.8567,0.0,No Rain,26.5,86.6,Monsoon,0,Unknown,9,560,176.4,4.03,9533,Low,2019,9,September,No Flood,Normal,No Rain,No Flood
2019-09-26,Nashik,Maharashtra,19.9975,73.7898,3.5,Light,23.2,77.5,Monsoon,0,Unknown,6,600,172.7,4.46,4127,Low,2019,9,September,No Flood,Normal,Light,No Flood
2019-09-26,Mumbai,Maharashtra,19.076,72.8777,8.9,Moderate,25.3,80.6,Monsoon,0,Unknown,18,8,216.8,3.01,21269,Moderate,2019,9,September,No Flood,Normal,Light,No Flood
2019-09-26,Nagpur,Maharashtra,21.1458,79.0882,37.4,Heavy,22.1,89.6,Monsoon,1,High,6,310,924.9,8.96,5153,Very High,2019,9,September,Flood,Normal,Moderate,September
2019-09-27,Mumbai,Maharashtra,19.076,72.8777,27.8,Moderate,25.0,87.7,Monsoon,0,Unknown,18,8,704.1,5.1,21226,High,2019,9,September,No Flood,Normal,Moderate,No Flood
2019-09-27,Pune,Maharashtra,18.5204,73.8567,0.0,No Rain,25.6,90.5,Monsoon,0,Unknown,9,560,187.5,4.47,9512,Low,2019,9,September,No Flood,Normal,No Rain,No Flood
2019-09-27,Raigad,Maharashtra,18.5158,73.1822,60.5,Heavy,25.2,99.0,Monsoon,1,Very High,14,45,2010.2,7.91,1827,Very High,2019,9,September,Flood,Normal,Heavy,September
2019-09-28,Belagavi,Karnataka,15.8497,74.4977,7.2,Light,19.7,75.5,Monsoon,0,Unknown,8,762,243.7,5.99,3153,Low,2019,9,September,No Flood,Normal,Light,No Flood
2019-09-28,Jalgaon,Maharashtra,21.0077,75.5626,33.4,Moderate,21.8,93.8,Monsoon,0,Unknown,4,209,754.4,9.03,3258,High,2019,9,September,No Flood,Normal,Moderate,No Flood
2019-09-28,Mumbai,Maharashtra,19.076,72.8777,344.3,Extreme,31.0,99.0,Monsoon,1,Very High,18,8,21509.4,6.96,21247,Very High,2019,9,September,Flood,Extreme,Extreme,September
2019-09-28,Ratnagiri,Maharashtra,16.9902,73.312,37.8,Heavy,29.6,99.0,Monsoon,0,Unknown,13,11,890.2,4.91,1635,High,2019,9,September,No Flood,Normal,Moderate,No Flood
2019-09-29,Sangli,Maharashtra,16.8524,74.5815,20.4,Moderate,22.3,92.6,Monsoon,0,Unknown,11,549,683.1,10.29,4983,Moderate,2019,9,September,No Flood,Normal,Moderate,No Flood
2019-09-29,Nagpur,Maharashtra,21.1458,79.0882,23.2,Moderate,27.1,90.9,Monsoon,0,Unknown,6,310,676.7,7.71,5152,Moderate,2019,9,September,No Flood,Normal,Moderate,No Flood
2019-09-30,Pune,Maharashtra,18.5204,73.8567,37.0,Heavy,25.1,92.4,Monsoon,1,Moderate,9,560,823.4,8.77,9518,High,2019,9,September,Flood,Normal,Moderate,September
2019-09-30,Sangli,Maharashtra,16.8524,74.5815,227.5,Extreme,23.4,99.0,Monsoon,1,Very High,11,549,12114.5,18.56,4979,Very High,2019,9,September,Flood,Extreme,Extreme,September
2019-09-30,Sangli,Maharashtra,16.8524,74.5815,0.0,No Rain,25.6,94.3,Monsoon,0,Unknown,11,549,267.8,6.37,4984,Low,2019,9,September,No Flood,Normal,No Rain,No Flood
2019-10-01,Satara,Maharashtra,17.6805,73.9997,1.0,Light,26.8,65.8,Post-Monsoon,0,Unknown,7,742,48.1,2.67,2761,Low,2019,10,October,No Flood,Normal,Light,No Flood
2019-10-02,Kolhapur,Maharashtra,16.705,74.2433,0.0,No Rain,24.4,52.4,Post-Monsoon,0,Unknown,12,569,70.8,3.04,5840,Low,2019,10,October,No Flood,Normal,No Rain,No Flood
2019-10-03,Nagpur,Maharashtra,21.1458,79.0882,0.0,No Rain,25.8,63.2,Post-Monsoon,0,Unknown,6,310,54.0,2.19,5189,Low,2019,10,October,No Flood,Normal,No Rain,No Flood
2019-10-03,Nashik,Maharashtra,19.9975,73.7898,8.6,Moderate,24.3,57.5,Post-Monsoon,0,Unknown,6,600,181.9,4.96,4161,Low,2019,10,October,No Flood,Normal,Light,No Flood
2019-10-04,Satara,Maharashtra,17.6805,73.9997,0.0,No Rain,28.3,74.5,Post-Monsoon,0,Unknown,7,742,75.0,3.28,2722,Low,2019,10,October,No Flood,Normal,No Rain,No Flood
2019-10-04,Sangli,Maharashtra,16.8524,74.5815,0.0,No Rain,26.6,63.6,Post-Monsoon,0,Unknown,11,549,94.4,3.49,4929,Low,2019,10,October,No Flood,Normal,No Rain,No Flood
2019-10-05,Belagavi,Karnataka,15.8497,74.4977,0.0,No Rain,25.5,65.5,Post-Monsoon,0,Unknown,8,762,51.7,2.69,3111,Low,2019,10,October,No Flood,Normal,No Rain,No Flood
2019-10-05,Mumbai,Maharashtra,19.076,72.8777,12.9,Moderate,26.2,59.9,Post-Monsoon,0,Unknown,18,8,231.2,2.62,21228,Moderate,2019,10,October,No Flood,Normal,Light,No Flood
2019-10-06,Satara,Maharashtra,17.6805,73.9997,0.0,No Rain,22.8,60.3,Post-Monsoon,0,Unknown,7,742,63.4,3.4,2748,Low,2019,10,October,No Flood,Normal,No Rain,No Flood
2019-10-07,Kolhapur,Maharashtra,16.705,74.2433,0.0,No Rain,21.6,49.5,Post-Monsoon,0,Unknown,12,569,105.0,4.02,5883,Low,2019,10,October,No Flood,Normal,No Rain,No Flood
2019-10-09,Mumbai,Maharashtra,19.076,72.8777,0.9,Light,25.1,85.3,Post-Monsoon,0,Unknown,18,8,56.9,1.51,21245,Low,2019,10,October,No Flood,Normal,Light,No Flood
2019-10-10,Raigad,Maharashtra,18.5158,73.1822,0.0,No Rain,28.7,57.5,Post-Monsoon,0,Unknown,14,45,92.3,1.52,1845,Low,2019,10,October,No Flood,Normal,No Rain,No Flood
2019-10-10,Satara,Maharashtra,17.6805,73.9997,0.2,Light,28.4,56.9,Post-Monsoon,0,Unknown,7,742,44.3,2.98,2747,Low,2019,10,October,No Flood,Normal,Light,No Flood
2019-10-10,Belagavi,Karnataka,15.8497,74.4977,12.4,Moderate,25.0,71.0,Post-Monsoon,0,Unknown,8,762,192.3,5.2,3157,Low,2019,10,October,No Flood,Normal,Light,No Flood
2019-10-10,Pune,Maharashtra,18.5204,73.8567,0.0,No Rain,27.4,68.6,Post-Monsoon,0,Unknown,9,560,110.5,3.42,9517,Low,2019,10,October,No Flood,Normal,No Rain,No Flood
2019-10-11,Raigad,Maharashtra,18.5158,73.1822,1.3,Light,24.9,51.0,Post-Monsoon,0,Unknown,14,45,139.2,1.96,1808,Low,2019,10,October,No Flood,Normal,Light,No Flood
2019-10-12,Mumbai,Maharashtra,19.076,72.8777,61.7,Heavy,29.6,73.0,Post-Monsoon,1,Very High,18,8,1732.9,6.96,21271,Very High,2019,10,October,Flood,Normal,Heavy,October
2019-10-13,Kolhapur,Maharashtra,16.705,74.2433,1.2,Light,23.7,61.1,Post-Monsoon,0,Unknown,12,569,60.4,2.94,5885,Low,2019,10,October,No Flood,Normal,Light,No Flood
2019-10-14,Satara,Maharashtra,17.6805,73.9997,6.0,Light,22.4,67.8,Post-Monsoon,0,Unknown,7,742,119.5,4.24,2743,Low,2019,10,October,No Flood,Normal,Light,No Flood
2019-10-15,Sangli,Maharashtra,16.8524,74.5815,7.9,Moderate,28.4,50.6,Post-Monsoon,0,Unknown,11,549,194.2,5.31,4954,Low,2019,10,October,No Flood,Normal,Light,No Flood
2019-10-16,Sangli,Maharashtra,16.8524,74.5815,0.0,No Rain,28.5,66.0,Post-Monsoon,0,Unknown,11,549,100.4,3.84,4963,Low,2019,10,October,No Flood,Normal,No Rain,No Flood
2019-10-20,Kolhapur,Maharashtra,16.705,74.2433,0.0,No Rain,22.0,56.8,Post-Monsoon,0,Unknown,12,569,87.2,3.86,5840,Low,2019,10,October,No Flood,Normal,No Rain,No Flood
2019-10-24,Satara,Maharashtra,17.6805,73.9997,0.0,No Rain,25.5,60.3,Post-Monsoon,0,Unknown,7,742,81.4,3.63,2718,Low,2019,10,October,No Flood,Normal,No Rain,No Flood
2019-10-24,Raigad,Maharashtra,18.5158,73.1822,0.0,No Rain,27.1,56.6,Post-Monsoon,0,Unknown,14,45,107.9,1.87,1808,Low,2019,10,October,No Flood,Normal,No Rain,No Flood
2019-10-24,Satara,Maharashtra,17.6805,73.9997,0.0,No Rain,20.9,62.0,Post-Monsoon,0,Unknown,7,742,60.6,3.14,2721,Low,2019,10,October,No Flood,Normal,No Rain,No Flood
2019-10-25,Raigad,Maharashtra,18.5158,73.1822,0.0,No Rain,27.7,51.4,Post-Monsoon,0,Unknown,14,45,126.7,2.26,1835,Low,2019,10,October,No Flood,Normal,No Rain,No Flood
2019-10-26,Mumbai,Maharashtra,19.076,72.8777,8.9,Moderate,26.0,84.3,Post-Monsoon,0,Unknown,18,8,188.2,2.51,21258,Moderate,2019,10,October,No Flood,Normal,Light,No Flood
2019-10-26,Raigad,Maharashtra,18.5158,73.1822,18.8,Moderate,30.9,63.0,Post-Monsoon,0,Unknown,14,45,446.1,3.92,1804,Moderate,2019,10,October,No Flood,Normal,Light,No Flood
2019-10-27,Belagavi,Karnataka,15.8497,74.4977,4.8,Light,29.0,63.2,Post-Monsoon,0,Unknown,8,762,131.8,4.54,3145,Low,2019,10,October,No Flood,Normal,Light,No Flood
2019-10-27,Mumbai,Maharashtra,19.076,72.8777,5.8,Light,29.1,68.6,Post-Monsoon,0,Unknown,18,8,126.3,1.92,21276,Low,2019,10,October,No Flood,Normal,Light,No Flood
2019-10-27,Raigad,Maharashtra,18.5158,73.1822,0.0,No Rain,31.4,58.7,Post-Monsoon,0,Unknown,14,45,89.6,1.42,1839,Low,2019,10,October,No Flood,Normal,No Rain,No Flood
2019-10-27,Sangli,Maharashtra,16.8524,74.5815,0.0,No Rain,27.3,63.8,Post-Monsoon,0,Unknown,11,549,89.7,3.26,4938,Low,2019,10,October,No Flood,Normal,No Rain,No Flood
2019-10-27,Solapur,Maharashtra,17.6599,75.9064,0.0,No Rain,28.1,59.0,Post-Monsoon,0,Unknown,5,458,44.8,2.53,3818,Low,2019,10,October,No Flood,Normal,No Rain,No Flood
2019-10-29,Solapur,Maharashtra,17.6599,75.9064,0.0,No Rain,26.0,69.5,Post-Monsoon,0,Unknown,5,458,53.7,2.98,3854,Low,2019,10,October,No Flood,Normal,No Rain,No Flood
2019-10-30,Belagavi,Karnataka,15.8497,74.4977,0.0,No Rain,27.8,68.8,Post-Monsoon,0,Unknown,8,762,89.1,3.95,3127,Low,2019,10,October,No Flood,Normal,No Rain,No Flood
2019-11-01,Mumbai,Maharashtra,19.076,72.8777,57.6,Heavy,21.1,64.5,Post-Monsoon,1,Very High,18,8,1621.3,6.96,21230,Very High,2019,11,November,Flood,Normal,Heavy,November
2019-11-01,Raigad,Maharashtra,18.5158,73.1822,0.0,No Rain,30.4,67.8,Post-Monsoon,0,Unknown,14,45,119.6,2.14,1850,Low,2019,11,November,No Flood,Normal,No Rain,No Flood
2019-11-02,Kolhapur,Maharashtra,16.705,74.2433,0.0,No Rain,21.2,58.0,Post-Monsoon,0,Unknown,12,569,113.9,4.66,5877,Low,2019,11,November,No Flood,Normal,No Rain,No Flood
2019-11-03,Satara,Maharashtra,17.6805,73.9997,0.0,No Rain,22.7,72.1,Post-Monsoon,0,Unknown,7,742,74.6,2.89,2721,Low,2019,11,November,No Flood,Normal,No Rain,No Flood
2019-11-04,Pune,Maharashtra,18.5204,73.8567,0.0,No Rain,25.6,49.6,Post-Monsoon,0,Unknown,9,560,54.3,2.18,9512,Low,2019,11,November,No Flood,Normal,No Rain,No Flood
2019-11-05,Sangli,Maharashtra,16.8524,74.5815,3.8,Light,26.2,64.6,Post-Monsoon,0,Unknown,11,549,126.7,4.51,4956,Low,2019,11,November,No Flood,Normal,Light,No Flood
2019-11-06,Solapur,Maharashtra,17.6599,75.9064,0.0,No Rain,26.2,60.3,Post-Monsoon,0,Unknown,5,458,54.6,2.73,3858,Low,2019,11,November,No Flood,Normal,No Rain,No Flood
2019-11-07,Kolhapur,Maharashtra,16.705,74.2433,5.2,Light,26.1,59.0,Post-Monsoon,0,Unknown,12,569,115.2,4.8,5853,Low,2019,11,November,No Flood,Normal,Light,No Flood
2019-11-08,Ratnagiri,Maharashtra,16.9902,73.312,7.4,Light,28.4,77.5,Post-Monsoon,0,Unknown,13,11,148.1,1.83,1636,Low,2019,11,November,No Flood,Normal,Light,No Flood
2019-11-08,Solapur,Maharashtra,17.6599,75.9064,9.5,Moderate,26.8,55.5,Post-Monsoon,0,Unknown,5,458,149.0,4.71,3865,Low,2019,11,November,No Flood,Normal,Light,No Flood
2019-11-09,Nagpur,Maharashtra,21.1458,79.0882,0.0,No Rain,25.0,80.3,Post-Monsoon,0,Unknown,6,310,103.4,2.89,5181,Low,2019,11,November,No Flood,Normal,No Rain,No Flood
2019-11-09,Ratnagiri,Maharashtra,16.9902,73.312,0.0,No Rain,29.9,56.9,Post-Monsoon,0,Unknown,13,11,77.6,1.01,1589,Low,2019,11,November,No Flood,Normal,No Rain,No Flood
2019-11-09,Sangli,Maharashtra,16.8524,74.5815,0.0,No Rain,24.3,68.9,Post-Monsoon,0,Unknown,11,549,76.5,3.03,4963,Low,2019,11,November,No Flood,Normal,No Rain,No Flood
2019-11-10,Ratnagiri,Maharashtra,16.9902,73.312,0.0,No Rain,25.2,66.3,Post-Monsoon,0,Unknown,13,11,66.8,1.55,1600,Low,2019,11,November,No Flood,Normal,No Rain,No Flood
2019-11-11,Pune,Maharashtra,18.5204,73.8567,0.0,No Rain,22.6,53.3,Post-Monsoon,0,Unknown,9,560,80.0,2.78,9506,Low,2019,11,November,No Flood,Normal,No Rain,No Flood
2019-11-12,Kolhapur,Maharashtra,16.705,74.2433,31.5,Moderate,27.9,62.5,Post-Monsoon,1,Moderate,12,569,801.4,12.52,5863,High,2019,11,November,Flood,Normal,Moderate,November
2019-11-13,Pune,Maharashtra,18.5204,73.8567,0.3,Light,23.8,59.5,Post-Monsoon,0,Unknown,9,560,90.5,3.12,9540,Low,2019,11,November,No Flood,Normal,Light,No Flood
2019-11-13,Ratnagiri,Maharashtra,16.9902,73.312,0.0,No Rain,20.7,50.3,Post-Monsoon,0,Unknown,13,11,95.2,1.27,1602,Low,2019,11,November,No Flood,Normal,No Rain,No Flood
2019-11-13,Mumbai,Maharashtra,19.076,72.8777,0.0,No Rain,22.7,67.6,Post-Monsoon,0,Unknown,18,8,50.2,1.27,21254,Low,2019,11,November,No Flood,Normal,No Rain,No Flood
2019-11-14,Satara,Maharashtra,17.6805,73.9997,61.2,Heavy,21.7,62.6,Post-Monsoon,1,Very High,7,742,1963.0,15.95,2748,Very High,2019,11,November,Flood,Normal,Heavy,November
2019-11-15,Satara,Maharashtra,17.6805,73.9997,3.9,Light,27.6,57.8,Post-Monsoon,0,Unknown,7,742,110.7,4.31,2715,Low,2019,11,November,No Flood,Normal,Light,No Flood
2019-11-15,Satara,Maharashtra,17.6805,73.9997,0.0,No Rain,19.1,61.5,Post-Monsoon,0,Unknown,7,742,57.2,2.63,2713,Low,2019,11,November,No Flood,Normal,No Rain,No Flood
2019-11-15,Satara,Maharashtra,17.6805,73.9997,0.0,No Rain,27.0,69.0,Post-Monsoon,0,Unknown,7,742,76.4,3.93,2719,Low,2019,11,November,No Flood,Normal,No Rain,No Flood
2019-11-15,Satara,Maharashtra,17.6805,73.9997,0.0,No Rain,27.3,66.8,Post-Monsoon,0,Unknown,7,742,59.6,2.9,2728,Low,2019,11,November,No Flood,Normal,No Rain,No Flood
2019-11-15,Mumbai,Maharashtra,19.076,72.8777,2.8,Light,27.0,64.5,Post-Monsoon,0,Unknown,18,8,71.7,1.58,21233,Low,2019,11,November,No Flood,Normal,Light,No Flood
2019-11-15,Mumbai,Maharashtra,19.076,72.8777,0.0,No Rain,29.9,62.8,Post-Monsoon,0,Unknown,18,8,59.4,1.34,21252,Low,2019,11,November,No Flood,Normal,No Rain,No Flood
2019-11-15,Pune,Maharashtra,18.5204,73.8567,0.0,No Rain,29.0,70.2,Post-Monsoon,0,Unknown,9,560,73.6,3.15,9484,Low,2019,11,November,No Flood,Normal,No Rain,No Flood
2019-11-17,Raigad,Maharashtra,18.5158,73.1822,0.0,No Rain,30.4,68.0,Post-Monsoon,0,Unknown,14,45,100.3,1.75,1840,Low,2019,11,November,No Flood,Normal,No Rain,No Flood
2019-11-17,Solapur,Maharashtra,17.6599,75.9064,0.0,No Rain,28.1,64.8,Post-Monsoon,0,Unknown,5,458,44.6,2.58,3819,Low,2019,11,November,No Flood,Normal,No Rain,No Flood
2019-11-17,Raigad,Maharashtra,18.5158,73.1822,0.0,No Rain,27.2,65.4,Post-Monsoon,0,Unknown,14,45,120.0,2.21,1837,Low,2019,11,November,No Flood,Normal,No Rain,No Flood
2019-11-20,Mumbai,Maharashtra,19.076,72.8777,6.2,Light,26.0,58.6,Post-Monsoon,0,Unknown,18,8,102.6,1.55,21245,Low,2019,11,November,No Flood,Normal,Light,No Flood
2019-11-21,Panaji,Goa,15.4909,73.8278,1.0,Light,27.3,74.8,Post-Monsoon,0,Unknown,7,7,68.6,1.44,2307,Low,2019,11,November,No Flood,Normal,Light,No Flood
2019-11-21,Panaji,Goa,15.4909,73.8278,0.2,Light,28.1,50.9,Post-Monsoon,0,Unknown,7,7,76.1,1.15,2305,Low,2019,11,November,No Flood,Normal,Light,No Flood
2019-11-24,Kolhapur,Maharashtra,16.705,74.2433,0.0,No Rain,23.2,63.8,Post-Monsoon,0,Unknown,12,569,79.5,3.57,5896,Low,2019,11,November,No Flood,Normal,No Rain,No Flood
2019-11-29,Jalgaon,Maharashtra,21.0077,75.5626,6.6,Light,26.6,58.3,Post-Monsoon,0,Unknown,4,209,131.8,3.76,3256,Low,2019,11,November,No Flood,Normal,Light,No Flood
2019-11-29,Pune,Maharashtra,18.5204,73.8567,0.0,No Rain,27.0,61.8,Post-Monsoon,0,Unknown,9,560,72.6,2.13,9486,Low,2019,11,November,No Flood,Normal,No Rain,No Flood
2019-12-02,Mumbai,Maharashtra,19.076,72.8777,14.5,Moderate,25.2,68.7,Winter,0,Unknown,18,8,291.2,2.91,21238,Moderate,2019,12,December,No Flood,Normal,Light,No Flood
2019-12-03,Ratnagiri,Maharashtra,16.9902,73.312,0.0,No Rain,28.9,63.7,Winter,0,Unknown,13,11,104.9,1.92,1642,Low,2019,12,December,No Flood,Normal,No Rain,No Flood
2019-12-06,Ratnagiri,Maharashtra,16.9902,73.312,0.0,No Rain,25.6,51.4,Winter,0,Unknown,13,11,91.4,1.62,1595,Low,2019,12,December,No Flood,Normal,No Rain,No Flood
2019-12-08,Belagavi,Karnataka,15.8497,74.4977,0.0,No Rain,26.2,61.6,Winter,0,Unknown,8,762,61.4,3.29,3121,Low,2019,12,December,No Flood,Normal,No Rain,No Flood
2019-12-08,Pune,Maharashtra,18.5204,73.8567,0.0,No Rain,23.0,60.4,Winter,0,Unknown,9,560,84.1,2.42,9512,Low,2019,12,December,No Flood,Normal,No Rain,No Flood
2019-12-08,Pune,Maharashtra,18.5204,73.8567,0.0,No Rain,28.2,60.8,Winter,0,Unknown,9,560,57.3,2.22,9487,Low,2019,12,December,No Flood,Normal,No Rain,No Flood
2019-12-09,Nagpur,Maharashtra,21.1458,79.0882,23.0,Moderate,26.0,50.9,Winter,0,Unknown,6,310,546.0,6.88,5166,Moderate,2019,12,December,No Flood,Normal,Moderate,No Flood
2019-12-09,Pune,Maharashtra,18.5204,73.8567,0.7,Light,25.2,76.3,Winter,0,Unknown,9,560,77.7,2.38,9504,Low,2019,12,December,No Flood,Normal,Light,No Flood
2019-12-10,Panaji,Goa,15.4909,73.8278,17.8,Moderate,27.4,64.8,Winter,0,Unknown,7,7,358.3,2.89,2322,Moderate,2019,12,December,No Flood,Normal,Light,No Flood
2019-12-10,Sangli,Maharashtra,16.8524,74.5815,5.5,Light,22.0,55.8,Winter,0,Unknown,11,549,145.1,4.39,4928,Low,2019,12,December,No Flood,Normal,Light,No Flood
2019-12-11,Raigad,Maharashtra,18.5158,73.1822,0.0,No Rain,28.7,61.7,Winter,0,Unknown,14,45,99.2,2.06,1841,Low,2019,12,December,No Flood,Normal,No Rain,No Flood
2019-12-12,Sangli,Maharashtra,16.8524,74.5815,0.0,No Rain,23.1,60.2,Winter,0,Unknown,11,549,102.8,3.98,4945,Low,2019,12,December,No Flood,Normal,No Rain,No Flood
2019-12-13,Sangli,Maharashtra,16.8524,74.5815,42.4,Heavy,22.8,53.9,Winter,0,Unknown,11,549,1239.1,13.86,4943,High,2019,12,December,No Flood,Normal,Moderate,No Flood
2019-12-13,Nagpur,Maharashtra,21.1458,79.0882,0.0,No Rain,26.3,65.4,Winter,0,Unknown,6,310,62.7,1.92,5164,Low,2019,12,December,No Flood,Normal,No Rain,No Flood
2019-12-15,Raigad,Maharashtra,18.5158,73.1822,0.0,No Rain,28.4,63.0,Winter,0,Unknown,14,45,99.9,2.09,1827,Low,2019,12,December,No Flood,Normal,No Rain,No Flood
2019-12-16,Mumbai,Maharashtra,19.076,72.8777,1.7,Light,28.3,72.6,Winter,0,Unknown,18,8,83.2,1.92,21263,Low,2019,12,December,No Flood,Normal,Light,No Flood
2019-12-20,Sangli,Maharashtra,16.8524,74.5815,0.0,No Rain,23.4,59.4,Winter,0,Unknown,11,549,124.9,4.3,4966,Low,2019,12,December,No Flood,Normal,No Rain,No Flood
2019-12-20,Solapur,Maharashtra,17.6599,75.9064,0.0,No Rain,27.9,56.0,Winter,0,Unknown,5,458,33.6,2.43,3829,Low,2019,12,December,No Flood,Normal,No Rain,No Flood
2019-12-21,Belagavi,Karnataka,15.8497,74.4977,0.0,No Rain,23.3,64.5,Winter,0,Unknown,8,762,76.8,3.51,3164,Low,2019,12,December,No Flood,Normal,No Rain,No Flood
2019-12-22,Belagavi,Karnataka,15.8497,74.4977,2.4,Light,21.6,73.6,Winter,0,Unknown,8,762,73.1,3.3,3135,Low,2019,12,December,No Flood,Normal,Light,No Flood
2019-12-22,Panaji,Goa,15.4909,73.8278,15.9,Moderate,24.3,53.4,Winter,0,Unknown,7,7,316.4,2.39,2309,Moderate,2019,12,December,No Flood,Normal,Light,No Flood
2019-12-23,Satara,Maharashtra,17.6805,73.9997,0.0,No Rain,24.3,60.6,Winter,0,Unknown,7,742,44.1,2.97,2724,Low,2019,12,December,No Flood,Normal,No Rain,No Flood
2019-12-23,Kolhapur,Maharashtra,16.705,74.2433,6.3,Light,27.0,65.4,Winter,0,Unknown,12,569,182.3,6.02,5851,Low,2019,12,December,No Flood,Normal,Light,No Flood
2019-12-25,Solapur,Maharashtra,17.6599,75.9064,0.0,No Rain,28.7,61.3,Winter,0,Unknown,5,458,29.0,2.09,3817,Low,2019,12,December,No Flood,Normal,No Rain,No Flood
2019-12-27,Kolhapur,Maharashtra,16.705,74.2433,0.0,No Rain,24.9,68.0,Winter,0,Unknown,12,569,74.7,3.9,5883,Low,2019,12,December,No Flood,Normal,No Rain,No Flood
2019-12-29,Nashik,Maharashtra,19.9975,73.7898,0.0,No Rain,31.0,65.6,Winter,0,Unknown,6,600,65.9,3.02,4149,Low,2019,12,December,No Flood,Normal,No Rain,No Flood
2019-12-30,Kolhapur,Maharashtra,16.705,74.2433,1.2,Light,25.9,66.7,Winter,0,Unknown,12,569,78.3,3.75,5884,Low,2019,12,December,No Flood,Normal,Light,No Flood
2019-12-30,Raigad,Maharashtra,18.5158,73.1822,0.0,No Rain,27.8,68.0,Winter,0,Unknown,14,45,85.1,1.74,1812,Low,2019,12,December,No Flood,Normal,No Rain,No Flood
2020-01-01,Jalgaon,Maharashtra,21.0077,75.5626,0.0,No Rain,15.1,43.6,Winter,0,Unknown,5,209,74.2,2.84,3284,Low,2020,1,January,No Flood,Normal,No Rain,No Flood
2020-01-01,Panaji,Goa,15.4909,73.8278,0.0,No Rain,23.3,48.8,Winter,0,Unknown,8,7,60.1,1.2,2348,Low,2020,1,January,No Flood,Normal,No Rain,No Flood
2020-01-03,Raigad,Maharashtra,18.5158,73.1822,0.0,No Rain,22.8,46.8,Winter,0,Unknown,15,45,111.3,1.53,1833,Low,2020,1,January,No Flood,Normal,No Rain,No Flood
2020-01-04,Kolhapur,Maharashtra,16.705,74.2433,0.0,No Rain,15.7,47.2,Winter,0,Unknown,13,569,87.5,3.83,5928,Low,2020,1,January,No Flood,Normal,No Rain,No Flood
2020-01-07,Pune,Maharashtra,18.5204,73.8567,0.0,No Rain,14.9,48.1,Winter,0,Unknown,10,560,96.1,3.26,9636,Low,2020,1,January,No Flood,Normal,No Rain,No Flood
2020-01-07,Mumbai,Maharashtra,19.076,72.8777,0.0,No Rain,21.5,50.1,Winter,0,Unknown,19,8,78.2,1.47,21531,Low,2020,1,January,No Flood,Normal,No Rain,No Flood
2020-01-08,Mumbai,Maharashtra,19.076,72.8777,0.0,No Rain,15.6,47.3,Winter,0,Unknown,19,8,72.1,1.82,21500,Low,2020,1,January,No Flood,Normal,No Rain,No Flood
2020-01-08,Ratnagiri,Maharashtra,16.9902,73.312,0.0,No Rain,22.7,47.7,Winter,0,Unknown,14,11,118.9,1.59,1627,Low,2020,1,January,No Flood,Normal,No Rain,No Flood
2020-01-09,Nashik,Maharashtra,19.9975,73.7898,0.0,No Rain,20.9,69.0,Winter,0,Unknown,7,600,33.9,1.77,4204,Low,2020,1,January,No Flood,Normal,No Rain,No Flood
2020-01-14,Kolhapur,Maharashtra,16.705,74.2433,0.0,No Rain,21.2,47.9,Winter,0,Unknown,13,569,85.5,4.4,5927,Low,2020,1,January,No Flood,Normal,No Rain,No Flood
2020-01-14,Raigad,Maharashtra,18.5158,73.1822,0.0,No Rain,19.4,43.8,Winter,0,Unknown,15,45,70.0,1.25,1828,Low,2020,1,January,No Flood,Normal,No Rain,No Flood
2020-01-17,Pune,Maharashtra,18.5204,73.8567,0.0,No Rain,16.8,51.1,Winter,0,Unknown,10,560,74.6,2.47,9616,Low,2020,1,January,No Flood,Normal,No Rain,No Flood
2020-01-17,Satara,Maharashtra,17.6805,73.9997,0.0,No Rain,13.2,52.5,Winter,0,Unknown,8,742,37.9,1.87,2773,Low,2020,1,January,No Flood,Normal,No Rain,No Flood
2020-01-18,Mumbai,Maharashtra,19.076,72.8777,0.0,No Rain,24.9,48.2,Winter,0,Unknown,19,8,49.2,1.13,21525,Low,2020,1,January,No Flood,Normal,No Rain,No Flood
2020-01-18,Kolhapur,Maharashtra,16.705,74.2433,0.0,No Rain,19.5,46.2,Winter,0,Unknown,13,569,69.6,3.05,5953,Low,2020,1,January,No Flood,Normal,No Rain,No Flood
2020-01-18,Kolhapur,Maharashtra,16.705,74.2433,0.0,No Rain,18.1,49.6,Winter,0,Unknown,13,569,87.5,4.05,5917,Low,2020,1,January,No Flood,Normal,No Rain,No Flood
2020-01-21,Ratnagiri,Maharashtra,16.9902,73.312,0.0,No Rain,22.9,59.7,Winter,0,Unknown,14,11,102.2,2.12,1633,Low,2020,1,January,No Flood,Normal,No Rain,No Flood
2020-01-23,Nagpur,Maharashtra,21.1458,79.0882,0.0,No Rain,18.1,30.3,Winter,0,Unknown,7,310,75.0,2.61,5204,Low,2020,1,January,No Flood,Normal,No Rain,No Flood
2020-01-23,Pune,Maharashtra,18.5204,73.8567,0.0,No Rain,18.4,42.3,Winter,0,Unknown,10,560,80.4,2.92,9603,Low,2020,1,January,No Flood,Normal,No Rain,No Flood
2020-01-24,Satara,Maharashtra,17.6805,73.9997,0.0,No Rain,17.5,42.5,Winter,0,Unknown,8,742,49.1,2.34,2783,Low,2020,1,January,No Flood,Normal,No Rain,No Flood
2020-02-01,Raigad,Maharashtra,18.5158,73.1822,0.0,No Rain,18.4,44.9,Winter,0,Unknown,15,45,140.7,1.84,1833,Low,2020,2,February,No Flood,Normal,No Rain,No Flood
2020-02-02,Sangli,Maharashtra,16.8524,74.5815,0.0,No Rain,19.7,48.3,Winter,0,Unknown,12,549,59.2,2.93,5020,Low,2020,2,February,No Flood,Normal,No Rain,No Flood
2020-02-03,Ratnagiri,Maharashtra,16.9902,73.312,0.0,No Rain,17.4,56.2,Winter,0,Unknown,14,11,104.1,1.55,1665,Low,2020,2,February,No Flood,Normal,No Rain,No Flood
2020-02-03,Panaji,Goa,15.4909,73.8278,0.0,No Rain,20.8,39.5,Winter,0,Unknown,8,7,64.3,1.39,2364,Low,2020,2,February,No Flood,Normal,No Rain,No Flood
2020-02-08,Raigad,Maharashtra,18.5158,73.1822,0.0,No Rain,19.5,44.6,Winter,0,Unknown,15,45,117.2,1.9,1819,Low,2020,2,February,No Flood,Normal,No Rain,No Flood
2020-02-14,Raigad,Maharashtra,18.5158,73.1822,0.0,No Rain,21.8,52.6,Winter,0,Unknown,15,45,97.2,1.66,1848,Low,2020,2,February,No Flood,Normal,No Rain,No Flood
2020-02-16,Sangli,Maharashtra,16.8524,74.5815,0.0,No Rain,19.3,50.9,Winter,0,Unknown,12,549,136.6,4.71,5017,Low,2020,2,February,No Flood,Normal,No Rain,No Flood
2020-02-17,Pune,Maharashtra,18.5204,73.8567,0.0,No Rain,12.9,38.6,Winter,0,Unknown,10,560,92.6,2.78,9635,Low,2020,2,February,No Flood,Normal,No Rain,No Flood
2020-02-17,Satara,Maharashtra,17.6805,73.9997,0.0,No Rain,14.4,51.3,Winter,0,Unknown,8,742,75.1,3.72,2772,Low,2020,2,February,No Flood,Normal,No Rain,No Flood
2020-02-18,Satara,Maharashtra,17.6805,73.9997,0.0,No Rain,15.9,53.0,Winter,0,Unknown,8,742,29.5,2.2,2742,Low,2020,2,February,No Flood,Normal,No Rain,No Flood
2020-02-19,Panaji,Goa,15.4909,73.8278,0.0,No Rain,21.6,53.9,Winter,0,Unknown,8,7,88.1,1.42,2352,Low,2020,2,February,No Flood,Normal,No Rain,No Flood
2020-02-21,Kolhapur,Maharashtra,16.705,74.2433,0.0,No Rain,19.4,46.3,Winter,0,Unknown,13,569,90.4,4.21,5964,Low,2020,2,February,No Flood,Normal,No Rain,No Flood
2020-02-25,Sangli,Maharashtra,16.8524,74.5815,0.0,No Rain,21.1,41.5,Winter,0,Unknown,12,549,108.2,3.87,5026,Low,2020,2,February,No Flood,Normal,No Rain,No Flood
2020-02-25,Sangli,Maharashtra,16.8524,74.5815,0.0,No Rain,19.3,47.2,Winter,0,Unknown,12,549,108.8,3.67,5000,Low,2020,2,February,No Flood,Normal,No Rain,No Flood
2020-02-27,Mumbai,Maharashtra,19.076,72.8777,0.0,No Rain,22.8,41.5,Winter,0,Unknown,19,8,23.6,1.1,21514,Low,2020,2,February,No Flood,Normal,No Rain,No Flood
2020-02-27,Nagpur,Maharashtra,21.1458,79.0882,0.0,No Rain,19.5,61.2,Winter,0,Unknown,7,310,81.8,2.86,5215,Low,2020,2,February,No Flood,Normal,No Rain,No Flood
2020-02-27,Nashik,Maharashtra,19.9975,73.7898,0.0,No Rain,17.8,41.0,Winter,0,Unknown,7,600,80.3,2.9,4184,Low,2020,2,February,No Flood,Normal,No Rain,No Flood
2020-02-28,Sangli,Maharashtra,16.8524,74.5815,0.0,No Rain,21.2,41.6,Winter,0,Unknown,12,549,123.9,3.99,5031,Low,2020,2,February,No Flood,Normal,No Rain,No Flood
2020-02-29,Pune,Maharashtra,18.5204,73.8567,0.0,No Rain,20.7,42.7,Winter,0,Unknown,10,560,69.5,1.98,9628,Low,2020,2,February,No Flood,Normal,No Rain,No Flood
2020-03-03,Jalgaon,Maharashtra,21.0077,75.5626,0.0,No Rain,34.8,33.6,Summer,0,Unknown,5,209,44.8,2.19,3266,Low,2020,3,March,No Flood,Normal,No Rain,No Flood
2020-03-03,Mumbai,Maharashtra,19.076,72.8777,0.0,No Rain,30.5,29.1,Summer,0,Unknown,19,8,63.9,1.46,21479,Low,2020,3,March,No Flood,Normal,No Rain,No Flood
2020-03-03,Belagavi,Karnataka,15.8497,74.4977,0.0,No Rain,34.7,44.7,Summer,0,Unknown,9,762,86.6,3.49,3157,Low,2020,3,March,No Flood,Normal,No Rain,No Flood
2020-03-04,Raigad,Maharashtra,18.5158,73.1822,0.0,No Rain,37.5,30.6,Summer,0,Unknown,15,45,80.5,1.47,1858,Low,2020,3,March,No Flood,Normal,No Rain,No Flood
2020-03-08,Nashik,Maharashtra,19.9975,73.7898,0.0,No Rain,32.7,46.4,Summer,0,Unknown,7,600,63.3,3.19,4221,Low,2020,3,March,No Flood,Normal,No Rain,No Flood
2020-03-08,Mumbai,Maharashtra,19.076,72.8777,0.0,No Rain,35.2,40.1,Summer,0,Unknown,19,8,54.1,1.56,21507,Low,2020,3,March,No Flood,Normal,No Rain,No Flood
2020-03-09,Ratnagiri,Maharashtra,16.9902,73.312,0.0,No Rain,34.1,40.8,Summer,0,Unknown,14,11,70.9,1.41,1665,Low,2020,3,March,No Flood,Normal,No Rain,No Flood
2020-03-09,Sangli,Maharashtra,16.8524,74.5815,0.0,No Rain,35.9,37.1,Summer,0,Unknown,12,549,96.9,3.18,4990,Low,2020,3,March,No Flood,Normal,No Rain,No Flood
2020-03-10,Ratnagiri,Maharashtra,16.9902,73.312,5.0,Light,36.6,47.7,Summer,0,Unknown,14,11,130.4,1.88,1665,Low,2020,3,March,No Flood,Normal,Light,No Flood
2020-03-10,Solapur,Maharashtra,17.6599,75.9064,0.4,Light,32.3,50.5,Summer,0,Unknown,6,458,55.0,2.73,3907,Low,2020,3,March,No Flood,Normal,Light,No Flood
2020-03-11,Kolhapur,Maharashtra,16.705,74.2433,0.0,No Rain,36.2,41.8,Summer,0,Unknown,13,569,81.7,3.72,5952,Low,2020,3,March,No Flood,Normal,No Rain,No Flood
2020-03-11,Kolhapur,Maharashtra,16.705,74.2433,0.0,No Rain,27.9,42.1,Summer,0,Unknown,13,569,60.3,3.15,5927,Low,2020,3,March,No Flood,Normal,No Rain,No Flood
2020-03-11,Satara,Maharashtra,17.6805,73.9997,0.0,No Rain,30.1,40.5,Summer,0,Unknown,8,742,71.4,3.25,2760,Low,2020,3,March,No Flood,Normal,No Rain,No Flood
2020-03-11,Solapur,Maharashtra,17.6599,75.9064,0.0,No Rain,37.8,36.9,Summer,0,Unknown,6,458,29.9,1.95,3891,Low,2020,3,March,No Flood,Normal,No Rain,No Flood
2020-03-12,Kolhapur,Maharashtra,16.705,74.2433,0.0,No Rain,35.7,48.6,Summer,0,Unknown,13,569,98.0,4.31,5922,Low,2020,3,March,No Flood,Normal,No Rain,No Flood
2020-03-14,Jalgaon,Maharashtra,21.0077,75.5626,0.0,No Rain,30.2,53.2,Summer,0,Unknown,5,209,63.2,2.66,3275,Low,2020,3,March,No Flood,Normal,No Rain,No Flood
2020-03-14,Mumbai,Maharashtra,19.076,72.8777,0.0,No Rain,34.4,37.5,Summer,0,Unknown,19,8,59.7,1.07,21531,Low,2020,3,March,No Flood,Normal,No Rain,No Flood
2020-03-15,Mumbai,Maharashtra,19.076,72.8777,0.0,No Rain,33.1,54.9,Summer,0,Unknown,19,8,94.9,1.98,21493,Low,2020,3,March,No Flood,Normal,No Rain,No Flood
2020-03-20,Mumbai,Maharashtra,19.076,72.8777,0.0,No Rain,37.9,57.6,Summer,0,Unknown,19,8,65.8,1.51,21521,Low,2020,3,March,No Flood,Normal,No Rain,No Flood
2020-03-21,Mumbai,Maharashtra,19.076,72.8777,0.0,No Rain,35.9,48.1,Summer,0,Unknown,19,8,41.6,1.15,21511,Low,2020,3,March,No Flood,Normal,No Rain,No Flood
2020-03-22,Belagavi,Karnataka,15.8497,74.4977,0.0,No Rain,29.7,41.8,Summer,0,Unknown,9,762,88.8,3.76,3163,Low,2020,3,March,No Flood,Normal,No Rain,No Flood
2020-03-25,Kolhapur,Maharashtra,16.705,74.2433,0.0,No Rain,36.4,48.0,Summer,0,Unknown,13,569,81.0,3.75,5940,Low,2020,3,March,No Flood,Normal,No Rain,No Flood
2020-03-29,Belagavi,Karnataka,15.8497,74.4977,0.0,No Rain,25.8,30.7,Summer,0,Unknown,9,762,35.6,2.35,3150,Low,2020,3,March,No Flood,Normal,No Rain,No Flood
2020-04-04,Satara,Maharashtra,17.6805,73.9997,0.0,No Rain,32.3,47.2,Summer,0,Unknown,8,742,70.2,3.4,2791,Low,2020,4,April,No Flood,Normal,No Rain,No Flood
2020-04-05,Raigad,Maharashtra,18.5158,73.1822,0.0,No Rain,37.3,35.1,Summer,0,Unknown,15,45,115.7,1.7,1855,Low,2020,4,April,No Flood,Normal,No Rain,No Flood
2020-04-11,Mumbai,Maharashtra,19.076,72.8777,0.0,No Rain,36.0,36.5,Summer,0,Unknown,19,8,49.3,1.31,21522,Low,2020,4,April,No Flood,Normal,No Rain,No Flood
2020-04-12,Sangli,Maharashtra,16.8524,74.5815,0.0,No Rain,40.0,29.8,Summer,0,Unknown,12,549,89.0,3.24,5023,Low,2020,4,April,No Flood,Normal,No Rain,No Flood
2020-04-15,Pune,Maharashtra,18.5204,73.8567,0.0,No Rain,36.4,29.4,Summer,0,Unknown,10,560,66.3,2.41,9618,Low,2020,4,April,No Flood,Normal,No Rain,No Flood
2020-04-18,Kolhapur,Maharashtra,16.705,74.2433,0.0,No Rain,36.8,52.0,Summer,0,Unknown,13,569,87.8,4.35,5947,Low,2020,4,April,No Flood,Normal,No Rain,No Flood
2020-04-19,Pune,Maharashtra,18.5204,73.8567,4.6,Light,27.8,50.0,Summer,0,Unknown,10,560,132.2,3.23,9646,Low,2020,4,April,No Flood,Normal,Light,No Flood
2020-04-20,Pune,Maharashtra,18.5204,73.8567,0.0,No Rain,32.7,55.8,Summer,0,Unknown,10,560,54.0,2.61,9647,Low,2020,4,April,No Flood,Normal,No Rain,No Flood
2020-04-21,Raigad,Maharashtra,18.5158,73.1822,0.0,No Rain,31.8,41.5,Summer,0,Unknown,15,45,99.5,1.78,1829,Low,2020,4,April,No Flood,Normal,No Rain,No Flood
2020-04-22,Nashik,Maharashtra,19.9975,73.7898,0.0,No Rain,35.9,35.3,Summer,0,Unknown,7,600,68.6,2.79,4188,Low,2020,4,April,No Flood,Normal,No Rain,No Flood
2020-04-22,Satara,Maharashtra,17.6805,73.9997,0.3,Light,33.9,58.7,Summer,0,Unknown,8,742,77.2,3.72,2781,Low,2020,4,April,No Flood,Normal,Light,No Flood
2020-04-24,Solapur,Maharashtra,17.6599,75.9064,0.0,No Rain,35.1,48.2,Summer,0,Unknown,6,458,70.0,3.33,3886,Low,2020,4,April,No Flood,Normal,No Rain,No Flood
2020-05-02,Jalgaon,Maharashtra,21.0077,75.5626,4.2,Light,33.4,26.6,Summer,0,Unknown,5,209,93.7,3.38,3279,Low,2020,5,May,No Flood,Normal,Light,No Flood
2020-05-05,Kolhapur,Maharashtra,16.705,74.2433,0.0,No Rain,35.3,43.1,Summer,0,Unknown,13,569,82.4,3.94,5968,Low,2020,5,May,No Flood,Normal,No Rain,No Flood
2020-05-06,Belagavi,Karnataka,15.8497,74.4977,0.0,No Rain,37.3,45.2,Summer,0,Unknown,9,762,80.1,3.04,3178,Low,2020,5,May,No Flood,Normal,No Rain,No Flood
2020-05-09,Belagavi,Karnataka,15.8497,74.4977,0.0,No Rain,31.7,44.6,Summer,0,Unknown,9,762,55.1,2.62,3185,Low,2020,5,May,No Flood,Normal,No Rain,No Flood
2020-05-10,Satara,Maharashtra,17.6805,73.9997,0.0,No Rain,30.8,49.5,Summer,0,Unknown,8,742,98.0,3.75,2789,Low,2020,5,May,No Flood,Normal,No Rain,No Flood
2020-05-13,Panaji,Goa,15.4909,73.8278,0.0,No Rain,33.8,39.5,Summer,0,Unknown,8,7,93.8,1.35,2341,Low,2020,5,May,No Flood,Normal,No Rain,No Flood
2020-05-13,Sangli,Maharashtra,16.8524,74.5815,0.0,No Rain,34.0,46.0,Summer,0,Unknown,12,549,81.2,3.52,5023,Low,2020,5,May,No Flood,Normal,No Rain,No Flood
2020-05-14,Nashik,Maharashtra,19.9975,73.7898,0.0,No Rain,30.9,52.8,Summer,0,Unknown,7,600,83.0,3.17,4225,Low,2020,5,May,No Flood,Normal,No Rain,No Flood
2020-05-15,Kolhapur,Maharashtra,16.705,74.2433,0.0,No Rain,37.3,32.8,Summer,0,Unknown,13,569,113.3,4.22,5934,Low,2020,5,May,No Flood,Normal,No Rain,No Flood
2020-05-15,Belagavi,Karnataka,15.8497,74.4977,0.0,No Rain,35.1,49.3,Summer,0,Unknown,9,762,82.0,3.62,3201,Low,2020,5,May,No Flood,Normal,No Rain,No Flood
2020-05-16,Kolhapur,Maharashtra,16.705,74.2433,0.0,No Rain,32.7,29.9,Summer,0,Unknown,13,569,103.2,4.12,5916,Low,2020,5,May,No Flood,Normal,No Rain,No Flood
2020-05-17,Pune,Maharashtra,18.5204,73.8567,0.0,No Rain,35.4,51.4,Summer,0,Unknown,10,560,77.0,2.63,9628,Low,2020,5,May,No Flood,Normal,No Rain,No Flood
2020-05-18,Kolhapur,Maharashtra,16.705,74.2433,0.0,No Rain,36.5,48.7,Summer,0,Unknown,13,569,83.7,3.92,5912,Low,2020,5,May,No Flood,Normal,No Rain,No Flood
2020-05-20,Jalgaon,Maharashtra,21.0077,75.5626,0.0,No Rain,34.5,38.6,Summer,0,Unknown,5,209,35.3,2.02,3287,Low,2020,5,May,No Flood,Normal,No Rain,No Flood
2020-05-22,Satara,Maharashtra,17.6805,73.9997,0.0,No Rain,32.7,36.6,Summer,0,Unknown,8,742,54.9,2.63,2743,Low,2020,5,May,No Flood,Normal,No Rain,No Flood
2020-05-22,Solapur,Maharashtra,17.6599,75.9064,0.0,No Rain,30.9,30.8,Summer,0,Unknown,6,458,41.0,2.35,3868,Low,2020,5,May,No Flood,Normal,No Rain,No Flood
2020-05-25,Mumbai,Maharashtra,19.076,72.8777,0.0,No Rain,42.0,39.1,Summer,0,Unknown,19,8,27.0,1.17,21522,Low,2020,5,May,No Flood,Normal,No Rain,No Flood
2020-05-26,Nashik,Maharashtra,19.9975,73.7898,0.0,No Rain,33.5,54.1,Summer,0,Unknown,7,600,68.5,3.26,4188,Low,2020,5,May,No Flood,Normal,No Rain,No Flood
2020-05-27,Mumbai,Maharashtra,19.076,72.8777,0.0,No Rain,36.5,42.0,Summer,0,Unknown,19,8,46.2,1.19,21516,Low,2020,5,May,No Flood,Normal,No Rain,No Flood
2020-05-28,Ratnagiri,Maharashtra,16.9902,73.312,3.8,Light,31.9,40.1,Summer,0,Unknown,14,11,109.8,1.64,1648,Low,2020,5,May,No Flood,Normal,Light,No Flood
2020-05-29,Nagpur,Maharashtra,21.1458,79.0882,0.0,No Rain,31.8,45.1,Summer,0,Unknown,7,310,97.5,2.67,5211,Low,2020,5,May,No Flood,Normal,No Rain,No Flood
2020-05-29,Sangli,Maharashtra,16.8524,74.5815,0.0,No Rain,31.2,43.8,Summer,0,Unknown,12,549,112.1,3.69,5015,Low,2020,5,May,No Flood,Normal,No Rain,No Flood
2020-05-29,Satara,Maharashtra,17.6805,73.9997,0.0,No Rain,34.3,52.9,Summer,0,Unknown,8,742,49.6,2.41,2765,Low,2020,5,May,No Flood,Normal,No Rain,No Flood
2020-05-30,Jalgaon,Maharashtra,21.0077,75.5626,0.0,No Rain,29.8,43.6,Summer,0,Unknown,5,209,64.7,2.46,3279,Low,2020,5,May,No Flood,Normal,No Rain,No Flood
2020-05-31,Ratnagiri,Maharashtra,16.9902,73.312,0.6,Light,30.3,32.7,Summer,0,Unknown,14,11,86.3,1.68,1623,Low,2020,5,May,No Flood,Normal,Light,No Flood
2020-06-01,Sangli,Maharashtra,16.8524,74.5815,13.0,Moderate,22.3,82.1,Monsoon,0,Unknown,12,549,425.5,8.07,5018,Moderate,2020,6,June,No Flood,Normal,Light,No Flood
2020-06-01,Pune,Maharashtra,18.5204,73.8567,5.9,Light,22.9,83.2,Monsoon,0,Unknown,10,560,264.9,5.0,9619,Low,2020,6,June,No Flood,Normal,Light,No Flood
2020-06-01,Belagavi,Karnataka,15.8497,74.4977,22.0,Moderate,27.0,91.8,Monsoon,0,Unknown,9,762,457.0,8.68,3189,Moderate,2020,6,June,No Flood,Normal,Moderate,No Flood
2020-06-01,Belagavi,Karnataka,15.8497,74.4977,4.8,Light,26.8,87.2,Monsoon,0,Unknown,9,762,225.1,5.75,3200,Low,2020,6,June,No Flood,Normal,Light,No Flood
2020-06-02,Mumbai,Maharashtra,19.076,72.8777,0.0,No Rain,29.9,84.0,Monsoon,0,Unknown,19,8,125.3,2.17,21527,Low,2020,6,June,No Flood,Normal,No Rain,No Flood
2020-06-02,Nashik,Maharashtra,19.9975,73.7898,7.5,Light,25.6,87.8,Monsoon,0,Unknown,7,600,234.8,5.94,4182,Low,2020,6,June,No Flood,Normal,Light,No Flood
2020-06-02,Pune,Maharashtra,18.5204,73.8567,123.4,Very Heavy,24.6,99.0,Monsoon,1,Very High,10,560,5032.2,13.78,9643,Very High,2020,6,June,Flood,Extreme,Very Heavy,June
2020-06-02,Sangli,Maharashtra,16.8524,74.5815,4.8,Light,24.2,89.9,Monsoon,0,Unknown,12,549,299.9,6.39,5007,Low,2020,6,June,No Flood,Normal,Light,No Flood
2020-06-02,Sangli,Maharashtra,16.8524,74.5815,0.0,No Rain,24.9,81.8,Monsoon,0,Unknown,12,549,237.0,5.59,5018,Low,2020,6,June,No Flood,Normal,No Rain,No Flood
2020-06-03,Kolhapur,Maharashtra,16.705,74.2433,0.0,No Rain,23.8,72.6,Monsoon,0,Unknown,13,569,215.1,6.06,5963,Low,2020,6,June,No Flood,Normal,No Rain,No Flood
2020-06-03,Nashik,Maharashtra,19.9975,73.7898,0.0,No Rain,24.6,77.2,Monsoon,0,Unknown,7,600,173.8,4.8,4170,Low,2020,6,June,No Flood,Normal,No Rain,No Flood
2020-06-04,Kolhapur,Maharashtra,16.705,74.2433,9.8,Moderate,23.2,92.0,Monsoon,0,Unknown,13,569,298.1,7.95,5939,Moderate,2020,6,June,No Flood,Normal,Light,No Flood
2020-06-04,Sangli,Maharashtra,16.8524,74.5815,0.0,No Rain,25.9,82.8,Monsoon,0,Unknown,12,549,264.3,6.09,5010,Low,2020,6,June,No Flood,Normal,No Rain,No Flood
2020-06-05,Kolhapur,Maharashtra,16.705,74.2433,0.0,No Rain,24.5,82.3,Monsoon,0,Unknown,13,569,235.6,6.47,5937,Low,2020,6,June,No Flood,Normal,No Rain,No Flood
2020-06-05,Kolhapur,Maharashtra,16.705,74.2433,0.0,No Rain,23.9,89.1,Monsoon,0,Unknown,13,569,228.4,6.17,5957,Low,2020,6,June,No Flood,Normal,No Rain,No Flood
2020-06-05,Pune,Maharashtra,18.5204,73.8567,51.4,Heavy,18.2,91.9,Monsoon,1,Very High,10,560,1504.6,12.57,9649,Very High,2020,6,June,Flood,Normal,Heavy,June
2020-06-06,Pune,Maharashtra,18.5204,73.8567,91.3,Very Heavy,22.7,99.0,Monsoon,1,Very High,10,560,3333.7,13.78,9631,Very High,2020,6,June,Flood,Extreme,Heavy,June
2020-06-06,Panaji,Goa,15.4909,73.8278,159.7,Extreme,25.3,99.0,Monsoon,1,Very High,8,7,5303.3,6.52,2348,Very High,2020,6,June,Flood,Extreme,Very Heavy,June
2020-06-06,Sangli,Maharashtra,16.8524,74.5815,0.0,No Rain,24.2,81.2,Monsoon,0,Unknown,12,549,262.3,6.36,5046,Low,2020,6,June,No Flood,Normal,No Rain,No Flood
2020-06-06,Jalgaon,Maharashtra,21.0077,75.5626,10.7,Moderate,25.9,83.4,Monsoon,0,Unknown,5,209,279.0,5.37,3273,Low,2020,6,June,No Flood,Normal,Light,No Flood
2020-06-06,Kolhapur,Maharashtra,16.705,74.2433,0.0,No Rain,26.3,84.1,Monsoon,0,Unknown,13,569,244.9,6.7,5936,Low,2020,6,June,No Flood,Normal,No Rain,No Flood
2020-06-07,Raigad,Maharashtra,18.5158,73.1822,7.2,Light,27.7,92.5,Monsoon,0,Unknown,15,45,345.3,3.08,1866,Moderate,2020,6,June,No Flood,Normal,Light,No Flood
2020-06-07,Ratnagiri,Maharashtra,16.9902,73.312,0.0,No Rain,28.3,80.7,Monsoon,0,Unknown,14,11,239.3,2.4,1624,Low,2020,6,June,No Flood,Normal,No Rain,No Flood
2020-06-07,Kolhapur,Maharashtra,16.705,74.2433,39.6,Heavy,24.6,93.2,Monsoon,0,Unknown,13,569,938.4,13.63,5961,High,2020,6,June,No Flood,Normal,Moderate,No Flood
2020-06-08,Kolhapur,Maharashtra,16.705,74.2433,43.3,Heavy,23.9,79.4,Monsoon,1,Very High,13,569,1414.8,16.73,5916,Very High,2020,6,June,Flood,Normal,Moderate,June
2020-06-08,Panaji,Goa,15.4909,73.8278,70.0,Very Heavy,26.9,99.0,Monsoon,1,Very High,8,7,2495.0,6.52,2339,Very High,2020,6,June,Flood,Extreme,Heavy,June
2020-06-08,Satara,Maharashtra,17.6805,73.9997,23.3,Moderate,27.7,87.9,Monsoon,0,Unknown,8,742,495.2,9.47,2779,Moderate,2020,6,June,No Flood,Normal,Moderate,No Flood
2020-06-09,Nashik,Maharashtra,19.9975,73.7898,151.6,Extreme,23.3,99.0,Monsoon,1,Very High,7,600,6618.8,14.79,4197,Very High,2020,6,June,Flood,Extreme,Very Heavy,June
2020-06-09,Satara,Maharashtra,17.6805,73.9997,10.6,Moderate,19.9,85.2,Monsoon,0,Unknown,8,742,287.9,7.21,2785,Moderate,2020,6,June,No Flood,Normal,Light,No Flood
2020-06-10,Kolhapur,Maharashtra,16.705,74.2433,0.0,No Rain,24.6,73.3,Monsoon,0,Unknown,13,569,208.2,6.0,5940,Low,2020,6,June,No Flood,Normal,No Rain,No Flood
2020-06-10,Raigad,Maharashtra,18.5158,73.1822,0.0,No Rain,26.0,79.0,Monsoon,0,Unknown,15,45,260.6,3.09,1830,Moderate,2020,6,June,No Flood,Normal,No Rain,No Flood
2020-06-11,Satara,Maharashtra,17.6805,73.9997,21.9,Moderate,22.2,86.2,Monsoon,0,Unknown,8,742,562.5,9.85,2745,Moderate,2020,6,June,No Flood,Normal,Moderate,No Flood
2020-06-11,Sangli,Maharashtra,16.8524,74.5815,12.3,Moderate,24.9,90.3,Monsoon,0,Unknown,12,549,431.7,8.08,5026,Moderate,2020,6,June,No Flood,Normal,Light,No Flood
2020-06-11,Nagpur,Maharashtra,21.1458,79.0882,222.4,Extreme,20.3,99.0,Monsoon,1,Very High,7,310,11669.6,12.32,5212,Very High,2020,6,June,Flood,Extreme,Extreme,June
2020-06-11,Belagavi,Karnataka,15.8497,74.4977,35.3,Moderate,27.3,87.7,Monsoon,1,High,9,762,970.7,12.99,3178,Very High,2020,6,June,Flood,Normal,Moderate,June
2020-06-11,Belagavi,Karnataka,15.8497,74.4977,59.4,Heavy,24.0,93.0,Monsoon,1,Very High,9,762,1968.1,16.68,3185,Very High,2020,6,June,Flood,Normal,Heavy,June
2020-06-11,Mumbai,Maharashtra,19.076,72.8777,18.3,Moderate,23.6,88.9,Monsoon,0,Unknown,19,8,388.4,3.65,21481,Moderate,2020,6,June,No Flood,Normal,Light,No Flood
2020-06-12,Mumbai,Maharashtra,19.076,72.8777,0.0,No Rain,27.1,98.9,Monsoon,0,Unknown,19,8,112.7,2.1,21527,Low,2020,6,June,No Flood,Normal,No Rain,No Flood
2020-06-12,Raigad,Maharashtra,18.5158,73.1822,46.1,Heavy,26.6,78.7,Monsoon,0,Unknown,15,45,1458.5,6.7,1855,Very High,2020,6,June,No Flood,Normal,Moderate,No Flood
2020-06-13,Jalgaon,Maharashtra,21.0077,75.5626,17.7,Moderate,27.9,87.9,Monsoon,0,Unknown,5,209,438.6,6.88,3300,Moderate,2020,6,June,No Flood,Normal,Light,No Flood
2020-06-13,Nagpur,Maharashtra,21.1458,79.0882,26.7,Moderate,24.3,99.0,Monsoon,0,Unknown,7,310,705.8,8.23,5206,Moderate,2020,6,June,No Flood,Normal,Moderate,No Flood
2020-06-14,Satara,Maharashtra,17.6805,73.9997,0.0,No Rain,23.2,79.4,Monsoon,0,Unknown,8,742,170.9,5.44,2761,Low,2020,6,June,No Flood,Normal,No Rain,No Flood
2020-06-14,Sangli,Maharashtra,16.8524,74.5815,182.7,Extreme,26.5,99.0,Monsoon,1,Very High,12,549,8233.2,18.56,5034,Very High,2020,6,June,Flood,Extreme,Very Heavy,June
2020-06-14,Raigad,Maharashtra,18.5158,73.1822,16.2,Moderate,24.6,88.1,Monsoon,0,Unknown,15,45,499.6,4.41,1840,High,2020,6,June,No Flood,Normal,Light,No Flood
2020-06-14,Sangli,Maharashtra,16.8524,74.5815,34.0,Moderate,26.7,90.7,Monsoon,0,Unknown,12,549,779.5,10.58,4997,Moderate,2020,6,June,No Flood,Normal,Moderate,No Flood
2020-06-15,Panaji,Goa,15.4909,73.8278,16.1,Moderate,22.3,83.5,Monsoon,0,Unknown,8,7,487.3,3.32,2329,High,2020,6,June,No Flood,Normal,Light,No Flood
2020-06-16,Belagavi,Karnataka,15.8497,74.4977,10.8,Moderate,25.1,88.3,Monsoon,0,Unknown,9,762,289.0,7.28,3184,Moderate,2020,6,June,No Flood,Normal,Light,No Flood
2020-06-16,Panaji,Goa,15.4909,73.8278,25.6,Moderate,30.0,94.2,Monsoon,0,Unknown,8,7,712.2,3.87,2353,High,2020,6,June,No Flood,Normal,Moderate,No Flood
2020-06-16,Satara,Maharashtra,17.6805,73.9997,18.2,Moderate,23.5,83.6,Monsoon,0,Unknown,8,742,391.4,8.15,2755,Moderate,2020,6,June,No Flood,Normal,Light,No Flood
2020-06-17,Ratnagiri,Maharashtra,16.9902,73.312,4.3,Light,23.7,78.6,Monsoon,0,Unknown,14,11,278.2,2.77,1620,Moderate,2020,6,June,No Flood,Normal,Light,No Flood
2020-06-17,Satara,Maharashtra,17.6805,73.9997,27.0,Moderate,19.5,81.7,Monsoon,0,Unknown,8,742,728.0,11.38,2781,High,2020,6,June,No Flood,Normal,Moderate,No Flood
2020-06-18,Kolhapur,Maharashtra,16.705,74.2433,12.8,Moderate,22.7,74.6,Monsoon,0,Unknown,13,569,396.5,8.72,5924,Moderate,2020,6,June,No Flood,Normal,Light,No Flood
2020-06-18,Kolhapur,Maharashtra,16.705,74.2433,14.9,Moderate,21.6,71.9,Monsoon,0,Unknown,13,569,354.4,8.28,5925,Moderate,2020,6,June,No Flood,Normal,Light,No Flood
2020-06-18,Nashik,Maharashtra,19.9975,73.7898,122.2,Very Heavy,24.9,99.0,Monsoon,1,Very High,7,600,3878.6,14.79,4226,Very High,2020,6,June,Flood,Extreme,Very Heavy,June
2020-06-18,Ratnagiri,Maharashtra,16.9902,73.312,83.9,Very Heavy,22.2,97.6,Monsoon,1,Very High,14,11,3097.0,7.97,1615,Very High,2020,6,June,Flood,Extreme,Heavy,June
2020-06-18,Ratnagiri,Maharashtra,16.9902,73.312,38.2,Heavy,24.5,98.8,Monsoon,1,Moderate,14,11,887.5,5.33,1637,High,2020,6,June,Flood,Normal,Moderate,June
2020-06-18,Satara,Maharashtra,17.6805,73.9997,0.0,No Rain,22.3,76.0,Monsoon,0,Unknown,8,742,188.0,5.4,2748,Low,2020,6,June,No Flood,Normal,No Rain,No Flood
2020-06-19,Ratnagiri,Maharashtra,16.9902,73.312,123.0,Very Heavy,25.3,94.5,Monsoon,1,Very High,14,11,5215.8,7.97,1657,Very High,2020,6,June,Flood,Extreme,Very Heavy,June
2020-06-19,Kolhapur,Maharashtra,16.705,74.2433,0.0,No Rain,25.7,77.7,Monsoon,0,Unknown,13,569,205.5,6.24,5956,Low,2020,6,June,No Flood,Normal,No Rain,No Flood
2020-06-20,Raigad,Maharashtra,18.5158,73.1822,55.7,Heavy,24.9,99.0,Monsoon,0,Unknown,15,45,1412.6,6.69,1839,Very High,2020,6,June,No Flood,Normal,Heavy,No Flood
2020-06-20,Sangli,Maharashtra,16.8524,74.5815,121.6,Very Heavy,25.7,89.7,Monsoon,1,Very High,12,549,4806.3,18.56,5030,Very High,2020,6,June,Flood,Extreme,Very Heavy,June
2020-06-20,Pune,Maharashtra,18.5204,73.8567,6.4,Light,22.4,78.7,Monsoon,0,Unknown,10,560,246.0,4.91,9610,Low,2020,6,June,No Flood,Normal,Light,No Flood
2020-06-21,Mumbai,Maharashtra,19.076,72.8777,0.0,No Rain,25.2,83.3,Monsoon,0,Unknown,19,8,174.0,2.65,21493,Low,2020,6,June,No Flood,Normal,No Rain,No Flood
2020-06-21,Pune,Maharashtra,18.5204,73.8567,14.7,Moderate,26.5,82.5,Monsoon,0,Unknown,10,560,356.7,5.86,9609,Moderate,2020,6,June,No Flood,Normal,Light,No Flood
2020-06-21,Sangli,Maharashtra,16.8524,74.5815,58.0,Heavy,24.7,77.8,Monsoon,0,Unknown,12,549,1604.5,15.79,5026,High,2020,6,June,No Flood,Normal,Heavy,No Flood
2020-06-22,Mumbai,Maharashtra,19.076,72.8777,36.5,Heavy,22.8,85.3,Monsoon,0,Unknown,19,8,707.1,5.21,21476,Very High,2020,6,June,No Flood,Normal,Moderate,No Flood
2020-06-23,Ratnagiri,Maharashtra,16.9902,73.312,18.8,Moderate,27.0,85.6,Monsoon,0,Unknown,14,11,503.4,3.9,1661,High,2020,6,June,No Flood,Normal,Light,No Flood
2020-06-24,Panaji,Goa,15.4909,73.8278,36.0,Heavy,31.7,79.5,Monsoon,0,Unknown,8,7,947.0,4.39,2377,High,2020,6,June,No Flood,Normal,Moderate,No Flood
2020-06-24,Raigad,Maharashtra,18.5158,73.1822,0.0,No Rain,27.4,99.0,Monsoon,0,Unknown,15,45,285.4,2.77,1842,Moderate,2020,6,June,No Flood,Normal,No Rain,No Flood
2020-06-25,Pune,Maharashtra,18.5204,73.8567,36.7,Heavy,25.1,99.0,Monsoon,0,Unknown,10,560,984.0,9.93,9606,High,2020,6,June,No Flood,Normal,Moderate,No Flood
2020-06-25,Kolhapur,Maharashtra,16.705,74.2433,12.3,Moderate,22.5,84.3,Monsoon,0,Unknown,13,569,340.6,7.98,5938,Moderate,2020,6,June,No Flood,Normal,Light,No Flood
2020-06-25,Belagavi,Karnataka,15.8497,74.4977,0.0,No Rain,25.7,79.5,Monsoon,0,Unknown,9,762,179.7,5.07,3151,Low,2020,6,June,No Flood,Normal,No Rain,No Flood
2020-06-26,Mumbai,Maharashtra,19.076,72.8777,22.0,Moderate,24.9,88.3,Monsoon,0,Unknown,19,8,543.2,4.62,21482,High,2020,6,June,No Flood,Normal,Moderate,No Flood
2020-06-26,Nashik,Maharashtra,19.9975,73.7898,19.8,Moderate,25.6,80.4,Monsoon,0,Unknown,7,600,413.3,7.68,4210,Moderate,2020,6,June,No Flood,Normal,Light,No Flood
2020-06-27,Kolhapur,Maharashtra,16.705,74.2433,3.1,Light,21.9,85.0,Monsoon,0,Unknown,13,569,236.8,6.69,5935,Low,2020,6,June,No Flood,Normal,Light,No Flood
2020-06-27,Mumbai,Maharashtra,19.076,72.8777,32.5,Moderate,21.7,93.7,Monsoon,1,High,19,8,947.0,6.16,21485,Very High,2020,6,June,Flood,Normal,Moderate,June
2020-06-27,Nashik,Maharashtra,19.9975,73.7898,0.0,No Rain,27.2,75.8,Monsoon,0,Unknown,7,600,165.9,4.59,4207,Low,2020,6,June,No Flood,Normal,No Rain,No Flood
2020-06-27,Sangli,Maharashtra,16.8524,74.5815,29.6,Moderate,25.5,74.9,Monsoon,0,Unknown,12,549,722.6,10.08,4990,Moderate,2020,6,June,No Flood,Normal,Moderate,No Flood
2020-06-27,Sangli,Maharashtra,16.8524,74.5815,0.0,No Rain,25.6,81.7,Monsoon,0,Unknown,12,549,244.3,5.94,5042,Low,2020,6,June,No Flood,Normal,No Rain,No Flood
2020-06-28,Pune,Maharashtra,18.5204,73.8567,88.4,Very Heavy,21.8,86.7,Monsoon,1,Very High,10,560,3420.6,13.78,9616,Very High,2020,6,June,Flood,Extreme,Heavy,June
2020-06-28,Kolhapur,Maharashtra,16.705,74.2433,0.0,No Rain,28.5,82.2,Monsoon,0,Unknown,13,569,217.9,6.54,5964,Low,2020,6,June,No Flood,Normal,No Rain,No Flood
2020-06-29,Kolhapur,Maharashtra,16.705,74.2433,6.6,Light,22.5,82.4,Monsoon,0,Unknown,13,569,279.9,7.54,5967,Low,2020,6,June,No Flood,Normal,Light,No Flood
2020-06-29,Pune,Maharashtra,18.5204,73.8567,32.2,Moderate,24.6,85.2,Monsoon,0,Unknown,10,560,825.6,9.29,9631,High,2020,6,June,No Flood,Normal,Moderate,No Flood
2020-06-29,Sangli,Maharashtra,16.8524,74.5815,102.0,Very Heavy,23.2,99.0,Monsoon,1,Very High,12,549,4271.7,18.56,4998,Very High,2020,6,June,Flood,Extreme,Very Heavy,June
2020-06-29,Sangli,Maharashtra,16.8524,74.5815,53.2,Heavy,24.7,85.7,Monsoon,1,Very High,12,549,1301.5,14.29,5029,Very High,2020,6,June,Flood,Normal,Heavy,June
2020-06-30,Pune,Maharashtra,18.5204,73.8567,21.3,Moderate,26.9,88.5,Monsoon,0,Unknown,10,560,489.4,6.93,9608,Moderate,2020,6,June,No Flood,Normal,Moderate,No Flood
2020-06-30,Raigad,Maharashtra,18.5158,73.1822,15.6,Moderate,23.2,86.0,Monsoon,0,Unknown,15,45,470.1,4.01,1869,Moderate,2020,6,June,No Flood,Normal,Light,No Flood
2020-06-30,Ratnagiri,Maharashtra,16.9902,73.312,38.1,Heavy,29.4,93.9,Monsoon,0,Unknown,14,11,902.3,5.34,1648,High,2020,6,June,No Flood,Normal,Moderate,No Flood
2020-07-01,Sangli,Maharashtra,16.8524,74.5815,0.0,No Rain,25.3,81.4,Monsoon,0,Unknown,12,549,257.6,6.15,4991,Low,2020,7,July,No Flood,Normal,No Rain,No Flood
2020-07-01,Pune,Maharashtra,18.5204,73.8567,213.4,Extreme,22.6,99.0,Monsoon,1,Very High,10,560,9165.2,13.78,9649,Very High,2020,7,July,Flood,Extreme,Extreme,July
2020-07-01,Mumbai,Maharashtra,19.076,72.8777,70.3,Very Heavy,26.0,99.0,Monsoon,1,Very High,19,8,1839.6,6.96,21485,Very High,2020,7,July,Flood,Extreme,Heavy,July
2020-07-01,Mumbai,Maharashtra,19.076,72.8777,7.7,Moderate,25.8,88.1,Monsoon,0,Unknown,19,8,195.0,2.44,21479,Moderate,2020,7,July,No Flood,Normal,Light,No Flood
2020-07-01,Nagpur,Maharashtra,21.1458,79.0882,0.0,No Rain,24.5,84.8,Monsoon,0,Unknown,7,310,206.9,3.69,5247,Low,2020,7,July,No Flood,Normal,No Rain,No Flood
2020-07-02,Sangli,Maharashtra,16.8524,74.5815,9.2,Moderate,23.8,83.3,Monsoon,0,Unknown,12,549,320.1,6.64,5031,Moderate,2020,7,July,No Flood,Normal,Light,No Flood
2020-07-02,Mumbai,Maharashtra,19.076,72.8777,0.0,No Rain,24.3,79.4,Monsoon,0,Unknown,19,8,163.5,2.11,21475,Low,2020,7,July,No Flood,Normal,No Rain,No Flood
2020-07-02,Nagpur,Maharashtra,21.1458,79.0882,204.4,Extreme,25.5,99.0,Monsoon,1,Very High,7,310,7888.9,12.32,5207,Very High,2020,7,July,Flood,Extreme,Extreme,July
2020-07-02,Nashik,Maharashtra,19.9975,73.7898,89.6,Very Heavy,23.7,97.6,Monsoon,1,Very High,7,600,2424.3,14.79,4222,Very High,2020,7,July,Flood,Extreme,Heavy,July
2020-07-02,Satara,Maharashtra,17.6805,73.9997,10.3,Moderate,22.6,82.9,Monsoon,0,Unknown,8,742,260.9,6.37,2751,Moderate,2020,7,July,No Flood,Normal,Light,No Flood
2020-07-03,Nagpur,Maharashtra,21.1458,79.0882,0.0,No Rain,25.0,71.7,Monsoon,0,Unknown,7,310,187.1,4.2,5226,Low,2020,7,July,No Flood,Normal,No Rain,No Flood
2020-07-03,Panaji,Goa,15.4909,73.8278,17.2,Moderate,27.1,91.1,Monsoon,0,Unknown,8,7,434.1,3.2,2328,High,2020,7,July,No Flood,Normal,Light,No Flood
2020-07-04,Nashik,Maharashtra,19.9975,73.7898,48.5,Heavy,25.9,86.2,Monsoon,0,Unknown,7,600,954.6,11.77,4194,High,2020,7,July,No Flood,Normal,Moderate,No Flood
2020-07-05,Belagavi,Karnataka,15.8497,74.4977,17.8,Moderate,21.2,97.3,Monsoon,0,Unknown,9,762,378.3,7.32,3184,Moderate,2020,7,July,No Flood,Normal,Light,No Flood
2020-07-05,Mumbai,Maharashtra,19.076,72.8777,74.5,Very Heavy,25.1,88.0,Monsoon,1,Very High,19,8,2748.6,6.96,21499,Very High,2020,7,July,Flood,Extreme,Heavy,July
2020-07-05,Raigad,Maharashtra,18.5158,73.1822,109.4,Very Heavy,27.6,99.0,Monsoon,1,Very High,15,45,3400.5,8.99,1861,Very High,2020,7,July,Flood,Extreme,Very Heavy,July
2020-07-05,Raigad,Maharashtra,18.5158,73.1822,15.7,Moderate,26.0,89.1,Monsoon,0,Unknown,15,45,531.1,4.16,1842,Moderate,2020,7,July,No Flood,Normal,Light,No Flood
2020-07-05,Solapur,Maharashtra,17.6599,75.9064,49.7,Heavy,25.0,80.6,Monsoon,0,Unknown,6,458,1404.7,13.05,3896,High,2020,7,July,No Flood,Normal,Moderate,No Flood
2020-07-06,Belagavi,Karnataka,15.8497,74.4977,51.8,Heavy,21.4,90.3,Monsoon,0,Unknown,9,762,1131.9,14.17,3172,High,2020,7,July,No Flood,Normal,Heavy,No Flood
2020-07-06,Jalgaon,Maharashtra,21.0077,75.5626,36.5,Heavy,22.7,97.3,Monsoon,1,High,5,209,1038.4,11.1,3304,Very High,2020,7,July,Flood,Normal,Moderate,July
2020-07-06,Pune,Maharashtra,18.5204,73.8567,9.7,Moderate,25.2,81.7,Monsoon,0,Unknown,10,560,296.6,5.82,9650,Moderate,2020,7,July,No Flood,Normal,Light,No Flood
2020-07-06,Pune,Maharashtra,18.5204,73.8567,58.6,Heavy,25.1,88.3,Monsoon,1,Very High,10,560,1659.7,13.57,9643,Very High,2020,7,July,Flood,Normal,Heavy,July
2020-07-07,Belagavi,Karnataka,15.8497,74.4977,0.0,No Rain,21.4,85.5,Monsoon,0,Unknown,9,762,199.6,6.12,3198,Low,2020,7,July,No Flood,Normal,No Rain,No Flood
2020-07-07,Nagpur,Maharashtra,21.1458,79.0882,0.0,No Rain,26.6,89.3,Monsoon,0,Unknown,7,310,193.9,3.8,5197,Low,2020,7,July,No Flood,Normal,No Rain,No Flood
2020-07-07,Nagpur,Maharashtra,21.1458,79.0882,0.0,No Rain,22.1,93.0,Monsoon,0,Unknown,7,310,181.7,4.08,5200,Low,2020,7,July,No Flood,Normal,No Rain,No Flood
2020-07-07,Pune,Maharashtra,18.5204,73.8567,60.3,Heavy,26.5,82.3,Monsoon,1,Very High,10,560,1379.8,12.43,9613,Very High,2020,7,July,Flood,Normal,Heavy,July
2020-07-07,Satara,Maharashtra,17.6805,73.9997,0.0,No Rain,24.1,80.3,Monsoon,0,Unknown,8,742,160.9,5.53,2738,Low,2020,7,July,No Flood,Normal,No Rain,No Flood
2020-07-07,Solapur,Maharashtra,17.6599,75.9064,22.3,Moderate,26.5,87.2,Monsoon,0,Unknown,6,458,569.6,9.43,3862,Moderate,2020,7,July,No Flood,Normal,Moderate,No Flood
2020-07-08,Pune,Maharashtra,18.5204,73.8567,11.4,Moderate,20.4,90.9,Monsoon,0,Unknown,10,560,312.7,5.46,9627,Moderate,2020,7,July,No Flood,Normal,Light,No Flood
2020-07-08,Panaji,Goa,15.4909,73.8278,32.4,Moderate,28.0,74.1,Monsoon,1,High,8,7,923.0,5.03,2341,Very High,2020,7,July,Flood,Normal,Moderate,July
2020-07-08,Belagavi,Karnataka,15.8497,74.4977,15.9,Moderate,23.5,71.7,Monsoon,0,Unknown,9,762,437.8,8.91,3144,Moderate,2020,7,July,No Flood,Normal,Light,No Flood
2020-07-09,Mumbai,Maharashtra,19.076,72.8777,17.1,Moderate,24.4,74.5,Monsoon,0,Unknown,19,8,411.6,3.61,21479,High,2020,7,July,No Flood,Normal,Light,No Flood
2020-07-09,Nagpur,Maharashtra,21.1458,79.0882,19.7,Moderate,23.4,82.7,Monsoon,0,Unknown,7,310,489.0,6.19,5212,Moderate,2020,7,July,No Flood,Normal,Light,No Flood
2020-07-09,Sangli,Maharashtra,16.8524,74.5815,10.5,Moderate,24.4,80.3,Monsoon,0,Unknown,12,549,395.0,7.41,5037,Moderate,2020,7,July,No Flood,Normal,Light,No Flood
2020-07-09,Satara,Maharashtra,17.6805,73.9997,0.0,No Rain,21.9,85.8,Monsoon,0,Unknown,8,742,178.2,5.64,2786,Low,2020,7,July,No Flood,Normal,No Rain,No Flood
2020-07-10,Ratnagiri,Maharashtra,16.9902,73.312,31.2,Moderate,23.4,87.6,Monsoon,0,Unknown,14,11,748.0,4.39,1625,High,2020,7,July,No Flood,Normal,Moderate,No Flood
2020-07-10,Sangli,Maharashtra,16.8524,74.5815,11.9,Moderate,23.3,90.2,Monsoon,0,Unknown,12,549,406.3,7.62,5041,Moderate,2020,7,July,No Flood,Normal,Light,No Flood
2020-07-10,Sangli,Maharashtra,16.8524,74.5815,19.5,Moderate,24.1,78.6,Monsoon,0,Unknown,12,549,581.8,9.24,5020,Moderate,2020,7,July,No Flood,Normal,Light,No Flood
2020-07-11,Nashik,Maharashtra,19.9975,73.7898,0.0,No Rain,22.2,85.7,Monsoon,0,Unknown,7,600,179.7,4.74,4226,Low,2020,7,July,No Flood,Normal,No Rain,No Flood
2020-07-11,Nagpur,Maharashtra,21.1458,79.0882,0.0,No Rain,23.7,81.7,Monsoon,0,Unknown,7,310,185.3,4.19,5248,Low,2020,7,July,No Flood,Normal,No Rain,No Flood
2020-07-11,Nagpur,Maharashtra,21.1458,79.0882,6.6,Light,25.5,95.8,Monsoon,0,Unknown,7,310,255.5,4.75,5231,Low,2020,7,July,No Flood,Normal,Light,No Flood
2020-07-11,Belagavi,Karnataka,15.8497,74.4977,23.5,Moderate,24.8,86.3,Monsoon,0,Unknown,9,762,588.4,9.7,3185,Moderate,2020,7,July,No Flood,Normal,Moderate,No Flood
2020-07-11,Kolhapur,Maharashtra,16.705,74.2433,15.6,Moderate,24.6,95.6,Monsoon,0,Unknown,13,569,439.8,9.18,5926,Moderate,2020,7,July,No Flood,Normal,Light,No Flood
2020-07-11,Mumbai,Maharashtra,19.076,72.8777,66.6,Very Heavy,23.3,99.0,Monsoon,1,Very High,19,8,1427.4,6.96,21483,Very High,2020,7,July,Flood,Extreme,Heavy,July
2020-07-12,Raigad,Maharashtra,18.5158,73.1822,74.9,Very Heavy,29.6,97.4,Monsoon,1,Very High,15,45,2089.4,8.36,1862,Very High,2020,7,July,Flood,Extreme,Heavy,July
2020-07-12,Satara,Maharashtra,17.6805,73.9997,10.8,Moderate,23.2,84.2,Monsoon,0,Unknown,8,742,297.5,7.07,2787,Moderate,2020,7,July,No Flood,Normal,Light,No Flood
2020-07-12,Nashik,Maharashtra,19.9975,73.7898,7.4,Light,21.6,80.2,Monsoon,0,Unknown,7,600,273.8,6.29,4179,Low,2020,7,July,No Flood,Normal,Light,No Flood
2020-07-12,Solapur,Maharashtra,17.6599,75.9064,24.0,Moderate,26.3,96.2,Monsoon,0,Unknown,6,458,610.4,9.81,3902,Moderate,2020,7,July,No Flood,Normal,Moderate,No Flood
2020-07-12,Kolhapur,Maharashtra,16.705,74.2433,16.6,Moderate,25.5,84.2,Monsoon,0,Unknown,13,569,528.4,9.53,5913,Moderate,2020,7,July,No Flood,Normal,Light,No Flood
2020-07-12,Belagavi,Karnataka,15.8497,74.4977,64.2,Heavy,25.7,92.4,Monsoon,1,Very High,9,762,1560.0,16.43,3193,Very High,2020,7,July,Flood,Normal,Heavy,July
2020-07-12,Kolhapur,Maharashtra,16.705,74.2433,11.3,Moderate,25.1,74.1,Monsoon,0,Unknown,13,569,366.0,8.11,5939,Moderate,2020,7,July,No Flood,Normal,Light,No Flood
2020-07-13,Jalgaon,Maharashtra,21.0077,75.5626,22.5,Moderate,28.8,74.5,Monsoon,0,Unknown,5,209,515.6,7.75,3301,Moderate,2020,7,July,No Flood,Normal,Moderate,No Flood
2020-07-13,Mumbai,Maharashtra,19.076,72.8777,85.9,Very Heavy,27.4,95.6,Monsoon,1,Very High,19,8,3343.2,6.96,21479,Very High,2020,7,July,Flood,Extreme,Heavy,July
2020-07-13,Mumbai,Maharashtra,19.076,72.8777,21.1,Moderate,23.0,84.1,Monsoon,1,Moderate,19,8,563.2,4.71,21526,High,2020,7,July,Flood,Normal,Moderate,July
2020-07-13,Mumbai,Maharashtra,19.076,72.8777,22.4,Moderate,25.6,80.4,Monsoon,0,Unknown,19,8,490.9,4.32,21521,High,2020,7,July,No Flood,Normal,Moderate,No Flood
2020-07-13,Ratnagiri,Maharashtra,16.9902,73.312,77.1,Very Heavy,23.8,93.1,Monsoon,1,Very High,14,11,2906.6,7.97,1612,Very High,2020,7,July,Flood,Extreme,Heavy,July
2020-07-14,Mumbai,Maharashtra,19.076,72.8777,18.2,Moderate,31.0,86.1,Monsoon,0,Unknown,19,8,394.0,4.18,21525,High,2020,7,July,No Flood,Normal,Light,No Flood
2020-07-14,Raigad,Maharashtra,18.5158,73.1822,0.0,No Rain,28.5,83.7,Monsoon,0,Unknown,15,45,248.8,3.18,1866,Low,2020,7,July,No Flood,Normal,No Rain,No Flood
2020-07-14,Jalgaon,Maharashtra,21.0077,75.5626,21.4,Moderate,24.2,87.8,Monsoon,0,Unknown,5,209,482.3,7.22,3271,Moderate,2020,7,July,No Flood,Normal,Moderate,No Flood
2020-07-15,Belagavi,Karnataka,15.8497,74.4977,69.7,Very Heavy,23.7,99.0,Monsoon,1,Very High,9,762,2265.2,16.68,3167,Very High,2020,7,July,Flood,Extreme,Heavy,July
2020-07-15,Jalgaon,Maharashtra,21.0077,75.5626,0.0,No Rain,25.4,90.7,Monsoon,0,Unknown,5,209,118.3,3.78,3287,Low,2020,7,July,No Flood,Normal,No Rain,No Flood
2020-07-15,Pune,Maharashtra,18.5204,73.8567,7.4,Light,24.9,79.2,Monsoon,0,Unknown,10,560,268.9,5.25,9621,Low,2020,7,July,No Flood,Normal,Light,No Flood
2020-07-15,Raigad,Maharashtra,18.5158,73.1822,11.3,Moderate,28.3,81.3,Monsoon,0,Unknown,15,45,406.4,3.43,1853,Moderate,2020,7,July,No Flood,Normal,Light,No Flood
2020-07-16,Nashik,Maharashtra,19.9975,73.7898,48.0,Heavy,25.2,81.3,Monsoon,1,Very High,7,600,1502.4,14.54,4174,Very High,2020,7,July,Flood,Normal,Moderate,July
2020-07-16,Pune,Maharashtra,18.5204,73.8567,187.8,Extreme,26.7,99.0,Monsoon,1,Very High,10,560,5994.6,13.78,9644,Very High,2020,7,July,Flood,Extreme,Very Heavy,July
2020-07-16,Sangli,Maharashtra,16.8524,74.5815,19.6,Moderate,23.5,93.4,Monsoon,0,Unknown,12,549,509.2,8.58,5030,Moderate,2020,7,July,No Flood,Normal,Light,No Flood
2020-07-16,Solapur,Maharashtra,17.6599,75.9064,27.7,Moderate,23.3,99.0,Monsoon,0,Unknown,6,458,516.2,9.05,3908,Moderate,2020,7,July,No Flood,Normal,Moderate,No Flood
2020-07-17,Raigad,Maharashtra,18.5158,73.1822,0.0,No Rain,24.4,75.3,Monsoon,0,Unknown,15,45,252.8,3.02,1871,Moderate,2020,7,July,No Flood,Normal,No Rain,No Flood
2020-07-18,Sangli,Maharashtra,16.8524,74.5815,45.7,Heavy,25.1,95.3,Monsoon,0,Unknown,12,549,1033.5,12.22,4998,High,2020,7,July,No Flood,Normal,Moderate,No Flood
2020-07-18,Ratnagiri,Maharashtra,16.9902,73.312,301.5,Extreme,22.2,99.0,Monsoon,1,Very High,14,11,14698.3,7.97,1609,Very High,2020,7,July,Flood,Extreme,Extreme,July
2020-07-18,Nashik,Maharashtra,19.9975,73.7898,0.0,No Rain,20.9,76.6,Monsoon,0,Unknown,7,600,171.1,4.42,4182,Low,2020,7,July,No Flood,Normal,No Rain,No Flood
2020-07-18,Pune,Maharashtra,18.5204,73.8567,23.4,Moderate,20.3,85.6,Monsoon,0,Unknown,10,560,640.8,8.1,9617,High,2020,7,July,No Flood,Normal,Moderate,No Flood
2020-07-18,Pune,Maharashtra,18.5204,73.8567,0.0,No Rain,26.3,84.0,Monsoon,0,Unknown,10,560,224.3,4.74,9598,Low,2020,7,July,No Flood,Normal,No Rain,No Flood
2020-07-19,Kolhapur,Maharashtra,16.705,74.2433,0.0,No Rain,25.2,82.9,Monsoon,0,Unknown,13,569,197.7,5.65,5957,Low,2020,7,July,No Flood,Normal,No Rain,No Flood
2020-07-19,Mumbai,Maharashtra,19.076,72.8777,0.0,No Rain,29.9,79.8,Monsoon,0,Unknown,19,8,143.8,1.93,21486,Low,2020,7,July,No Flood,Normal,No Rain,No Flood
2020-07-19,Nagpur,Maharashtra,21.1458,79.0882,2.8,Light,28.3,86.2,Monsoon,0,Unknown,7,310,194.2,3.68,5229,Low,2020,7,July,No Flood,Normal,Light,No Flood
2020-07-19,Solapur,Maharashtra,17.6599,75.9064,52.6,Heavy,22.7,96.1,Monsoon,1,Very High,6,458,1156.3,13.05,3899,Very High,2020,7,July,Flood,Normal,Heavy,July
2020-07-20,Raigad,Maharashtra,18.5158,73.1822,32.0,Moderate,23.6,79.4,Monsoon,0,Unknown,15,45,906.7,5.61,1828,High,2020,7,July,No Flood,Normal,Moderate,No Flood
2020-07-20,Pune,Maharashtra,18.5204,73.8567,10.1,Moderate,24.0,84.1,Monsoon,0,Unknown,10,560,334.0,5.52,9654,Moderate,2020,7,July,No Flood,Normal,Light,No Flood
2020-07-20,Nashik,Maharashtra,19.9975,73.7898,7.0,Light,22.6,95.9,Monsoon,0,Unknown,7,600,229.4,5.3,4188,Low,2020,7,July,No Flood,Normal,Light,No Flood
2020-07-20,Kolhapur,Maharashtra,16.705,74.2433,0.0,No Rain,27.4,82.7,Monsoon,0,Unknown,13,569,227.3,6.41,5926,Low,2020,7,July,No Flood,Normal,No Rain,No Flood
2020-07-20,Mumbai,Maharashtra,19.076,72.8777,0.0,No Rain,27.0,84.9,Monsoon,0,Unknown,19,8,131.8,1.93,21482,Low,2020,7,July,No Flood,Normal,No Rain,No Flood
2020-07-21,Raigad,Maharashtra,18.5158,73.1822,55.3,Heavy,28.4,92.0,Monsoon,1,Very High,15,45,1708.3,7.01,1854,Very High,2020,7,July,Flood,Normal,Heavy,July
2020-07-21,Sangli,Maharashtra,16.8524,74.5815,8.4,Moderate,24.7,89.0,Monsoon,0,Unknown,12,549,310.4,6.21,5005,Moderate,2020,7,July,No Flood,Normal,Light,No Flood
2020-07-21,Solapur,Maharashtra,17.6599,75.9064,21.2,Moderate,24.9,81.2,Monsoon,0,Unknown,6,458,565.2,9.16,3870,Moderate,2020,7,July,No Flood,Normal,Moderate,No Flood
2020-07-22,Pune,Maharashtra,18.5204,73.8567,10.6,Moderate,28.0,83.8,Monsoon,0,Unknown,10,560,366.9,5.96,9596,Moderate,2020,7,July,No Flood,Normal,Light,No Flood
2020-07-22,Kolhapur,Maharashtra,16.705,74.2433,107.9,Very Heavy,23.9,99.0,Monsoon,1,Very High,13,569,3772.3,19.57,5947,Very High,2020,7,July,Flood,Extreme,Very Heavy,July
2020-07-22,Mumbai,Maharashtra,19.076,72.8777,205.4,Extreme,24.8,99.0,Monsoon,1,Very High,19,8,10062.9,6.96,21517,Very High,2020,7,July,Flood,Extreme,Extreme,July
2020-07-22,Satara,Maharashtra,17.6805,73.9997,19.7,Moderate,21.2,72.3,Monsoon,0,Unknown,8,742,511.5,9.46,2774,Moderate,2020,7,July,No Flood,Normal,Light,No Flood
2020-07-23,Solapur,Maharashtra,17.6599,75.9064,0.0,No Rain,22.9,93.4,Monsoon,0,Unknown,6,458,124.0,4.55,3898,Low,2020,7,July,No Flood,Normal,No Rain,No Flood
2020-07-23,Raigad,Maharashtra,18.5158,73.1822,14.7,Moderate,26.1,82.5,Monsoon,0,Unknown,15,45,503.0,3.74,1830,Moderate,2020,7,July,No Flood,Normal,Light,No Flood
2020-07-23,Sangli,Maharashtra,16.8524,74.5815,0.0,No Rain,24.0,94.6,Monsoon,0,Unknown,12,549,254.0,5.48,5013,Low,2020,7,July,No Flood,Normal,No Rain,No Flood
2020-07-23,Raigad,Maharashtra,18.5158,73.1822,271.3,Extreme,29.1,99.0,Monsoon,1,Very High,15,45,11868.8,8.99,1852,Very High,2020,7,July,Flood,Extreme,Extreme,July
2020-07-23,Mumbai,Maharashtra,19.076,72.8777,41.5,Heavy,26.3,87.4,Monsoon,0,Unknown,19,8,985.4,5.97,21509,Very High,2020,7,July,No Flood,Normal,Moderate,No Flood
2020-07-24,Kolhapur,Maharashtra,16.705,74.2433,10.9,Moderate,24.9,88.1,Monsoon,0,Unknown,13,569,333.3,8.05,5920,Moderate,2020,7,July,No Flood,Normal,Light,No Flood
2020-07-24,Mumbai,Maharashtra,19.076,72.8777,1.9,Light,24.2,88.0,Monsoon,0,Unknown,19,8,119.0,1.74,21509,Low,2020,7,July,No Flood,Normal,Light,No Flood
2020-07-24,Mumbai,Maharashtra,19.076,72.8777,23.6,Moderate,24.8,91.3,Monsoon,0,Unknown,19,8,403.6,3.85,21509,High,2020,7,July,No Flood,Normal,Moderate,No Flood
2020-07-24,Nagpur,Maharashtra,21.1458,79.0882,0.0,No Rain,29.1,87.1,Monsoon,0,Unknown,7,310,199.4,3.37,5231,Low,2020,7,July,No Flood,Normal,No Rain,No Flood
2020-07-24,Panaji,Goa,15.4909,73.8278,115.1,Very Heavy,30.0,99.0,Monsoon,1,Very High,8,7,4364.4,6.52,2344,Very High,2020,7,July,Flood,Extreme,Very Heavy,July
2020-07-24,Raigad,Maharashtra,18.5158,73.1822,0.0,No Rain,22.7,78.6,Monsoon,0,Unknown,15,45,277.7,2.97,1822,Moderate,2020,7,July,No Flood,Normal,No Rain,No Flood
2020-07-24,Solapur,Maharashtra,17.6599,75.9064,2.3,Light,27.0,84.7,Monsoon,0,Unknown,6,458,122.9,4.23,3918,Low,2020,7,July,No Flood,Normal,Light,No Flood
2020-07-25,Raigad,Maharashtra,18.5158,73.1822,157.4,Extreme,26.1,99.0,Monsoon,1,Very High,15,45,5798.3,8.99,1853,Very High,2020,7,July,Flood,Extreme,Very Heavy,July
2020-07-26,Sangli,Maharashtra,16.8524,74.5815,15.2,Moderate,25.9,88.0,Monsoon,0,Unknown,12,549,488.0,8.6,5005,Moderate,2020,7,July,No Flood,Normal,Light,No Flood
2020-07-26,Ratnagiri,Maharashtra,16.9902,73.312,37.3,Heavy,26.2,93.2,Monsoon,0,Unknown,14,11,843.3,4.77,1640,High,2020,7,July,No Flood,Normal,Moderate,No Flood
2020-07-27,Kolhapur,Maharashtra,16.705,74.2433,25.7,Moderate,26.1,96.1,Monsoon,0,Unknown,13,569,724.5,12.07,5957,High,2020,7,July,No Flood,Normal,Moderate,No Flood
2020-07-27,Mumbai,Maharashtra,19.076,72.8777,10.4,Moderate,25.6,87.3,Monsoon,0,Unknown,19,8,264.8,3.25,21508,Moderate,2020,7,July,No Flood,Normal,Light,No Flood
2020-07-27,Nashik,Maharashtra,19.9975,73.7898,230.6,Extreme,25.4,99.0,Monsoon,1,Very High,7,600,10499.1,14.79,4184,Very High,2020,7,July,Flood,Extreme,Extreme,July
2020-07-27,Sangli,Maharashtra,16.8524,74.5815,25.7,Moderate,25.3,88.7,Monsoon,0,Unknown,12,549,766.2,10.94,5009,High,2020,7,July,No Flood,Normal,Moderate,No Flood
2020-07-28,Mumbai,Maharashtra,19.076,72.8777,31.3,Moderate,24.1,99.0,Monsoon,1,Moderate,19,8,589.0,4.56,21507,High,2020,7,July,Flood,Normal,Moderate,July
2020-07-28,Pune,Maharashtra,18.5204,73.8567,0.0,No Rain,24.8,79.6,Monsoon,0,Unknown,10,560,207.6,4.41,9619,Low,2020,7,July,No Flood,Normal,No Rain,No Flood
2020-07-28,Sangli,Maharashtra,16.8524,74.5815,51.5,Heavy,23.7,88.2,Monsoon,1,Very High,12,549,1810.1,16.68,4989,Very High,2020,7,July,Flood,Normal,Heavy,July
2020-07-29,Solapur,Maharashtra,17.6599,75.9064,7.5,Light,22.4,85.2,Monsoon,0,Unknown,6,458,218.8,6.01,3889,Low,2020,7,July,No Flood,Normal,Light,No Flood
2020-07-29,Ratnagiri,Maharashtra,16.9902,73.312,28.1,Moderate,26.4,94.0,Monsoon,0,Unknown,14,11,632.1,4.55,1649,High,2020,7,July,No Flood,Normal,Moderate,No Flood
2020-07-29,Ratnagiri,Maharashtra,16.9902,73.312,0.0,No Rain,21.7,88.6,Monsoon,0,Unknown,14,11,222.3,2.22,1653,Low,2020,7,July,No Flood,Normal,No Rain,No Flood
2020-07-29,Belagavi,Karnataka,15.8497,74.4977,20.4,Moderate,24.7,86.6,Monsoon,0,Unknown,9,762,437.5,8.47,3195,Moderate,2020,7,July,No Flood,Normal,Moderate,No Flood
2020-07-29,Mumbai,Maharashtra,19.076,72.8777,187.0,Extreme,30.2,99.0,Monsoon,1,Very High,19,8,9060.8,6.96,21519,Very High,2020,7,July,Flood,Extreme,Very Heavy,July
2020-07-29,Pune,Maharashtra,18.5204,73.8567,90.4,Very Heavy,23.7,84.8,Monsoon,1,Very High,10,560,3016.6,13.78,9595,Very High,2020,7,July,Flood,Extreme,Heavy,July
2020-07-30,Mumbai,Maharashtra,19.076,72.8777,12.7,Moderate,27.6,87.8,Monsoon,0,Unknown,19,8,323.3,3.77,21531,Moderate,2020,7,July,No Flood,Normal,Light,No Flood
2020-07-30,Nashik,Maharashtra,19.9975,73.7898,22.6,Moderate,25.9,85.8,Monsoon,0,Unknown,7,600,594.4,9.26,4183,Moderate,2020,7,July,No Flood,Normal,Moderate,No Flood
2020-07-30,Nashik,Maharashtra,19.9975,73.7898,0.0,No Rain,26.1,89.6,Monsoon,0,Unknown,7,600,194.8,5.13,4183,Low,2020,7,July,No Flood,Normal,No Rain,No Flood
2020-07-30,Pune,Maharashtra,18.5204,73.8567,0.0,No Rain,24.0,76.5,Monsoon,0,Unknown,10,560,189.1,4.26,9610,Low,2020,7,July,No Flood,Normal,No Rain,No Flood
2020-07-30,Satara,Maharashtra,17.6805,73.9997,35.2,Moderate,28.4,79.6,Monsoon,0,Unknown,8,742,852.9,11.9,2735,High,2020,7,July,No Flood,Normal,Moderate,No Flood
2020-07-31,Ratnagiri,Maharashtra,16.9902,73.312,151.0,Extreme,27.2,99.0,Monsoon,1,Very High,14,11,7009.8,7.97,1627,Very High,2020,7,July,Flood,Extreme,Very Heavy,July
2020-07-31,Pune,Maharashtra,18.5204,73.8567,63.2,Heavy,22.4,91.3,Monsoon,1,Very High,10,560,2173.2,13.78,9598,Very High,2020,7,July,Flood,Normal,Heavy,July
2020-07-31,Mumbai,Maharashtra,19.076,72.8777,18.5,Moderate,26.6,83.0,Monsoon,0,Unknown,19,8,370.1,3.98,21487,High,2020,7,July,No Flood,Normal,Light,No Flood
2020-08-01,Pune,Maharashtra,18.5204,73.8567,6.0,Light,24.7,74.8,Monsoon,0,Unknown,10,560,242.5,5.18,9597,Low,2020,8,August,No Flood,Normal,Light,No Flood
2020-08-01,Raigad,Maharashtra,18.5158,73.1822,130.2,Extreme,26.1,99.0,Monsoon,1,Very High,15,45,5983.4,8.99,1825,Very High,2020,8,August,Flood,Extreme,Very Heavy,August
2020-08-01,Ratnagiri,Maharashtra,16.9902,73.312,0.0,No Rain,29.0,89.7,Monsoon,0,Unknown,14,11,237.0,2.91,1624,Low,2020,8,August,No Flood,Normal,No Rain,No Flood
2020-08-01,Satara,Maharashtra,17.6805,73.9997,0.0,No Rain,27.2,90.9,Monsoon,0,Unknown,8,742,180.2,5.23,2762,Low,2020,8,August,No Flood,Normal,No Rain,No Flood
2020-08-01,Satara,Maharashtra,17.6805,73.9997,0.0,No Rain,24.1,76.6,Monsoon,0,Unknown,8,742,177.8,5.41,2782,Low,2020,8,August,No Flood,Normal,No Rain,No Flood
2020-08-02,Satara,Maharashtra,17.6805,73.9997,15.9,Moderate,23.6,76.1,Monsoon,0,Unknown,8,742,382.5,7.54,2776,Moderate,2020,8,August,No Flood,Normal,Light,No Flood
2020-08-02,Satara,Maharashtra,17.6805,73.9997,28.6,Moderate,22.5,76.1,Monsoon,0,Unknown,8,742,633.3,10.77,2757,High,2020,8,August,No Flood,Normal,Moderate,No Flood
2020-08-02,Belagavi,Karnataka,15.8497,74.4977,7.2,Light,24.6,94.3,Monsoon,0,Unknown,9,762,237.9,5.82,3171,Low,2020,8,August,No Flood,Normal,Light,No Flood
2020-08-02,Nagpur,Maharashtra,21.1458,79.0882,42.5,Heavy,29.5,96.0,Monsoon,1,High,7,310,1131.9,9.93,5235,Very High,2020,8,August,Flood,Normal,Moderate,August
2020-08-02,Ratnagiri,Maharashtra,16.9902,73.312,105.0,Very Heavy,24.3,92.9,Monsoon,1,Very High,14,11,2613.8,7.97,1660,Very High,2020,8,August,Flood,Extreme,Very Heavy,August
2020-08-03,Panaji,Goa,15.4909,73.8278,52.7,Heavy,29.2,99.0,Monsoon,1,Very High,8,7,1350.6,5.85,2327,Very High,2020,8,August,Flood,Normal,Heavy,August
2020-08-03,Pune,Maharashtra,18.5204,73.8567,8.8,Moderate,21.0,83.7,Monsoon,0,Unknown,10,560,301.4,5.42,9638,Moderate,2020,8,August,No Flood,Normal,Light,No Flood
2020-08-03,Ratnagiri,Maharashtra,16.9902,73.312,99.9,Very Heavy,29.6,99.0,Monsoon,1,Very High,14,11,4164.1,7.97,1644,Very High,2020,8,August,Flood,Extreme,Heavy,August
2020-08-03,Sangli,Maharashtra,16.8524,74.5815,10.2,Moderate,24.1,79.1,Monsoon,0,Unknown,12,549,350.9,7.11,5043,Moderate,2020,8,August,No Flood,Normal,Light,No Flood
2020-08-03,Satara,Maharashtra,17.6805,73.9997,25.9,Moderate,27.3,96.8,Monsoon,0,Unknown,8,742,583.7,9.94,2741,Moderate,2020,8,August,No Flood,Normal,Moderate,No Flood
2020-08-04,Kolhapur,Maharashtra,16.705,74.2433,9.8,Moderate,25.6,79.8,Monsoon,0,Unknown,13,569,341.8,8.05,5963,Moderate,2020,8,August,No Flood,Normal,Light,No Flood
2020-08-04,Kolhapur,Maharashtra,16.705,74.2433,3.1,Light,24.9,83.6,Monsoon,0,Unknown,13,569,257.6,7.01,5962,Low,2020,8,August,No Flood,Normal,Light,No Flood
2020-08-04,Nagpur,Maharashtra,21.1458,79.0882,0.0,No Rain,28.3,96.8,Monsoon,0,Unknown,7,310,181.6,3.82,5205,Low,2020,8,August,No Flood,Normal,No Rain,No Flood
2020-08-04,Nashik,Maharashtra,19.9975,73.7898,59.3,Heavy,26.9,99.0,Monsoon,1,Very High,7,600,1795.6,14.79,4173,Very High,2020,8,August,Flood,Normal,Heavy,August
2020-08-05,Kolhapur,Maharashtra,16.705,74.2433,0.0,No Rain,23.5,83.3,Monsoon,0,Unknown,13,569,206.7,5.92,5939,Low,2020,8,August,No Flood,Normal,No Rain,No Flood
2020-08-05,Nagpur,Maharashtra,21.1458,79.0882,0.0,No Rain,26.5,92.2,Monsoon,0,Unknown,7,310,202.3,4.2,5224,Low,2020,8,August,No Flood,Normal,No Rain,No Flood
2020-08-05,Satara,Maharashtra,17.6805,73.9997,0.0,No Rain,22.0,99.0,Monsoon,0,Unknown,8,742,140.9,4.99,2786,Low,2020,8,August,No Flood,Normal,No Rain,No Flood
2020-08-06,Pune,Maharashtra,18.5204,73.8567,8.8,Moderate,22.8,83.3,Monsoon,0,Unknown,10,560,316.8,5.26,9595,Moderate,2020,8,August,No Flood,Normal,Light,No Flood
2020-08-07,Ratnagiri,Maharashtra,16.9902,73.312,17.9,Moderate,27.8,89.1,Monsoon,0,Unknown,14,11,574.5,3.87,1616,High,2020,8,August,No Flood,Normal,Light,No Flood
2020-08-07,Ratnagiri,Maharashtra,16.9902,73.312,275.9,Extreme,24.6,99.0,Monsoon,1,Very High,14,11,10994.7,7.97,1653,Very High,2020,8,August,Flood,Extreme,Extreme,August
2020-08-07,Jalgaon,Maharashtra,21.0077,75.5626,13.3,Moderate,23.1,75.2,Monsoon,0,Unknown,5,209,364.2,6.69,3260,Moderate,2020,8,August,No Flood,Normal,Light,No Flood
2020-08-07,Ratnagiri,Maharashtra,16.9902,73.312,0.0,No Rain,26.5,70.1,Monsoon,0,Unknown,14,11,210.1,2.27,1665,Low,2020,8,August,No Flood,Normal,No Rain,No Flood
2020-08-08,Raigad,Maharashtra,18.5158,73.1822,236.8,Extreme,26.0,99.0,Monsoon,1,Very High,15,45,8822.1,8.99,1837,Very High,2020,8,August,Flood,Extreme,Extreme,August
2020-08-08,Satara,Maharashtra,17.6805,73.9997,0.0,No Rain,24.5,92.0,Monsoon,0,Unknown,8,742,164.5,4.98,2756,Low,2020,8,August,No Flood,Normal,No Rain,No Flood
2020-08-09,Mumbai,Maharashtra,19.076,72.8777,25.5,Moderate,24.4,90.0,Monsoon,0,Unknown,19,8,500.8,4.2,21516,High,2020,8,August,No Flood,Normal,Moderate,No Flood
2020-08-09,Sangli,Maharashtra,16.8524,74.5815,0.0,No Rain,25.5,83.4,Monsoon,0,Unknown,12,549,276.2,5.85,5022,Low,2020,8,August,No Flood,Normal,No Rain,No Flood
2020-08-09,Sangli,Maharashtra,16.8524,74.5815,98.1,Very Heavy,25.0,89.9,Monsoon,1,Very High,12,549,3151.5,18.56,5001,Very High,2020,8,August,Flood,Extreme,Heavy,August
2020-08-10,Mumbai,Maharashtra,19.076,72.8777,0.0,No Rain,25.0,89.0,Monsoon,0,Unknown,19,8,128.3,2.3,21497,Low,2020,8,August,No Flood,Normal,No Rain,No Flood
2020-08-10,Sangli,Maharashtra,16.8524,74.5815,0.0,No Rain,24.8,85.3,Monsoon,0,Unknown,12,549,242.3,6.03,5012,Low,2020,8,August,No Flood,Normal,No Rain,No Flood
2020-08-10,Jalgaon,Maharashtra,21.0077,75.5626,146.7,Extreme,24.9,99.0,Monsoon,1,Very High,5,209,4138.9,11.6,3280,Very High,2020,8,August,Flood,Extreme,Very Heavy,August
2020-08-11,Nagpur,Maharashtra,21.1458,79.0882,197.3,Extreme,27.5,99.0,Monsoon,1,Very High,7,310,8975.5,12.32,5239,Very High,2020,8,August,Flood,Extreme,Very Heavy,August
2020-08-11,Pune,Maharashtra,18.5204,73.8567,38.8,Heavy,25.7,89.6,Monsoon,0,Unknown,10,560,853.1,9.52,9619,High,2020,8,August,No Flood,Normal,Moderate,No Flood
2020-08-11,Raigad,Maharashtra,18.5158,73.1822,34.6,Moderate,24.0,88.1,Monsoon,0,Unknown,15,45,1060.3,6.19,1844,High,2020,8,August,No Flood,Normal,Moderate,No Flood
2020-08-12,Pune,Maharashtra,18.5204,73.8567,0.0,No Rain,24.2,85.2,Monsoon,0,Unknown,10,560,198.6,3.9,9623,Low,2020,8,August,No Flood,Normal,No Rain,No Flood
2020-08-12,Raigad,Maharashtra,18.5158,73.1822,58.3,Heavy,24.9,93.3,Monsoon,0,Unknown,15,45,1775.7,7.65,1834,Very High,2020,8,August,No Flood,Normal,Heavy,No Flood
2020-08-12,Ratnagiri,Maharashtra,16.9902,73.312,140.0,Extreme,26.3,99.0,Monsoon,1,Very High,14,11,5783.2,7.97,1608,Very High,2020,8,August,Flood,Extreme,Very Heavy,August
2020-08-12,Sangli,Maharashtra,16.8524,74.5815,9.2,Moderate,21.2,92.5,Monsoon,0,Unknown,12,549,336.8,6.74,5013,Moderate,2020,8,August,No Flood,Normal,Light,No Flood
2020-08-12,Satara,Maharashtra,17.6805,73.9997,81.6,Very Heavy,27.1,98.8,Monsoon,1,Very High,8,742,2993.4,15.95,2771,Very High,2020,8,August,Flood,Extreme,Heavy,August
2020-08-13,Sangli,Maharashtra,16.8524,74.5815,91.8,Very Heavy,21.7,96.1,Monsoon,1,Very High,12,549,2824.4,18.56,5002,Very High,2020,8,August,Flood,Extreme,Heavy,August
2020-08-13,Pune,Maharashtra,18.5204,73.8567,16.3,Moderate,23.5,88.8,Monsoon,0,Unknown,10,560,429.1,6.33,9601,Moderate,2020,8,August,No Flood,Normal,Light,No Flood
2020-08-13,Kolhapur,Maharashtra,16.705,74.2433,19.2,Moderate,22.8,93.0,Monsoon,0,Unknown,13,569,563.9,10.92,5917,Moderate,2020,8,August,No Flood,Normal,Light,No Flood
2020-08-13,Nagpur,Maharashtra,21.1458,79.0882,24.1,Moderate,25.2,92.6,Monsoon,0,Unknown,7,310,568.9,6.86,5213,Moderate,2020,8,August,No Flood,Normal,Moderate,No Flood
2020-08-13,Nagpur,Maharashtra,21.1458,79.0882,26.3,Moderate,24.8,87.6,Monsoon,0,Unknown,7,310,522.7,6.89,5226,Moderate,2020,8,August,No Flood,Normal,Moderate,No Flood
2020-08-14,Mumbai,Maharashtra,19.076,72.8777,47.0,Heavy,24.9,98.0,Monsoon,1,High,19,8,1074.9,6.59,21522,Very High,2020,8,August,Flood,Normal,Moderate,August
2020-08-14,Panaji,Goa,15.4909,73.8278,0.0,No Rain,25.4,79.6,Monsoon,0,Unknown,8,7,221.7,1.88,2367,Low,2020,8,August,No Flood,Normal,No Rain,No Flood
2020-08-14,Pune,Maharashtra,18.5204,73.8567,0.0,No Rain,25.1,70.5,Monsoon,0,Unknown,10,560,232.2,4.62,9646,Low,2020,8,August,No Flood,Normal,No Rain,No Flood
2020-08-14,Raigad,Maharashtra,18.5158,73.1822,60.0,Heavy,27.6,92.1,Monsoon,1,Very High,15,45,2196.3,8.39,1867,Very High,2020,8,August,Flood,Normal,Heavy,August
2020-08-14,Ratnagiri,Maharashtra,16.9902,73.312,26.5,Moderate,26.9,93.4,Monsoon,0,Unknown,14,11,679.2,4.45,1629,High,2020,8,August,No Flood,Normal,Moderate,No Flood
2020-08-14,Ratnagiri,Maharashtra,16.9902,73.312,6.9,Light,25.9,96.0,Monsoon,0,Unknown,14,11,318.5,3.09,1621,Moderate,2020,8,August,No Flood,Normal,Light,No Flood
2020-08-14,Sangli,Maharashtra,16.8524,74.5815,17.9,Moderate,26.0,99.0,Monsoon,0,Unknown,12,549,470.8,8.33,5040,Moderate,2020,8,August,No Flood,Normal,Light,No Flood
2020-08-14,Satara,Maharashtra,17.6805,73.9997,12.4,Moderate,28.9,78.8,Monsoon,0,Unknown,8,742,276.6,6.42,2769,Moderate,2020,8,August,No Flood,Normal,Light,No Flood
2020-08-15,Mumbai,Maharashtra,19.076,72.8777,150.0,Extreme,24.6,99.0,Monsoon,1,Very High,19,8,4483.6,6.96,21482,Very High,2020,8,August,Flood,Extreme,Very Heavy,August
2020-08-16,Mumbai,Maharashtra,19.076,72.8777,49.8,Heavy,23.5,90.9,Monsoon,0,Unknown,19,8,1120.6,6.49,21478,Very High,2020,8,August,No Flood,Normal,Moderate,No Flood
2020-08-16,Raigad,Maharashtra,18.5158,73.1822,79.6,Very Heavy,22.0,84.9,Monsoon,1,Very High,15,45,1954.1,7.63,1853,Very High,2020,8,August,Flood,Extreme,Heavy,August
2020-08-16,Ratnagiri,Maharashtra,16.9902,73.312,11.7,Moderate,24.3,92.8,Monsoon,0,Unknown,14,11,370.4,3.08,1653,Moderate,2020,8,August,No Flood,Normal,Light,No Flood
2020-08-16,Sangli,Maharashtra,16.8524,74.5815,23.3,Moderate,24.2,76.1,Monsoon,0,Unknown,12,549,732.7,10.39,5021,Moderate,2020,8,August,No Flood,Normal,Moderate,No Flood
2020-08-16,Sangli,Maharashtra,16.8524,74.5815,171.6,Extreme,21.1,99.0,Monsoon,1,Very High,12,549,7933.1,18.56,5016,Very High,2020,8,August,Flood,Extreme,Very Heavy,August
2020-08-16,Solapur,Maharashtra,17.6599,75.9064,0.0,No Rain,22.5,87.0,Monsoon,0,Unknown,6,458,142.7,4.89,3906,Low,2020,8,August,No Flood,Normal,No Rain,No Flood
2020-08-16,Solapur,Maharashtra,17.6599,75.9064,4.3,Light,23.2,76.5,Monsoon,0,Unknown,6,458,156.0,5.38,3883,Low,2020,8,August,No Flood,Normal,Light,No Flood
2020-08-17,Satara,Maharashtra,17.6805,73.9997,34.0,Moderate,21.9,89.8,Monsoon,0,Unknown,8,742,875.5,12.02,2755,High,2020,8,August,No Flood,Normal,Moderate,No Flood
2020-08-17,Kolhapur,Maharashtra,16.705,74.2433,0.0,No Rain,25.4,79.2,Monsoon,0,Unknown,13,569,212.1,6.61,5961,Low,2020,8,August,No Flood,Normal,No Rain,No Flood
2020-08-17,Belagavi,Karnataka,15.8497,74.4977,45.0,Heavy,27.0,93.6,Monsoon,0,Unknown,9,762,1245.1,14.6,3182,High,2020,8,August,No Flood,Normal,Moderate,No Flood
2020-08-18,Belagavi,Karnataka,15.8497,74.4977,0.0,No Rain,23.2,85.3,Monsoon,0,Unknown,9,762,194.7,5.43,3165,Low,2020,8,August,No Flood,Normal,No Rain,No Flood
2020-08-18,Kolhapur,Maharashtra,16.705,74.2433,24.7,Moderate,22.6,86.6,Monsoon,0,Unknown,13,569,577.3,10.55,5910,Moderate,2020,8,August,No Flood,Normal,Moderate,No Flood
2020-08-18,Mumbai,Maharashtra,19.076,72.8777,125.4,Extreme,27.7,99.0,Monsoon,1,Very High,19,8,4829.0,6.96,21526,Very High,2020,8,August,Flood,Extreme,Very Heavy,August
2020-08-18,Nagpur,Maharashtra,21.1458,79.0882,3.1,Light,23.7,71.5,Monsoon,0,Unknown,7,310,203.4,4.42,5222,Low,2020,8,August,No Flood,Normal,Light,No Flood
2020-08-18,Ratnagiri,Maharashtra,16.9902,73.312,0.0,No Rain,22.2,87.0,Monsoon,0,Unknown,14,11,217.1,2.25,1653,Low,2020,8,August,No Flood,Normal,No Rain,No Flood
2020-08-18,Satara,Maharashtra,17.6805,73.9997,6.2,Light,21.7,85.1,Monsoon,0,Unknown,8,742,217.8,5.7,2781,Low,2020,8,August,No Flood,Normal,Light,No Flood
2020-08-20,Sangli,Maharashtra,16.8524,74.5815,21.3,Moderate,24.5,91.0,Monsoon,0,Unknown,12,549,623.3,9.17,5030,Moderate,2020,8,August,No Flood,Normal,Moderate,No Flood
2020-08-20,Pune,Maharashtra,18.5204,73.8567,42.1,Heavy,24.5,88.4,Monsoon,0,Unknown,10,560,1363.5,12.03,9599,High,2020,8,August,No Flood,Normal,Moderate,No Flood
2020-08-20,Kolhapur,Maharashtra,16.705,74.2433,98.1,Very Heavy,25.7,90.0,Monsoon,1,Very High,13,569,2379.8,19.57,5914,Very High,2020,8,August,Flood,Extreme,Heavy,August
2020-08-21,Ratnagiri,Maharashtra,16.9902,73.312,10.4,Moderate,23.1,94.7,Monsoon,0,Unknown,14,11,331.0,3.21,1613,Moderate,2020,8,August,No Flood,Normal,Light,No Flood
2020-08-21,Satara,Maharashtra,17.6805,73.9997,33.2,Moderate,24.0,87.8,Monsoon,0,Unknown,8,742,664.3,10.71,2765,High,2020,8,August,No Flood,Normal,Moderate,No Flood
2020-08-21,Solapur,Maharashtra,17.6599,75.9064,112.4,Very Heavy,27.2,99.0,Monsoon,1,Very High,6,458,3087.1,13.05,3895,Very High,2020,8,August,Flood,Extreme,Very Heavy,August
2020-08-22,Kolhapur,Maharashtra,16.705,74.2433,0.0,No Rain,27.3,78.6,Monsoon,0,Unknown,13,569,226.7,6.59,5965,Low,2020,8,August,No Flood,Normal,No Rain,No Flood
2020-08-22,Mumbai,Maharashtra,19.076,72.8777,15.3,Moderate,24.9,78.9,Monsoon,0,Unknown,19,8,310.6,2.94,21510,Moderate,2020,8,August,No Flood,Normal,Light,No Flood
2020-08-22,Raigad,Maharashtra,18.5158,73.1822,79.4,Very Heavy,25.7,98.3,Monsoon,1,Very High,15,45,2049.3,7.94,1823,Very High,2020,8,August,Flood,Extreme,Heavy,August
2020-08-22,Sangli,Maharashtra,16.8524,74.5815,58.1,Heavy,26.3,74.8,Monsoon,1,Very High,12,549,2087.2,17.45,5022,Very High,2020,8,August,Flood,Normal,Heavy,August
2020-08-23,Pune,Maharashtra,18.5204,73.8567,152.7,Extreme,23.9,99.0,Monsoon,1,Very High,10,560,6874.2,13.78,9628,Very High,2020,8,August,Flood,Extreme,Very Heavy,August
2020-08-23,Kolhapur,Maharashtra,16.705,74.2433,15.6,Moderate,23.7,82.0,Monsoon,0,Unknown,13,569,511.0,9.83,5950,Moderate,2020,8,August,No Flood,Normal,Light,No Flood
2020-08-24,Pune,Maharashtra,18.5204,73.8567,6.5,Light,27.1,89.1,Monsoon,0,Unknown,10,560,253.9,5.56,9650,Moderate,2020,8,August,No Flood,Normal,Light,No Flood
2020-08-24,Ratnagiri,Maharashtra,16.9902,73.312,8.3,Moderate,24.7,89.4,Monsoon,0,Unknown,14,11,307.5,2.99,1658,Moderate,2020,8,August,No Flood,Normal,Light,No Flood
2020-08-25,Nagpur,Maharashtra,21.1458,79.0882,12.7,Moderate,25.4,93.4,Monsoon,0,Unknown,7,310,307.4,5.33,5232,Moderate,2020,8,August,No Flood,Normal,Light,No Flood
2020-08-25,Nashik,Maharashtra,19.9975,73.7898,8.8,Moderate,20.4,85.7,Monsoon,0,Unknown,7,600,273.5,5.86,4173,Low,2020,8,August,No Flood,Normal,Light,No Flood
2020-08-25,Ratnagiri,Maharashtra,16.9902,73.312,11.0,Moderate,21.9,74.3,Monsoon,0,Unknown,14,11,358.1,3.24,1609,Moderate,2020,8,August,No Flood,Normal,Light,No Flood
2020-08-25,Ratnagiri,Maharashtra,16.9902,73.312,21.4,Moderate,26.7,90.1,Monsoon,0,Unknown,14,11,647.2,4.56,1662,High,2020,8,August,No Flood,Normal,Moderate,No Flood
2020-08-25,Sangli,Maharashtra,16.8524,74.5815,102.0,Very Heavy,24.4,87.3,Monsoon,1,Very High,12,549,2569.9,18.56,4993,Very High,2020,8,August,Flood,Extreme,Very Heavy,August
2020-08-25,Satara,Maharashtra,17.6805,73.9997,32.0,Moderate,23.1,94.8,Monsoon,0,Unknown,8,742,599.3,9.99,2775,Moderate,2020,8,August,No Flood,Normal,Moderate,No Flood
2020-08-26,Sangli,Maharashtra,16.8524,74.5815,14.8,Moderate,23.5,93.2,Monsoon,0,Unknown,12,549,504.9,8.41,5043,Moderate,2020,8,August,No Flood,Normal,Light,No Flood
2020-08-26,Sangli,Maharashtra,16.8524,74.5815,14.3,Moderate,25.6,76.6,Monsoon,0,Unknown,12,549,418.7,7.91,4995,Moderate,2020,8,August,No Flood,Normal,Light,No Flood
2020-08-26,Nashik,Maharashtra,19.9975,73.7898,84.0,Very Heavy,25.6,97.8,Monsoon,1,Very High,7,600,2304.9,14.79,4225,Very High,2020,8,August,Flood,Extreme,Heavy,August
2020-08-26,Jalgaon,Maharashtra,21.0077,75.5626,70.3,Very Heavy,28.6,75.5,Monsoon,1,Very High,5,209,1553.6,11.6,3254,Very High,2020,8,August,Flood,Extreme,Heavy,August
2020-08-26,Mumbai,Maharashtra,19.076,72.8777,101.8,Very Heavy,24.7,94.0,Monsoon,1,Very High,19,8,2715.2,6.96,21474,Very High,2020,8,August,Flood,Extreme,Very Heavy,August
2020-08-26,Jalgaon,Maharashtra,21.0077,75.5626,71.9,Very Heavy,26.8,97.3,Monsoon,0,Unknown,5,209,1826.4,11.6,3301,High,2020,8,August,No Flood,Extreme,Heavy,No Flood
2020-08-26,Mumbai,Maharashtra,19.076,72.8777,33.4,Moderate,28.4,93.9,Monsoon,0,Unknown,19,8,722.1,4.92,21485,High,2020,8,August,No Flood,Normal,Moderate,No Flood
2020-08-27,Kolhapur,Maharashtra,16.705,74.2433,10.1,Moderate,23.4,86.0,Monsoon,0,Unknown,13,569,371.1,8.08,5912,Moderate,2020,8,August,No Flood,Normal,Light,No Flood
2020-08-28,Sangli,Maharashtra,16.8524,74.5815,21.3,Moderate,25.6,72.8,Monsoon,0,Unknown,12,549,683.5,10.4,5035,Moderate,2020,8,August,No Flood,Normal,Moderate,No Flood
2020-08-28,Raigad,Maharashtra,18.5158,73.1822,0.0,No Rain,27.4,91.4,Monsoon,0,Unknown,15,45,279.1,3.07,1828,Moderate,2020,8,August,No Flood,Normal,No Rain,No Flood
2020-08-28,Pune,Maharashtra,18.5204,73.8567,16.9,Moderate,28.0,77.1,Monsoon,0,Unknown,10,560,413.2,6.65,9611,Moderate,2020,8,August,No Flood,Normal,Light,No Flood
2020-08-28,Panaji,Goa,15.4909,73.8278,4.8,Light,27.6,82.6,Monsoon,0,Unknown,8,7,272.4,2.22,2351,Moderate,2020,8,August,No Flood,Normal,Light,No Flood
2020-08-29,Jalgaon,Maharashtra,21.0077,75.5626,6.9,Light,26.5,81.2,Monsoon,0,Unknown,5,209,191.3,4.47,3258,Low,2020,8,August,No Flood,Normal,Light,No Flood
2020-08-29,Jalgaon,Maharashtra,21.0077,75.5626,0.0,No Rain,24.1,83.8,Monsoon,0,Unknown,5,209,118.5,3.84,3256,Low,2020,8,August,No Flood,Normal,No Rain,No Flood
2020-08-29,Kolhapur,Maharashtra,16.705,74.2433,0.0,No Rain,18.0,89.2,Monsoon,0,Unknown,13,569,223.6,6.59,5950,Low,2020,8,August,No Flood,Normal,No Rain,No Flood
2020-08-29,Kolhapur,Maharashtra,16.705,74.2433,53.1,Heavy,21.1,93.6,Monsoon,0,Unknown,13,569,1659.0,18.6,5922,High,2020,8,August,No Flood,Normal,Heavy,No Flood
2020-08-29,Mumbai,Maharashtra,19.076,72.8777,0.0,No Rain,27.0,93.9,Monsoon,0,Unknown,19,8,149.5,2.19,21522,Low,2020,8,August,No Flood,Normal,No Rain,No Flood
2020-08-29,Mumbai,Maharashtra,19.076,72.8777,41.3,Heavy,25.4,94.3,Monsoon,1,Very High,19,8,1223.2,6.67,21520,Very High,2020,8,August,Flood,Normal,Moderate,August
2020-08-30,Raigad,Maharashtra,18.5158,73.1822,24.7,Moderate,25.4,92.3,Monsoon,0,Unknown,15,45,738.1,5.08,1870,High,2020,8,August,No Flood,Normal,Moderate,No Flood
2020-08-30,Raigad,Maharashtra,18.5158,73.1822,75.3,Very Heavy,24.2,92.2,Monsoon,0,Unknown,15,45,1832.1,7.44,1864,Very High,2020,8,August,No Flood,Extreme,Heavy,No Flood
2020-08-30,Pune,Maharashtra,18.5204,73.8567,0.0,No Rain,21.4,87.4,Monsoon,0,Unknown,10,560,196.6,4.89,9644,Low,2020,8,August,No Flood,Normal,No Rain,No Flood
2020-08-31,Mumbai,Maharashtra,19.076,72.8777,0.0,No Rain,24.7,82.0,Monsoon,0,Unknown,19,8,132.1,2.17,21486,Low,2020,8,August,No Flood,Normal,No Rain,No Flood
2020-08-31,Ratnagiri,Maharashtra,16.9902,73.312,11.0,Moderate,23.8,91.5,Monsoon,0,Unknown,14,11,366.7,3.04,1665,Moderate,2020,8,August,No Flood,Normal,Light,No Flood
2020-08-31,Sangli,Maharashtra,16.8524,74.5815,28.8,Moderate,28.2,83.0,Monsoon,1,Moderate,12,549,922.5,11.89,5037,High,2020,8,August,Flood,Normal,Moderate,August
2020-08-31,Sangli,Maharashtra,16.8524,74.5815,0.0,No Rain,24.6,97.2,Monsoon,0,Unknown,12,549,224.2,5.47,5037,Low,2020,8,August,No Flood,Normal,No Rain,No Flood
2020-09-01,Mumbai,Maharashtra,19.076,72.8777,88.0,Very Heavy,24.4,94.2,Monsoon,1,Very High,19,8,2486.6,6.96,21512,Very High,2020,9,September,Flood,Extreme,Heavy,September
2020-09-01,Ratnagiri,Maharashtra,16.9902,73.312,0.0,No Rain,29.2,89.0,Monsoon,0,Unknown,14,11,246.4,2.6,1647,Low,2020,9,September,No Flood,Normal,No Rain,No Flood
2020-09-02,Sangli,Maharashtra,16.8524,74.5815,55.3,Heavy,24.6,96.9,Monsoon,1,Very High,12,549,1377.5,14.05,5017,Very High,2020,9,September,Flood,Normal,Heavy,September
2020-09-02,Ratnagiri,Maharashtra,16.9902,73.312,0.0,No Rain,23.3,85.9,Monsoon,0,Unknown,14,11,231.4,2.15,1651,Low,2020,9,September,No Flood,Normal,No Rain,No Flood
2020-09-02,Mumbai,Maharashtra,19.076,72.8777,27.7,Moderate,24.4,88.4,Monsoon,0,Unknown,19,8,736.5,5.57,21481,Very High,2020,9,September,No Flood,Normal,Moderate,No Flood
2020-09-02,Kolhapur,Maharashtra,16.705,74.2433,51.9,Heavy,23.9,85.5,Monsoon,1,Very High,13,569,1576.2,17.21,5946,Very High,2020,9,September,Flood,Normal,Heavy,September
2020-09-03,Kolhapur,Maharashtra,16.705,74.2433,69.2,Very Heavy,23.5,88.0,Monsoon,1,Very High,13,569,2226.2,19.57,5911,Very High,2020,9,September,Flood,Extreme,Heavy,September
2020-09-03,Kolhapur,Maharashtra,16.705,74.2433,9.3,Moderate,27.0,82.4,Monsoon,0,Unknown,13,569,328.9,7.76,5935,Moderate,2020,9,September,No Flood,Normal,Light,No Flood
2020-09-03,Mumbai,Maharashtra,19.076,72.8777,21.7,Moderate,26.3,90.8,Monsoon,0,Unknown,19,8,486.4,4.47,21495,High,2020,9,September,No Flood,Normal,Moderate,No Flood
2020-09-03,Pune,Maharashtra,18.5204,73.8567,17.2,Moderate,25.4,98.7,Monsoon,0,Unknown,10,560,501.8,7.26,9648,Moderate,2020,9,September,No Flood,Normal,Light,No Flood
2020-09-03,Satara,Maharashtra,17.6805,73.9997,0.0,No Rain,22.5,99.0,Monsoon,0,Unknown,8,742,151.0,4.49,2786,Low,2020,9,September,No Flood,Normal,No Rain,No Flood
2020-09-04,Satara,Maharashtra,17.6805,73.9997,33.1,Moderate,23.3,86.3,Monsoon,1,Moderate,8,742,662.4,10.64,2735,High,2020,9,September,Flood,Normal,Moderate,September
2020-09-04,Sangli,Maharashtra,16.8524,74.5815,53.8,Heavy,25.7,90.3,Monsoon,0,Unknown,12,549,1376.8,14.84,4997,High,2020,9,September,No Flood,Normal,Heavy,No Flood
2020-09-04,Mumbai,Maharashtra,19.076,72.8777,17.9,Moderate,29.7,87.4,Monsoon,0,Unknown,19,8,427.8,3.96,21493,High,2020,9,September,No Flood,Normal,Light,No Flood
2020-09-04,Belagavi,Karnataka,15.8497,74.4977,12.6,Moderate,28.7,81.5,Monsoon,0,Unknown,9,762,361.4,7.86,3169,Moderate,2020,9,September,No Flood,Normal,Light,No Flood
2020-09-04,Nashik,Maharashtra,19.9975,73.7898,20.2,Moderate,23.4,92.5,Monsoon,0,Unknown,7,600,473.6,8.12,4213,Moderate,2020,9,September,No Flood,Normal,Moderate,No Flood
2020-09-05,Satara,Maharashtra,17.6805,73.9997,72.8,Very Heavy,25.8,91.4,Monsoon,1,Very High,8,742,1600.9,15.95,2735,Very High,2020,9,September,Flood,Extreme,Heavy,September
2020-09-05,Kolhapur,Maharashtra,16.705,74.2433,15.4,Moderate,27.9,80.6,Monsoon,0,Unknown,13,569,458.9,9.27,5948,Moderate,2020,9,September,No Flood,Normal,Light,No Flood
2020-09-05,Kolhapur,Maharashtra,16.705,74.2433,235.1,Extreme,25.9,99.0,Monsoon,1,Very High,13,569,12293.1,19.57,5933,Very High,2020,9,September,Flood,Extreme,Extreme,September
2020-09-05,Satara,Maharashtra,17.6805,73.9997,196.5,Extreme,21.5,99.0,Monsoon,1,Very High,8,742,8303.9,15.95,2762,Very High,2020,9,September,Flood,Extreme,Very Heavy,September
2020-09-06,Raigad,Maharashtra,18.5158,73.1822,13.9,Moderate,26.2,83.4,Monsoon,0,Unknown,15,45,474.0,4.01,1851,Moderate,2020,9,September,No Flood,Normal,Light,No Flood
2020-09-06,Ratnagiri,Maharashtra,16.9902,73.312,71.8,Very Heavy,27.0,94.8,Monsoon,1,Very High,14,11,2659.1,7.97,1628,Very High,2020,9,September,Flood,Extreme,Heavy,September
2020-09-06,Nagpur,Maharashtra,21.1458,79.0882,32.2,Moderate,25.4,94.6,Monsoon,1,Moderate,7,310,876.9,8.66,5205,High,2020,9,September,Flood,Normal,Moderate,September
2020-09-06,Pune,Maharashtra,18.5204,73.8567,0.0,No Rain,23.5,86.9,Monsoon,0,Unknown,10,560,226.2,4.6,9627,Low,2020,9,September,No Flood,Normal,No Rain,No Flood
2020-09-07,Sangli,Maharashtra,16.8524,74.5815,8.6,Moderate,25.6,87.6,Monsoon,0,Unknown,12,549,330.2,6.3,4988,Low,2020,9,September,No Flood,Normal,Light,No Flood
2020-09-07,Satara,Maharashtra,17.6805,73.9997,101.3,Very Heavy,22.9,94.1,Monsoon,1,Very High,8,742,2747.8,15.95,2791,Very High,2020,9,September,Flood,Extreme,Very Heavy,September
2020-09-08,Mumbai,Maharashtra,19.076,72.8777,5.9,Light,31.1,97.4,Monsoon,0,Unknown,19,8,183.9,2.58,21507,Low,2020,9,September,No Flood,Normal,Light,No Flood
2020-09-08,Pune,Maharashtra,18.5204,73.8567,59.3,Heavy,29.2,98.1,Monsoon,1,Very High,10,560,1769.1,13.78,9636,Very High,2020,9,September,Flood,Normal,Heavy,September
2020-09-10,Pune,Maharashtra,18.5204,73.8567,57.2,Heavy,25.0,98.1,Monsoon,0,Unknown,10,560,2019.5,13.78,9618,High,2020,9,September,No Flood,Normal,Heavy,No Flood
2020-09-10,Nashik,Maharashtra,19.9975,73.7898,76.4,Very Heavy,21.6,98.5,Monsoon,1,Very High,7,600,1882.4,14.79,4212,Very High,2020,9,September,Flood,Extreme,Heavy,September
2020-09-10,Satara,Maharashtra,17.6805,73.9997,18.9,Moderate,26.8,82.6,Monsoon,0,Unknown,8,742,559.7,9.84,2752,Moderate,2020,9,September,No Flood,Normal,Light,No Flood
2020-09-10,Kolhapur,Maharashtra,16.705,74.2433,55.5,Heavy,24.9,93.7,Monsoon,0,Unknown,13,569,1572.1,18.04,5929,High,2020,9,September,No Flood,Normal,Heavy,No Flood
2020-09-10,Mumbai,Maharashtra,19.076,72.8777,250.1,Extreme,25.4,99.0,Monsoon,1,Very High,19,8,12782.9,6.96,21476,Very High,2020,9,September,Flood,Extreme,Extreme,September
2020-09-11,Jalgaon,Maharashtra,21.0077,75.5626,0.0,No Rain,25.3,88.5,Monsoon,0,Unknown,5,209,120.1,3.66,3253,Low,2020,9,September,No Flood,Normal,No Rain,No Flood
2020-09-11,Kolhapur,Maharashtra,16.705,74.2433,50.1,Heavy,23.7,97.1,Monsoon,0,Unknown,13,569,1153.4,14.8,5955,High,2020,9,September,No Flood,Normal,Heavy,No Flood
2020-09-11,Kolhapur,Maharashtra,16.705,74.2433,10.3,Moderate,24.8,93.6,Monsoon,0,Unknown,13,569,372.6,8.34,5963,Moderate,2020,9,September,No Flood,Normal,Light,No Flood
2020-09-11,Panaji,Goa,15.4909,73.8278,9.8,Moderate,24.2,85.1,Monsoon,0,Unknown,8,7,308.8,2.58,2366,Moderate,2020,9,September,No Flood,Normal,Light,No Flood
2020-09-11,Pune,Maharashtra,18.5204,73.8567,17.7,Moderate,23.1,91.5,Monsoon,0,Unknown,10,560,484.8,7.17,9632,Moderate,2020,9,September,No Flood,Normal,Light,No Flood
2020-09-11,Sangli,Maharashtra,16.8524,74.5815,0.0,No Rain,24.6,90.6,Monsoon,0,Unknown,12,549,268.7,6.27,5001,Low,2020,9,September,No Flood,Normal,No Rain,No Flood
2020-09-11,Solapur,Maharashtra,17.6599,75.9064,19.2,Moderate,26.9,85.1,Monsoon,0,Unknown,6,458,365.4,7.57,3914,Moderate,2020,9,September,No Flood,Normal,Light,No Flood
2020-09-12,Satara,Maharashtra,17.6805,73.9997,0.0,No Rain,23.6,84.4,Monsoon,0,Unknown,8,742,126.3,4.42,2734,Low,2020,9,September,No Flood,Normal,No Rain,No Flood
2020-09-12,Raigad,Maharashtra,18.5158,73.1822,0.0,No Rain,25.2,81.2,Monsoon,0,Unknown,15,45,300.0,3.03,1835,Moderate,2020,9,September,No Flood,Normal,No Rain,No Flood
2020-09-12,Ratnagiri,Maharashtra,16.9902,73.312,22.7,Moderate,28.2,78.5,Monsoon,0,Unknown,14,11,610.8,4.47,1661,High,2020,9,September,No Flood,Normal,Moderate,No Flood
2020-09-13,Kolhapur,Maharashtra,16.705,74.2433,14.0,Moderate,25.6,76.4,Monsoon,0,Unknown,13,569,365.0,8.25,5961,Moderate,2020,9,September,No Flood,Normal,Light,No Flood
2020-09-13,Kolhapur,Maharashtra,16.705,74.2433,88.0,Very Heavy,24.5,95.2,Monsoon,1,Very High,13,569,3493.4,19.57,5939,Very High,2020,9,September,Flood,Extreme,Heavy,September
2020-09-14,Nashik,Maharashtra,19.9975,73.7898,4.2,Light,21.8,83.1,Monsoon,0,Unknown,7,600,210.1,5.17,4185,Low,2020,9,September,No Flood,Normal,Light,No Flood
2020-09-14,Raigad,Maharashtra,18.5158,73.1822,0.0,No Rain,26.9,88.8,Monsoon,0,Unknown,15,45,273.3,3.27,1852,Moderate,2020,9,September,No Flood,Normal,No Rain,No Flood
2020-09-14,Sangli,Maharashtra,16.8524,74.5815,29.9,Moderate,25.2,78.9,Monsoon,1,Moderate,12,549,878.1,11.57,5025,High,2020,9,September,Flood,Normal,Moderate,September
2020-09-14,Sangli,Maharashtra,16.8524,74.5815,0.0,No Rain,23.7,79.8,Monsoon,0,Unknown,12,549,256.4,5.83,4996,Low,2020,9,September,No Flood,Normal,No Rain,No Flood
2020-09-15,Mumbai,Maharashtra,19.076,72.8777,62.3,Heavy,24.7,97.4,Monsoon,1,Very High,19,8,1878.0,6.96,21487,Very High,2020,9,September,Flood,Normal,Heavy,September
2020-09-15,Pune,Maharashtra,18.5204,73.8567,0.0,No Rain,22.1,87.1,Monsoon,0,Unknown,10,560,230.1,4.79,9620,Low,2020,9,September,No Flood,Normal,No Rain,No Flood
2020-09-15,Sangli,Maharashtra,16.8524,74.5815,29.3,Moderate,26.2,85.4,Monsoon,0,Unknown,12,549,730.5,10.16,5035,Moderate,2020,9,September,No Flood,Normal,Moderate,No Flood
2020-09-16,Panaji,Goa,15.4909,73.8278,17.5,Moderate,28.0,87.9,Monsoon,0,Unknown,8,7,481.8,3.18,2352,High,2020,9,September,No Flood,Normal,Light,No Flood
2020-09-17,Ratnagiri,Maharashtra,16.9902,73.312,165.5,Extreme,27.7,99.0,Monsoon,1,Very High,14,11,6718.5,7.97,1624,Very High,2020,9,September,Flood,Extreme,Very Heavy,September
2020-09-17,Kolhapur,Maharashtra,16.705,74.2433,5.7,Light,21.7,81.9,Monsoon,0,Unknown,13,569,263.3,6.49,5912,Low,2020,9,September,No Flood,Normal,Light,No Flood
2020-09-17,Jalgaon,Maharashtra,21.0077,75.5626,17.3,Moderate,27.0,79.8,Monsoon,0,Unknown,5,209,444.0,7.26,3304,Moderate,2020,9,September,No Flood,Normal,Light,No Flood
2020-09-17,Belagavi,Karnataka,15.8497,74.4977,0.0,No Rain,22.5,83.2,Monsoon,0,Unknown,9,762,154.4,4.81,3160,Low,2020,9,September,No Flood,Normal,No Rain,No Flood
2020-09-18,Pune,Maharashtra,18.5204,73.8567,6.2,Light,26.4,86.7,Monsoon,0,Unknown,10,560,255.1,5.01,9596,Low,2020,9,September,No Flood,Normal,Light,No Flood
2020-09-18,Solapur,Maharashtra,17.6599,75.9064,30.1,Moderate,20.8,85.8,Monsoon,0,Unknown,6,458,714.3,11.27,3864,High,2020,9,September,No Flood,Normal,Moderate,No Flood
2020-09-19,Nagpur,Maharashtra,21.1458,79.0882,32.1,Moderate,22.9,91.4,Monsoon,0,Unknown,7,310,589.6,7.76,5236,Moderate,2020,9,September,No Flood,Normal,Moderate,No Flood
2020-09-19,Nashik,Maharashtra,19.9975,73.7898,70.5,Very Heavy,23.7,86.2,Monsoon,1,Very High,7,600,2172.1,14.79,4201,Very High,2020,9,September,Flood,Extreme,Heavy,September
2020-09-20,Sangli,Maharashtra,16.8524,74.5815,21.7,Moderate,24.4,80.4,Monsoon,0,Unknown,12,549,588.9,9.07,5022,Moderate,2020,9,September,No Flood,Normal,Moderate,No Flood
2020-09-20,Ratnagiri,Maharashtra,16.9902,73.312,41.1,Heavy,22.5,94.5,Monsoon,1,High,14,11,1334.0,5.89,1661,Very High,2020,9,September,Flood,Normal,Moderate,September
2020-09-20,Pune,Maharashtra,18.5204,73.8567,12.8,Moderate,23.1,83.6,Monsoon,0,Unknown,10,560,342.4,5.42,9648,Moderate,2020,9,September,No Flood,Normal,Light,No Flood
2020-09-20,Kolhapur,Maharashtra,16.705,74.2433,4.8,Light,23.3,81.1,Monsoon,0,Unknown,13,569,283.3,7.28,5945,Low,2020,9,September,No Flood,Normal,Light,No Flood
2020-09-20,Belagavi,Karnataka,15.8497,74.4977,0.0,No Rain,23.5,85.0,Monsoon,0,Unknown,9,762,172.9,5.14,3183,Low,2020,9,September,No Flood,Normal,No Rain,No Flood
2020-09-20,Mumbai,Maharashtra,19.076,72.8777,68.8,Very Heavy,27.3,96.5,Monsoon,1,Very High,19,8,1875.1,6.96,21480,Very High,2020,9,September,Flood,Extreme,Heavy,September
2020-09-21,Pune,Maharashtra,18.5204,73.8567,0.0,No Rain,21.1,86.4,Monsoon,0,Unknown,10,560,169.9,4.31,9652,Low,2020,9,September,No Flood,Normal,No Rain,No Flood
2020-09-22,Jalgaon,Maharashtra,21.0077,75.5626,120.4,Very Heavy,24.4,99.0,Monsoon,1,Very High,5,209,3889.0,11.6,3258,Very High,2020,9,September,Flood,Extreme,Very Heavy,September
2020-09-22,Kolhapur,Maharashtra,16.705,74.2433,21.5,Moderate,25.4,70.2,Monsoon,0,Unknown,13,569,522.0,10.42,5961,Moderate,2020,9,September,No Flood,Normal,Moderate,No Flood
2020-09-23,Raigad,Maharashtra,18.5158,73.1822,19.0,Moderate,23.9,81.5,Monsoon,0,Unknown,15,45,529.3,3.82,1816,Moderate,2020,9,September,No Flood,Normal,Light,No Flood
2020-09-23,Satara,Maharashtra,17.6805,73.9997,29.9,Moderate,21.2,84.1,Monsoon,0,Unknown,8,742,591.1,9.8,2784,Moderate,2020,9,September,No Flood,Normal,Moderate,No Flood
2020-09-24,Kolhapur,Maharashtra,16.705,74.2433,57.0,Heavy,24.5,90.7,Monsoon,0,Unknown,13,569,1928.9,19.33,5926,High,2020,9,September,No Flood,Normal,Heavy,No Flood
2020-09-24,Panaji,Goa,15.4909,73.8278,41.4,Heavy,24.6,83.1,Monsoon,0,Unknown,8,7,1277.0,5.4,2345,Very High,2020,9,September,No Flood,Normal,Moderate,No Flood
2020-09-24,Sangli,Maharashtra,16.8524,74.5815,54.7,Heavy,24.5,92.0,Monsoon,1,Very High,12,549,1459.4,14.36,5042,Very High,2020,9,September,Flood,Normal,Heavy,September
2020-09-25,Sangli,Maharashtra,16.8524,74.5815,42.6,Heavy,23.5,95.0,Monsoon,1,High,12,549,1346.5,14.07,4997,Very High,2020,9,September,Flood,Normal,Moderate,September
2020-09-25,Sangli,Maharashtra,16.8524,74.5815,47.4,Heavy,24.3,83.5,Monsoon,1,Very High,12,549,1637.6,15.85,4988,Very High,2020,9,September,Flood,Normal,Moderate,September
2020-09-25,Satara,Maharashtra,17.6805,73.9997,0.0,No Rain,23.5,81.9,Monsoon,0,Unknown,8,742,180.4,5.51,2743,Low,2020,9,September,No Flood,Normal,No Rain,No Flood
2020-09-26,Belagavi,Karnataka,15.8497,74.4977,5.0,Light,22.7,99.0,Monsoon,0,Unknown,9,762,181.6,5.29,3145,Low,2020,9,September,No Flood,Normal,Light,No Flood
2020-09-26,Kolhapur,Maharashtra,16.705,74.2433,89.7,Very Heavy,19.8,97.3,Monsoon,1,Very High,13,569,3565.8,19.57,5916,Very High,2020,9,September,Flood,Extreme,Heavy,September
2020-09-27,Mumbai,Maharashtra,19.076,72.8777,130.8,Extreme,23.9,99.0,Monsoon,1,Very High,19,8,5789.8,6.96,21483,Very High,2020,9,September,Flood,Extreme,Very Heavy,September
2020-09-27,Sangli,Maharashtra,16.8524,74.5815,71.6,Very Heavy,29.5,93.4,Monsoon,1,Very High,12,549,2384.3,18.56,5034,Very High,2020,9,September,Flood,Extreme,Heavy,September
2020-09-27,Sangli,Maharashtra,16.8524,74.5815,98.2,Very Heavy,26.0,99.0,Monsoon,1,Very High,12,549,2882.2,18.56,5021,Very High,2020,9,September,Flood,Extreme,Heavy,September
2020-09-27,Kolhapur,Maharashtra,16.705,74.2433,0.0,No Rain,26.2,76.5,Monsoon,0,Unknown,13,569,177.4,5.46,5958,Low,2020,9,September,No Flood,Normal,No Rain,No Flood
2020-09-27,Nashik,Maharashtra,19.9975,73.7898,172.9,Extreme,24.9,99.0,Monsoon,1,Very High,7,600,5607.9,14.79,4171,Very High,2020,9,September,Flood,Extreme,Very Heavy,September
2020-09-27,Pune,Maharashtra,18.5204,73.8567,0.0,No Rain,25.5,90.0,Monsoon,0,Unknown,10,560,190.4,4.17,9618,Low,2020,9,September,No Flood,Normal,No Rain,No Flood
2020-09-28,Jalgaon,Maharashtra,21.0077,75.5626,104.3,Very Heavy,29.7,93.1,Monsoon,1,Very High,5,209,3550.1,11.6,3300,Very High,2020,9,September,Flood,Extreme,Very Heavy,September
2020-09-28,Kolhapur,Maharashtra,16.705,74.2433,0.0,No Rain,24.6,72.9,Monsoon,0,Unknown,13,569,232.9,6.67,5947,Low,2020,9,September,No Flood,Normal,No Rain,No Flood
2020-09-28,Nagpur,Maharashtra,21.1458,79.0882,32.8,Moderate,26.2,85.9,Monsoon,1,Moderate,7,310,719.2,8.23,5229,High,2020,9,September,Flood,Normal,Moderate,September
2020-09-28,Ratnagiri,Maharashtra,16.9902,73.312,184.7,Extreme,27.8,94.8,Monsoon,1,Very High,14,11,8681.3,7.97,1660,Very High,2020,9,September,Flood,Extreme,Very Heavy,September
2020-09-28,Satara,Maharashtra,17.6805,73.9997,0.0,No Rain,25.4,86.3,Monsoon,0,Unknown,8,742,169.6,5.13,2786,Low,2020,9,September,No Flood,Normal,No Rain,No Flood
2020-09-29,Nagpur,Maharashtra,21.1458,79.0882,18.3,Moderate,26.5,90.6,Monsoon,0,Unknown,7,310,518.4,6.22,5247,Moderate,2020,9,September,No Flood,Normal,Light,No Flood
2020-09-29,Pune,Maharashtra,18.5204,73.8567,16.8,Moderate,22.9,91.8,Monsoon,0,Unknown,10,560,386.0,6.37,9602,Moderate,2020,9,September,No Flood,Normal,Light,No Flood
2020-09-29,Raigad,Maharashtra,18.5158,73.1822,74.5,Very Heavy,25.8,99.0,Monsoon,1,Very High,15,45,2139.9,8.72,1815,Very High,2020,9,September,Flood,Extreme,Heavy,September
2020-09-29,Sangli,Maharashtra,16.8524,74.5815,15.7,Moderate,30.2,80.3,Monsoon,0,Unknown,12,549,453.2,7.96,5033,Moderate,2020,9,September,No Flood,Normal,Light,No Flood
2020-09-30,Sangli,Maharashtra,16.8524,74.5815,22.3,Moderate,24.8,97.6,Monsoon,0,Unknown,12,549,553.0,9.02,5024,Moderate,2020,9,September,No Flood,Normal,Moderate,No Flood
2020-09-30,Satara,Maharashtra,17.6805,73.9997,15.8,Moderate,21.6,83.1,Monsoon,0,Unknown,8,742,404.8,8.23,2765,Moderate,2020,9,September,No Flood,Normal,Light,No Flood
2020-10-01,Mumbai,Maharashtra,19.076,72.8777,17.2,Moderate,26.0,62.5,Post-Monsoon,0,Unknown,19,8,316.4,3.12,21510,Moderate,2020,10,October,No Flood,Normal,Light,No Flood
2020-10-01,Satara,Maharashtra,17.6805,73.9997,0.0,No Rain,23.4,65.3,Post-Monsoon,0,Unknown,8,742,67.9,3.49,2769,Low,2020,10,October,No Flood,Normal,No Rain,No Flood
2020-10-02,Sangli,Maharashtra,16.8524,74.5815,0.0,No Rain,26.1,53.7,Post-Monsoon,0,Unknown,12,549,100.1,3.52,5004,Low,2020,10,October,No Flood,Normal,No Rain,No Flood
2020-10-02,Nashik,Maharashtra,19.9975,73.7898,0.0,No Rain,26.0,55.5,Post-Monsoon,0,Unknown,7,600,59.2,2.6,4191,Low,2020,10,October,No Flood,Normal,No Rain,No Flood
2020-10-03,Pune,Maharashtra,18.5204,73.8567,0.0,No Rain,26.4,54.8,Post-Monsoon,0,Unknown,10,560,78.5,2.56,9607,Low,2020,10,October,No Flood,Normal,No Rain,No Flood
2020-10-03,Raigad,Maharashtra,18.5158,73.1822,0.0,No Rain,27.8,61.2,Post-Monsoon,0,Unknown,15,45,136.8,1.99,1853,Low,2020,10,October,No Flood,Normal,No Rain,No Flood
2020-10-03,Raigad,Maharashtra,18.5158,73.1822,3.6,Light,29.2,59.8,Post-Monsoon,0,Unknown,15,45,144.4,2.14,1844,Low,2020,10,October,No Flood,Normal,Light,No Flood
2020-10-06,Belagavi,Karnataka,15.8497,74.4977,0.5,Light,22.6,57.5,Post-Monsoon,0,Unknown,9,762,57.0,2.68,3173,Low,2020,10,October,No Flood,Normal,Light,No Flood
2020-10-06,Nagpur,Maharashtra,21.1458,79.0882,4.7,Light,25.0,63.4,Post-Monsoon,0,Unknown,7,310,74.5,2.5,5217,Low,2020,10,October,No Flood,Normal,Light,No Flood
2020-10-06,Sangli,Maharashtra,16.8524,74.5815,0.0,No Rain,27.6,66.8,Post-Monsoon,0,Unknown,12,549,90.0,3.13,4998,Low,2020,10,October,No Flood,Normal,No Rain,No Flood
2020-10-07,Satara,Maharashtra,17.6805,73.9997,0.0,No Rain,26.7,51.3,Post-Monsoon,0,Unknown,8,742,80.4,3.5,2766,Low,2020,10,October,No Flood,Normal,No Rain,No Flood
2020-10-08,Kolhapur,Maharashtra,16.705,74.2433,0.0,No Rain,26.3,67.9,Post-Monsoon,0,Unknown,13,569,82.6,3.73,5935,Low,2020,10,October,No Flood,Normal,No Rain,No Flood
2020-10-09,Kolhapur,Maharashtra,16.705,74.2433,0.0,No Rain,29.9,71.3,Post-Monsoon,0,Unknown,13,569,68.3,3.71,5927,Low,2020,10,October,No Flood,Normal,No Rain,No Flood
2020-10-09,Mumbai,Maharashtra,19.076,72.8777,0.0,No Rain,29.4,69.3,Post-Monsoon,0,Unknown,19,8,53.1,0.84,21515,Low,2020,10,October,No Flood,Normal,No Rain,No Flood
2020-10-10,Belagavi,Karnataka,15.8497,74.4977,0.0,No Rain,27.7,59.8,Post-Monsoon,0,Unknown,9,762,70.7,3.04,3158,Low,2020,10,October,No Flood,Normal,No Rain,No Flood
2020-10-10,Nashik,Maharashtra,19.9975,73.7898,0.0,No Rain,28.9,66.8,Post-Monsoon,0,Unknown,7,600,73.4,3.21,4170,Low,2020,10,October,No Flood,Normal,No Rain,No Flood
2020-10-10,Ratnagiri,Maharashtra,16.9902,73.312,0.0,No Rain,30.3,75.6,Post-Monsoon,0,Unknown,14,11,99.7,2.06,1657,Low,2020,10,October,No Flood,Normal,No Rain,No Flood
2020-10-12,Panaji,Goa,15.4909,73.8278,0.0,No Rain,24.7,58.5,Post-Monsoon,0,Unknown,8,7,43.0,0.96,2337,Low,2020,10,October,No Flood,Normal,No Rain,No Flood
2020-10-12,Raigad,Maharashtra,18.5158,73.1822,5.4,Light,28.0,63.9,Post-Monsoon,0,Unknown,15,45,170.8,2.71,1833,Low,2020,10,October,No Flood,Normal,Light,No Flood
2020-10-13,Solapur,Maharashtra,17.6599,75.9064,0.0,No Rain,27.2,55.7,Post-Monsoon,0,Unknown,6,458,70.7,3.35,3904,Low,2020,10,October,No Flood,Normal,No Rain,No Flood
2020-10-16,Sangli,Maharashtra,16.8524,74.5815,6.7,Light,24.6,70.2,Post-Monsoon,0,Unknown,12,549,139.5,4.78,5013,Low,2020,10,October,No Flood,Normal,Light,No Flood
2020-10-16,Satara,Maharashtra,17.6805,73.9997,2.0,Light,22.2,60.2,Post-Monsoon,0,Unknown,8,742,92.0,3.88,2761,Low,2020,10,October,No Flood,Normal,Light,No Flood
2020-10-16,Kolhapur,Maharashtra,16.705,74.2433,0.0,No Rain,24.2,89.1,Post-Monsoon,0,Unknown,13,569,85.2,4.14,5967,Low,2020,10,October,No Flood,Normal,No Rain,No Flood
2020-10-16,Ratnagiri,Maharashtra,16.9902,73.312,0.0,No Rain,28.5,64.9,Post-Monsoon,0,Unknown,14,11,92.5,1.21,1654,Low,2020,10,October,No Flood,Normal,No Rain,No Flood
2020-10-17,Mumbai,Maharashtra,19.076,72.8777,0.0,No Rain,27.9,58.1,Post-Monsoon,0,Unknown,19,8,56.8,1.54,21474,Low,2020,10,October,No Flood,Normal,No Rain,No Flood
2020-10-17,Pune,Maharashtra,18.5204,73.8567,0.0,No Rain,24.3,56.7,Post-Monsoon,0,Unknown,10,560,78.1,3.09,9606,Low,2020,10,October,No Flood,Normal,No Rain,No Flood
2020-10-20,Kolhapur,Maharashtra,16.705,74.2433,4.2,Light,23.0,64.4,Post-Monsoon,0,Unknown,13,569,107.7,4.17,5915,Low,2020,10,October,No Flood,Normal,Light,No Flood
2020-10-20,Satara,Maharashtra,17.6805,73.9997,0.0,No Rain,24.4,60.1,Post-Monsoon,0,Unknown,8,742,80.0,3.34,2740,Low,2020,10,October,No Flood,Normal,No Rain,No Flood
2020-10-21,Nagpur,Maharashtra,21.1458,79.0882,1.3,Light,29.5,66.2,Post-Monsoon,0,Unknown,7,310,83.7,2.13,5193,Low,2020,10,October,No Flood,Normal,Light,No Flood
2020-10-23,Kolhapur,Maharashtra,16.705,74.2433,0.0,No Rain,28.0,62.0,Post-Monsoon,0,Unknown,13,569,64.4,3.27,5952,Low,2020,10,October,No Flood,Normal,No Rain,No Flood
2020-10-24,Mumbai,Maharashtra,19.076,72.8777,0.0,No Rain,26.3,61.6,Post-Monsoon,0,Unknown,19,8,61.7,1.58,21503,Low,2020,10,October,No Flood,Normal,No Rain,No Flood
2020-10-25,Pune,Maharashtra,18.5204,73.8567,0.0,No Rain,26.6,72.6,Post-Monsoon,0,Unknown,10,560,83.6,2.99,9648,Low,2020,10,October,No Flood,Normal,No Rain,No Flood
2020-10-26,Nashik,Maharashtra,19.9975,73.7898,0.0,No Rain,24.2,69.4,Post-Monsoon,0,Unknown,7,600,85.3,3.26,4168,Low,2020,10,October,No Flood,Normal,No Rain,No Flood
2020-10-26,Panaji,Goa,15.4909,73.8278,16.0,Moderate,28.5,53.0,Post-Monsoon,0,Unknown,8,7,302.1,2.55,2376,Moderate,2020,10,October,No Flood,Normal,Light,No Flood
2020-10-26,Pune,Maharashtra,18.5204,73.8567,0.0,No Rain,30.7,60.7,Post-Monsoon,0,Unknown,10,560,58.7,2.35,9622,Low,2020,10,October,No Flood,Normal,No Rain,No Flood
2020-10-28,Mumbai,Maharashtra,19.076,72.8777,0.0,No Rain,30.2,59.4,Post-Monsoon,0,Unknown,19,8,45.8,1.18,21504,Low,2020,10,October,No Flood,Normal,No Rain,No Flood
2020-10-29,Ratnagiri,Maharashtra,16.9902,73.312,5.7,Light,30.4,65.3,Post-Monsoon,0,Unknown,14,11,127.6,1.52,1646,Low,2020,10,October,No Flood,Normal,Light,No Flood
2020-10-29,Solapur,Maharashtra,17.6599,75.9064,0.0,No Rain,22.6,72.3,Post-Monsoon,0,Unknown,6,458,41.0,2.44,3914,Low,2020,10,October,No Flood,Normal,No Rain,No Flood
2020-10-31,Ratnagiri,Maharashtra,16.9902,73.312,0.0,No Rain,26.4,63.2,Post-Monsoon,0,Unknown,14,11,85.7,1.19,1611,Low,2020,10,October,No Flood,Normal,No Rain,No Flood
2020-11-03,Nagpur,Maharashtra,21.1458,79.0882,0.0,No Rain,25.7,49.5,Post-Monsoon,0,Unknown,7,310,102.4,2.85,5192,Low,2020,11,November,No Flood,Normal,No Rain,No Flood
2020-11-04,Ratnagiri,Maharashtra,16.9902,73.312,0.0,No Rain,21.4,67.8,Post-Monsoon,0,Unknown,14,11,62.8,1.42,1657,Low,2020,11,November,No Flood,Normal,No Rain,No Flood
2020-11-05,Pune,Maharashtra,18.5204,73.8567,0.0,No Rain,19.3,64.7,Post-Monsoon,0,Unknown,10,560,49.0,1.92,9595,Low,2020,11,November,No Flood,Normal,No Rain,No Flood
2020-11-09,Raigad,Maharashtra,18.5158,73.1822,6.5,Light,27.0,47.2,Post-Monsoon,0,Unknown,15,45,199.5,2.38,1840,Low,2020,11,November,No Flood,Normal,Light,No Flood
2020-11-12,Mumbai,Maharashtra,19.076,72.8777,0.0,No Rain,27.4,61.9,Post-Monsoon,0,Unknown,19,8,66.3,1.46,21494,Low,2020,11,November,No Flood,Normal,No Rain,No Flood
2020-11-12,Ratnagiri,Maharashtra,16.9902,73.312,3.5,Light,29.8,69.4,Post-Monsoon,0,Unknown,14,11,94.5,1.22,1652,Low,2020,11,November,No Flood,Normal,Light,No Flood
2020-11-16,Sangli,Maharashtra,16.8524,74.5815,17.1,Moderate,25.6,61.3,Post-Monsoon,0,Unknown,12,549,447.0,7.97,5021,Moderate,2020,11,November,No Flood,Normal,Light,No Flood
2020-11-17,Raigad,Maharashtra,18.5158,73.1822,6.8,Light,29.9,62.4,Post-Monsoon,0,Unknown,15,45,204.8,2.09,1853,Low,2020,11,November,No Flood,Normal,Light,No Flood
2020-11-18,Nashik,Maharashtra,19.9975,73.7898,0.0,No Rain,25.8,62.3,Post-Monsoon,0,Unknown,7,600,47.4,2.41,4204,Low,2020,11,November,No Flood,Normal,No Rain,No Flood
2020-11-18,Pune,Maharashtra,18.5204,73.8567,57.6,Heavy,27.9,63.7,Post-Monsoon,1,Very High,10,560,1342.0,12.04,9637,Very High,2020,11,November,Flood,Normal,Heavy,November
2020-11-18,Raigad,Maharashtra,18.5158,73.1822,0.0,No Rain,28.0,60.9,Post-Monsoon,0,Unknown,15,45,92.6,2.0,1870,Low,2020,11,November,No Flood,Normal,No Rain,No Flood
2020-11-18,Sangli,Maharashtra,16.8524,74.5815,0.0,No Rain,21.4,62.4,Post-Monsoon,0,Unknown,12,549,107.0,4.18,5032,Low,2020,11,November,No Flood,Normal,No Rain,No Flood
2020-11-19,Jalgaon,Maharashtra,21.0077,75.5626,3.4,Light,24.8,49.5,Post-Monsoon,0,Unknown,5,209,98.4,3.21,3280,Low,2020,11,November,No Flood,Normal,Light,No Flood
2020-11-20,Mumbai,Maharashtra,19.076,72.8777,0.0,No Rain,27.4,60.3,Post-Monsoon,0,Unknown,19,8,91.1,1.47,21529,Low,2020,11,November,No Flood,Normal,No Rain,No Flood
2020-11-20,Sangli,Maharashtra,16.8524,74.5815,0.0,No Rain,26.4,56.1,Post-Monsoon,0,Unknown,12,549,107.4,3.96,5011,Low,2020,11,November,No Flood,Normal,No Rain,No Flood
2020-11-21,Kolhapur,Maharashtra,16.705,74.2433,0.2,Light,26.7,65.8,Post-Monsoon,0,Unknown,13,569,69.1,3.44,5945,Low,2020,11,November,No Flood,Normal,Light,No Flood
2020-11-21,Solapur,Maharashtra,17.6599,75.9064,0.0,No Rain,27.3,64.2,Post-Monsoon,0,Unknown,6,458,76.0,3.52,3888,Low,2020,11,November,No Flood,Normal,No Rain,No Flood
2020-11-22,Sangli,Maharashtra,16.8524,74.5815,0.0,No Rain,25.9,67.0,Post-Monsoon,0,Unknown,12,549,97.1,3.7,4998,Low,2020,11,November,No Flood,Normal,No Rain,No Flood
2020-11-23,Satara,Maharashtra,17.6805,73.9997,29.7,Moderate,24.9,59.1,Post-Monsoon,0,Unknown,8,742,531.3,9.5,2764,Moderate,2020,11,November,No Flood,Normal,Moderate,No Flood
2020-11-23,Solapur,Maharashtra,17.6599,75.9064,0.6,Light,23.0,65.9,Post-Monsoon,0,Unknown,6,458,63.4,2.77,3900,Low,2020,11,November,No Flood,Normal,Light,No Flood
2020-11-24,Belagavi,Karnataka,15.8497,74.4977,0.0,No Rain,27.9,67.1,Post-Monsoon,0,Unknown,9,762,68.2,2.74,3165,Low,2020,11,November,No Flood,Normal,No Rain,No Flood
2020-11-24,Panaji,Goa,15.4909,73.8278,4.4,Light,28.7,58.3,Post-Monsoon,0,Unknown,8,7,115.3,1.73,2341,Low,2020,11,November,No Flood,Normal,Light,No Flood
2020-11-26,Pune,Maharashtra,18.5204,73.8567,0.0,No Rain,24.2,57.7,Post-Monsoon,0,Unknown,10,560,57.5,2.35,9615,Low,2020,11,November,No Flood,Normal,No Rain,No Flood
2020-11-27,Kolhapur,Maharashtra,16.705,74.2433,0.7,Light,30.0,65.0,Post-Monsoon,0,Unknown,13,569,81.7,3.78,5950,Low,2020,11,November,No Flood,Normal,Light,No Flood
2020-11-28,Kolhapur,Maharashtra,16.705,74.2433,0.0,No Rain,23.1,61.3,Post-Monsoon,0,Unknown,13,569,89.0,4.38,5932,Low,2020,11,November,No Flood,Normal,No Rain,No Flood
2020-11-28,Nagpur,Maharashtra,21.1458,79.0882,0.0,No Rain,22.2,52.6,Post-Monsoon,0,Unknown,7,310,70.3,2.46,5192,Low,2020,11,November,No Flood,Normal,No Rain,No Flood
2020-11-29,Solapur,Maharashtra,17.6599,75.9064,0.0,No Rain,22.6,81.5,Post-Monsoon,0,Unknown,6,458,43.1,2.16,3918,Low,2020,11,November,No Flood,Normal,No Rain,No Flood
2020-11-30,Belagavi,Karnataka,15.8497,74.4977,1.9,Light,22.7,69.8,Post-Monsoon,0,Unknown,9,762,84.6,3.26,3152,Low,2020,11,November,No Flood,Normal,Light,No Flood
2020-12-02,Belagavi,Karnataka,15.8497,74.4977,1.3,Light,24.4,69.0,Winter,0,Unknown,9,762,83.2,3.64,3161,Low,2020,12,December,No Flood,Normal,Light,No Flood
2020-12-03,Kolhapur,Maharashtra,16.705,74.2433,0.0,No Rain,24.1,76.4,Winter,0,Unknown,13,569,70.1,4.1,5924,Low,2020,12,December,No Flood,Normal,No Rain,No Flood
2020-12-03,Panaji,Goa,15.4909,73.8278,0.0,No Rain,30.5,60.8,Winter,0,Unknown,8,7,56.4,1.05,2348,Low,2020,12,December,No Flood,Normal,No Rain,No Flood
2020-12-04,Kolhapur,Maharashtra,16.705,74.2433,0.0,No Rain,24.8,66.5,Winter,0,Unknown,13,569,86.2,3.71,5960,Low,2020,12,December,No Flood,Normal,No Rain,No Flood
2020-12-06,Kolhapur,Maharashtra,16.705,74.2433,0.0,No Rain,23.1,63.0,Winter,0,Unknown,13,569,76.6,3.33,5946,Low,2020,12,December,No Flood,Normal,No Rain,No Flood
2020-12-08,Nagpur,Maharashtra,21.1458,79.0882,0.0,No Rain,29.3,61.9,Winter,0,Unknown,7,310,82.9,2.66,5213,Low,2020,12,December,No Flood,Normal,No Rain,No Flood
2020-12-08,Pune,Maharashtra,18.5204,73.8567,0.0,No Rain,25.4,57.0,Winter,0,Unknown,10,560,81.0,2.46,9625,Low,2020,12,December,No Flood,Normal,No Rain,No Flood
2020-12-10,Sangli,Maharashtra,16.8524,74.5815,6.9,Light,24.7,55.8,Winter,0,Unknown,12,549,179.2,4.85,5009,Low,2020,12,December,No Flood,Normal,Light,No Flood
2020-12-10,Nagpur,Maharashtra,21.1458,79.0882,0.0,No Rain,21.4,63.1,Winter,0,Unknown,7,310,69.3,2.56,5231,Low,2020,12,December,No Flood,Normal,No Rain,No Flood
2020-12-11,Belagavi,Karnataka,15.8497,74.4977,0.0,No Rain,26.9,58.1,Winter,0,Unknown,9,762,72.7,3.13,3170,Low,2020,12,December,No Flood,Normal,No Rain,No Flood
2020-12-11,Mumbai,Maharashtra,19.076,72.8777,0.0,No Rain,26.3,49.1,Winter,0,Unknown,19,8,56.9,1.58,21502,Low,2020,12,December,No Flood,Normal,No Rain,No Flood
2020-12-13,Nagpur,Maharashtra,21.1458,79.0882,0.0,No Rain,23.5,60.6,Winter,0,Unknown,7,310,69.7,2.53,5225,Low,2020,12,December,No Flood,Normal,No Rain,No Flood
2020-12-14,Sangli,Maharashtra,16.8524,74.5815,0.0,No Rain,25.0,59.6,Winter,0,Unknown,12,549,94.9,3.76,4996,Low,2020,12,December,No Flood,Normal,No Rain,No Flood
2020-12-15,Sangli,Maharashtra,16.8524,74.5815,0.4,Light,26.6,72.5,Winter,0,Unknown,12,549,113.9,3.96,5014,Low,2020,12,December,No Flood,Normal,Light,No Flood
2020-12-18,Pune,Maharashtra,18.5204,73.8567,0.0,No Rain,26.4,61.1,Winter,0,Unknown,10,560,83.2,3.06,9609,Low,2020,12,December,No Flood,Normal,No Rain,No Flood
2020-12-19,Satara,Maharashtra,17.6805,73.9997,0.0,No Rain,21.9,60.7,Winter,0,Unknown,8,742,64.0,3.12,2782,Low,2020,12,December,No Flood,Normal,No Rain,No Flood
2020-12-19,Sangli,Maharashtra,16.8524,74.5815,0.0,No Rain,22.8,71.3,Winter,0,Unknown,12,549,113.3,4.09,5045,Low,2020,12,December,No Flood,Normal,No Rain,No Flood
2020-12-20,Nagpur,Maharashtra,21.1458,79.0882,0.0,No Rain,26.6,59.0,Winter,0,Unknown,7,310,65.9,2.08,5246,Low,2020,12,December,No Flood,Normal,No Rain,No Flood
2020-12-24,Pune,Maharashtra,18.5204,73.8567,0.0,No Rain,25.7,55.4,Winter,0,Unknown,10,560,92.9,2.74,9652,Low,2020,12,December,No Flood,Normal,No Rain,No Flood
2020-12-26,Sangli,Maharashtra,16.8524,74.5815,0.0,No Rain,29.9,67.7,Winter,0,Unknown,12,549,111.7,4.04,5006,Low,2020,12,December,No Flood,Normal,No Rain,No Flood
2020-12-28,Panaji,Goa,15.4909,73.8278,0.0,No Rain,26.2,63.0,Winter,0,Unknown,8,7,76.1,1.29,2372,Low,2020,12,December,No Flood,Normal,No Rain,No Flood
2020-12-28,Pune,Maharashtra,18.5204,73.8567,0.0,No Rain,23.4,59.9,Winter,0,Unknown,10,560,74.1,2.77,9608,Low,2020,12,December,No Flood,Normal,No Rain,No Flood
2020-12-28,Pune,Maharashtra,18.5204,73.8567,1.8,Light,26.4,49.2,Winter,0,Unknown,10,560,82.9,2.2,9616,Low,2020,12,December,No Flood,Normal,Light,No Flood
2020-12-28,Ratnagiri,Maharashtra,16.9902,73.312,1.9,Light,30.3,71.1,Winter,0,Unknown,14,11,91.6,1.36,1660,Low,2020,12,December,No Flood,Normal,Light,No Flood
2020-12-29,Satara,Maharashtra,17.6805,73.9997,0.0,No Rain,26.3,64.3,Winter,0,Unknown,8,742,80.4,3.62,2739,Low,2020,12,December,No Flood,Normal,No Rain,No Flood
2020-12-30,Mumbai,Maharashtra,19.076,72.8777,24.0,Moderate,26.5,57.5,Winter,0,Unknown,19,8,491.0,4.52,21477,High,2020,12,December,No Flood,Normal,Moderate,No Flood
2020-12-30,Satara,Maharashtra,17.6805,73.9997,0.0,No Rain,24.4,68.1,Winter,0,Unknown,8,742,57.1,3.18,2771,Low,2020,12,December,No Flood,Normal,No Rain,No Flood
2021-01-03,Jalgaon,Maharashtra,21.0077,75.5626,0.0,No Rain,18.1,38.3,Winter,0,Unknown,5,209,57.7,2.43,3293,Low,2021,1,January,No Flood,Normal,No Rain,No Flood
2021-01-04,Sangli,Maharashtra,16.8524,74.5815,0.0,No Rain,18.2,46.0,Winter,0,Unknown,12,549,96.8,3.78,5092,Low,2021,1,January,No Flood,Normal,No Rain,No Flood
2021-01-04,Kolhapur,Maharashtra,16.705,74.2433,0.6,Light,14.3,62.6,Winter,0,Unknown,13,569,82.6,3.61,5978,Low,2021,1,January,No Flood,Normal,Light,No Flood
2021-01-07,Nagpur,Maharashtra,21.1458,79.0882,0.0,No Rain,20.6,60.7,Winter,0,Unknown,7,310,64.5,1.87,5259,Low,2021,1,January,No Flood,Normal,No Rain,No Flood
2021-01-09,Mumbai,Maharashtra,19.076,72.8777,0.0,No Rain,21.8,42.0,Winter,0,Unknown,19,8,57.5,0.87,21773,Low,2021,1,January,No Flood,Normal,No Rain,No Flood
2021-01-11,Jalgaon,Maharashtra,21.0077,75.5626,0.0,No Rain,20.1,50.8,Winter,0,Unknown,5,209,42.6,2.09,3310,Low,2021,1,January,No Flood,Normal,No Rain,No Flood
2021-01-12,Nashik,Maharashtra,19.9975,73.7898,0.0,No Rain,18.3,42.0,Winter,0,Unknown,7,600,68.0,3.01,4271,Low,2021,1,January,No Flood,Normal,No Rain,No Flood
2021-01-14,Mumbai,Maharashtra,19.076,72.8777,0.0,No Rain,25.6,46.1,Winter,0,Unknown,19,8,98.1,2.06,21735,Low,2021,1,January,No Flood,Normal,No Rain,No Flood
2021-01-14,Nashik,Maharashtra,19.9975,73.7898,0.0,No Rain,17.4,56.3,Winter,0,Unknown,7,600,90.2,3.31,4269,Low,2021,1,January,No Flood,Normal,No Rain,No Flood
2021-01-15,Ratnagiri,Maharashtra,16.9902,73.312,0.0,No Rain,20.9,51.0,Winter,0,Unknown,14,11,87.6,1.32,1676,Low,2021,1,January,No Flood,Normal,No Rain,No Flood
2021-01-17,Nagpur,Maharashtra,21.1458,79.0882,0.0,No Rain,16.3,61.0,Winter,0,Unknown,7,310,76.9,2.4,5307,Low,2021,1,January,No Flood,Normal,No Rain,No Flood
2021-01-17,Kolhapur,Maharashtra,16.705,74.2433,0.0,No Rain,18.6,46.4,Winter,0,Unknown,13,569,89.5,3.98,6026,Low,2021,1,January,No Flood,Normal,No Rain,No Flood
2021-01-17,Mumbai,Maharashtra,19.076,72.8777,0.0,No Rain,21.7,38.3,Winter,0,Unknown,19,8,41.9,1.34,21761,Low,2021,1,January,No Flood,Normal,No Rain,No Flood
2021-01-21,Kolhapur,Maharashtra,16.705,74.2433,0.0,No Rain,16.2,41.6,Winter,0,Unknown,13,569,80.6,3.68,6002,Low,2021,1,January,No Flood,Normal,No Rain,No Flood
2021-01-29,Belagavi,Karnataka,15.8497,74.4977,0.0,No Rain,18.0,45.9,Winter,0,Unknown,9,762,40.7,2.48,3189,Low,2021,1,January,No Flood,Normal,No Rain,No Flood
2021-01-30,Mumbai,Maharashtra,19.076,72.8777,0.0,No Rain,19.5,48.6,Winter,0,Unknown,19,8,52.3,1.19,21749,Low,2021,1,January,No Flood,Normal,No Rain,No Flood
2021-02-03,Ratnagiri,Maharashtra,16.9902,73.312,0.0,No Rain,14.8,56.8,Winter,0,Unknown,14,11,89.6,1.72,1680,Low,2021,2,February,No Flood,Normal,No Rain,No Flood
2021-02-03,Sangli,Maharashtra,16.8524,74.5815,0.0,No Rain,19.1,55.3,Winter,0,Unknown,12,549,115.4,3.36,5072,Low,2021,2,February,No Flood,Normal,No Rain,No Flood
2021-02-04,Sangli,Maharashtra,16.8524,74.5815,0.0,No Rain,20.8,41.4,Winter,0,Unknown,12,549,85.9,3.62,5094,Low,2021,2,February,No Flood,Normal,No Rain,No Flood
2021-02-05,Pune,Maharashtra,18.5204,73.8567,0.0,No Rain,19.0,57.8,Winter,0,Unknown,10,560,64.6,2.99,9765,Low,2021,2,February,No Flood,Normal,No Rain,No Flood
2021-02-06,Kolhapur,Maharashtra,16.705,74.2433,0.0,No Rain,15.7,59.9,Winter,0,Unknown,13,569,113.8,4.44,5987,Low,2021,2,February,No Flood,Normal,No Rain,No Flood
2021-02-08,Kolhapur,Maharashtra,16.705,74.2433,0.0,No Rain,16.2,48.7,Winter,0,Unknown,13,569,104.3,4.11,5995,Low,2021,2,February,No Flood,Normal,No Rain,No Flood
2021-02-08,Belagavi,Karnataka,15.8497,74.4977,0.0,No Rain,15.0,48.3,Winter,0,Unknown,9,762,53.5,2.85,3181,Low,2021,2,February,No Flood,Normal,No Rain,No Flood
2021-02-09,Panaji,Goa,15.4909,73.8278,0.1,Light,18.1,37.9,Winter,0,Unknown,8,7,53.0,1.3,2393,Low,2021,2,February,No Flood,Normal,Light,No Flood
2021-02-10,Satara,Maharashtra,17.6805,73.9997,0.0,No Rain,17.7,55.4,Winter,0,Unknown,8,742,42.3,2.2,2806,Low,2021,2,February,No Flood,Normal,No Rain,No Flood
2021-02-11,Raigad,Maharashtra,18.5158,73.1822,0.0,No Rain,19.0,59.6,Winter,0,Unknown,15,45,102.6,1.6,1860,Low,2021,2,February,No Flood,Normal,No Rain,No Flood
2021-02-12,Pune,Maharashtra,18.5204,73.8567,0.0,No Rain,17.6,52.8,Winter,0,Unknown,10,560,75.0,3.1,9730,Low,2021,2,February,No Flood,Normal,No Rain,No Flood
2021-02-12,Satara,Maharashtra,17.6805,73.9997,0.0,No Rain,20.4,50.4,Winter,0,Unknown,8,742,63.4,3.09,2774,Low,2021,2,February,No Flood,Normal,No Rain,No Flood
2021-02-17,Panaji,Goa,15.4909,73.8278,0.0,No Rain,18.9,44.5,Winter,0,Unknown,8,7,89.3,1.78,2389,Low,2021,2,February,No Flood,Normal,No Rain,No Flood
2021-02-19,Ratnagiri,Maharashtra,16.9902,73.312,0.0,No Rain,20.6,54.4,Winter,0,Unknown,14,11,98.2,1.25,1666,Low,2021,2,February,No Flood,Normal,No Rain,No Flood
2021-02-20,Satara,Maharashtra,17.6805,73.9997,0.0,No Rain,16.2,33.2,Winter,0,Unknown,8,742,93.7,3.97,2786,Low,2021,2,February,No Flood,Normal,No Rain,No Flood
2021-02-20,Sangli,Maharashtra,16.8524,74.5815,0.0,No Rain,19.0,53.4,Winter,0,Unknown,12,549,58.8,2.56,5068,Low,2021,2,February,No Flood,Normal,No Rain,No Flood
2021-02-25,Mumbai,Maharashtra,19.076,72.8777,0.0,No Rain,23.3,37.4,Winter,0,Unknown,19,8,76.9,1.59,21762,Low,2021,2,February,No Flood,Normal,No Rain,No Flood
2021-02-25,Ratnagiri,Maharashtra,16.9902,73.312,0.0,No Rain,22.1,51.9,Winter,0,Unknown,14,11,67.4,1.25,1661,Low,2021,2,February,No Flood,Normal,No Rain,No Flood
2021-02-28,Raigad,Maharashtra,18.5158,73.1822,0.0,No Rain,20.6,50.6,Winter,0,Unknown,15,45,140.5,2.41,1844,Low,2021,2,February,No Flood,Normal,No Rain,No Flood
2021-02-28,Satara,Maharashtra,17.6805,73.9997,0.0,No Rain,18.1,51.0,Winter,0,Unknown,8,742,82.6,3.82,2777,Low,2021,2,February,No Flood,Normal,No Rain,No Flood
2021-03-01,Mumbai,Maharashtra,19.076,72.8777,0.0,No Rain,34.1,39.7,Summer,0,Unknown,19,8,64.1,1.29,21781,Low,2021,3,March,No Flood,Normal,No Rain,No Flood
2021-03-05,Ratnagiri,Maharashtra,16.9902,73.312,0.0,No Rain,33.1,32.1,Summer,0,Unknown,14,11,74.2,1.45,1668,Low,2021,3,March,No Flood,Normal,No Rain,No Flood
2021-03-05,Ratnagiri,Maharashtra,16.9902,73.312,0.0,No Rain,37.9,35.8,Summer,0,Unknown,14,11,80.6,1.46,1649,Low,2021,3,March,No Flood,Normal,No Rain,No Flood
2021-03-05,Sangli,Maharashtra,16.8524,74.5815,0.0,No Rain,36.7,54.2,Summer,0,Unknown,12,549,100.0,3.79,5046,Low,2021,3,March,No Flood,Normal,No Rain,No Flood
2021-03-07,Satara,Maharashtra,17.6805,73.9997,0.0,No Rain,35.9,36.1,Summer,0,Unknown,8,742,67.9,3.3,2802,Low,2021,3,March,No Flood,Normal,No Rain,No Flood
2021-03-08,Mumbai,Maharashtra,19.076,72.8777,0.0,No Rain,33.1,37.3,Summer,0,Unknown,19,8,39.1,0.95,21743,Low,2021,3,March,No Flood,Normal,No Rain,No Flood
2021-03-08,Satara,Maharashtra,17.6805,73.9997,0.0,No Rain,28.4,35.5,Summer,0,Unknown,8,742,51.3,2.7,2804,Low,2021,3,March,No Flood,Normal,No Rain,No Flood
2021-03-09,Panaji,Goa,15.4909,73.8278,2.0,Light,35.3,48.1,Summer,0,Unknown,8,7,79.5,1.06,2408,Low,2021,3,March,No Flood,Normal,Light,No Flood
2021-03-10,Mumbai,Maharashtra,19.076,72.8777,0.2,Light,32.8,27.9,Summer,0,Unknown,19,8,70.9,1.46,21740,Low,2021,3,March,No Flood,Normal,Light,No Flood
2021-03-14,Panaji,Goa,15.4909,73.8278,0.0,No Rain,32.2,35.5,Summer,0,Unknown,8,7,97.7,1.22,2405,Low,2021,3,March,No Flood,Normal,No Rain,No Flood
2021-03-17,Sangli,Maharashtra,16.8524,74.5815,0.0,No Rain,36.2,38.7,Summer,0,Unknown,12,549,86.2,3.7,5062,Low,2021,3,March,No Flood,Normal,No Rain,No Flood
2021-03-17,Belagavi,Karnataka,15.8497,74.4977,0.0,No Rain,38.7,55.3,Summer,0,Unknown,9,762,76.7,3.29,3238,Low,2021,3,March,No Flood,Normal,No Rain,No Flood
2021-03-21,Panaji,Goa,15.4909,73.8278,0.0,No Rain,33.8,54.1,Summer,0,Unknown,8,7,65.5,1.07,2353,Low,2021,3,March,No Flood,Normal,No Rain,No Flood
2021-03-24,Raigad,Maharashtra,18.5158,73.1822,0.0,No Rain,36.9,26.9,Summer,0,Unknown,15,45,117.0,1.89,1868,Low,2021,3,March,No Flood,Normal,No Rain,No Flood
2021-03-25,Kolhapur,Maharashtra,16.705,74.2433,7.3,Light,35.2,38.2,Summer,0,Unknown,13,569,148.0,5.02,6004,Low,2021,3,March,No Flood,Normal,Light,No Flood
2021-03-25,Sangli,Maharashtra,16.8524,74.5815,0.0,No Rain,37.4,48.7,Summer,0,Unknown,12,549,97.9,3.79,5054,Low,2021,3,March,No Flood,Normal,No Rain,No Flood
2021-03-26,Nashik,Maharashtra,19.9975,73.7898,0.0,No Rain,29.2,36.8,Summer,0,Unknown,7,600,56.4,2.87,4239,Low,2021,3,March,No Flood,Normal,No Rain,No Flood
2021-03-29,Raigad,Maharashtra,18.5158,73.1822,0.0,No Rain,34.8,38.3,Summer,0,Unknown,15,45,100.3,1.87,1884,Low,2021,3,March,No Flood,Normal,No Rain,No Flood
2021-03-30,Kolhapur,Maharashtra,16.705,74.2433,0.0,No Rain,32.2,34.8,Summer,0,Unknown,13,569,73.3,3.3,5997,Low,2021,3,March,No Flood,Normal,No Rain,No Flood
2021-04-01,Nashik,Maharashtra,19.9975,73.7898,0.0,No Rain,31.1,37.7,Summer,0,Unknown,7,600,72.3,3.08,4232,Low,2021,4,April,No Flood,Normal,No Rain,No Flood
2021-04-02,Pune,Maharashtra,18.5204,73.8567,37.2,Heavy,33.6,38.3,Summer,1,High,10,560,961.8,9.69,9717,Very High,2021,4,April,Flood,Normal,Moderate,April
2021-04-03,Ratnagiri,Maharashtra,16.9902,73.312,0.0,No Rain,36.6,36.6,Summer,0,Unknown,14,11,98.0,1.51,1648,Low,2021,4,April,No Flood,Normal,No Rain,No Flood
2021-04-05,Sangli,Maharashtra,16.8524,74.5815,0.0,No Rain,32.1,50.6,Summer,0,Unknown,12,549,87.9,3.68,5089,Low,2021,4,April,No Flood,Normal,No Rain,No Flood
2021-04-05,Raigad,Maharashtra,18.5158,73.1822,0.0,No Rain,37.7,46.1,Summer,0,Unknown,15,45,109.4,1.95,1860,Low,2021,4,April,No Flood,Normal,No Rain,No Flood
2021-04-07,Pune,Maharashtra,18.5204,73.8567,0.0,No Rain,34.7,42.8,Summer,0,Unknown,10,560,95.6,2.77,9746,Low,2021,4,April,No Flood,Normal,No Rain,No Flood
2021-04-08,Belagavi,Karnataka,15.8497,74.4977,0.0,No Rain,32.6,40.5,Summer,0,Unknown,9,762,82.0,3.83,3214,Low,2021,4,April,No Flood,Normal,No Rain,No Flood
2021-04-09,Solapur,Maharashtra,17.6599,75.9064,0.0,No Rain,35.0,27.7,Summer,0,Unknown,6,458,43.2,2.7,3953,Low,2021,4,April,No Flood,Normal,No Rain,No Flood
2021-04-12,Panaji,Goa,15.4909,73.8278,0.0,No Rain,37.6,29.8,Summer,0,Unknown,8,7,77.5,1.44,2391,Low,2021,4,April,No Flood,Normal,No Rain,No Flood
2021-04-12,Sangli,Maharashtra,16.8524,74.5815,0.0,No Rain,37.0,43.6,Summer,0,Unknown,12,549,115.0,3.75,5048,Low,2021,4,April,No Flood,Normal,No Rain,No Flood
2021-04-13,Kolhapur,Maharashtra,16.705,74.2433,0.0,No Rain,31.0,42.4,Summer,0,Unknown,13,569,90.1,4.04,6007,Low,2021,4,April,No Flood,Normal,No Rain,No Flood
2021-04-13,Nashik,Maharashtra,19.9975,73.7898,0.0,No Rain,36.5,50.8,Summer,0,Unknown,7,600,69.2,3.09,4227,Low,2021,4,April,No Flood,Normal,No Rain,No Flood
2021-04-14,Nagpur,Maharashtra,21.1458,79.0882,0.0,No Rain,31.1,41.1,Summer,0,Unknown,7,310,82.6,2.4,5274,Low,2021,4,April,No Flood,Normal,No Rain,No Flood
2021-04-24,Belagavi,Karnataka,15.8497,74.4977,0.0,No Rain,34.4,46.4,Summer,0,Unknown,9,762,60.0,3.05,3200,Low,2021,4,April,No Flood,Normal,No Rain,No Flood
2021-04-25,Kolhapur,Maharashtra,16.705,74.2433,0.0,No Rain,35.7,38.9,Summer,0,Unknown,13,569,83.4,3.72,6030,Low,2021,4,April,No Flood,Normal,No Rain,No Flood
2021-04-26,Mumbai,Maharashtra,19.076,72.8777,0.0,No Rain,32.1,42.2,Summer,0,Unknown,19,8,51.1,1.49,21776,Low,2021,4,April,No Flood,Normal,No Rain,No Flood
2021-04-29,Raigad,Maharashtra,18.5158,73.1822,0.0,No Rain,31.9,52.5,Summer,0,Unknown,15,45,102.6,1.38,1861,Low,2021,4,April,No Flood,Normal,No Rain,No Flood
2021-04-30,Kolhapur,Maharashtra,16.705,74.2433,0.0,No Rain,38.2,46.3,Summer,0,Unknown,13,569,71.9,3.28,5986,Low,2021,4,April,No Flood,Normal,No Rain,No Flood
2021-05-01,Kolhapur,Maharashtra,16.705,74.2433,0.0,No Rain,32.5,54.1,Summer,0,Unknown,13,569,62.1,3.4,5998,Low,2021,5,May,No Flood,Normal,No Rain,No Flood
2021-05-01,Pune,Maharashtra,18.5204,73.8567,2.4,Light,35.7,46.3,Summer,0,Unknown,10,560,80.2,3.01,9736,Low,2021,5,May,No Flood,Normal,Light,No Flood
2021-05-01,Raigad,Maharashtra,18.5158,73.1822,0.0,No Rain,34.6,50.2,Summer,0,Unknown,15,45,107.9,2.2,1843,Low,2021,5,May,No Flood,Normal,No Rain,No Flood
2021-05-03,Sangli,Maharashtra,16.8524,74.5815,0.0,No Rain,32.7,36.7,Summer,0,Unknown,12,549,106.0,3.31,5079,Low,2021,5,May,No Flood,Normal,No Rain,No Flood
2021-05-04,Ratnagiri,Maharashtra,16.9902,73.312,1.9,Light,36.3,40.6,Summer,0,Unknown,14,11,93.9,1.51,1673,Low,2021,5,May,No Flood,Normal,Light,No Flood
2021-05-04,Pune,Maharashtra,18.5204,73.8567,0.0,No Rain,28.3,54.2,Summer,0,Unknown,10,560,88.6,2.8,9735,Low,2021,5,May,No Flood,Normal,No Rain,No Flood
2021-05-05,Raigad,Maharashtra,18.5158,73.1822,0.0,No Rain,36.9,41.9,Summer,0,Unknown,15,45,131.8,1.79,1877,Low,2021,5,May,No Flood,Normal,No Rain,No Flood
2021-05-05,Raigad,Maharashtra,18.5158,73.1822,0.0,No Rain,31.5,37.9,Summer,0,Unknown,15,45,107.9,2.47,1886,Low,2021,5,May,No Flood,Normal,No Rain,No Flood
2021-05-06,Panaji,Goa,15.4909,73.8278,0.2,Light,43.1,39.7,Summer,0,Unknown,8,7,111.3,1.65,2387,Low,2021,5,May,No Flood,Normal,Light,No Flood
2021-05-07,Kolhapur,Maharashtra,16.705,74.2433,0.0,No Rain,33.5,51.2,Summer,0,Unknown,13,569,74.4,3.63,6015,Low,2021,5,May,No Flood,Normal,No Rain,No Flood
2021-05-09,Mumbai,Maharashtra,19.076,72.8777,0.0,No Rain,33.3,45.6,Summer,0,Unknown,19,8,31.4,1.11,21785,Low,2021,5,May,No Flood,Normal,No Rain,No Flood
2021-05-10,Nagpur,Maharashtra,21.1458,79.0882,0.0,No Rain,30.5,36.7,Summer,0,Unknown,7,310,71.4,2.02,5303,Low,2021,5,May,No Flood,Normal,No Rain,No Flood
2021-05-10,Belagavi,Karnataka,15.8497,74.4977,0.0,No Rain,38.8,40.4,Summer,0,Unknown,9,762,85.8,3.92,3196,Low,2021,5,May,No Flood,Normal,No Rain,No Flood
2021-05-10,Mumbai,Maharashtra,19.076,72.8777,0.0,No Rain,31.9,51.0,Summer,0,Unknown,19,8,64.5,1.66,21737,Low,2021,5,May,No Flood,Normal,No Rain,No Flood
2021-05-10,Nashik,Maharashtra,19.9975,73.7898,0.0,No Rain,35.7,36.5,Summer,0,Unknown,7,600,84.7,3.63,4270,Low,2021,5,May,No Flood,Normal,No Rain,No Flood
2021-05-11,Sangli,Maharashtra,16.8524,74.5815,0.0,No Rain,35.9,49.2,Summer,0,Unknown,12,549,88.4,3.73,5101,Low,2021,5,May,No Flood,Normal,No Rain,No Flood
2021-05-12,Sangli,Maharashtra,16.8524,74.5815,0.0,No Rain,34.0,43.4,Summer,0,Unknown,12,549,96.1,4.21,5055,Low,2021,5,May,No Flood,Normal,No Rain,No Flood
2021-05-13,Sangli,Maharashtra,16.8524,74.5815,0.0,No Rain,44.5,42.7,Summer,0,Unknown,12,549,71.0,2.84,5103,Low,2021,5,May,No Flood,Normal,No Rain,No Flood
2021-05-15,Satara,Maharashtra,17.6805,73.9997,0.0,No Rain,30.3,38.7,Summer,0,Unknown,8,742,72.2,3.39,2778,Low,2021,5,May,No Flood,Normal,No Rain,No Flood
2021-05-20,Satara,Maharashtra,17.6805,73.9997,0.0,No Rain,28.7,36.6,Summer,0,Unknown,8,742,39.8,2.93,2776,Low,2021,5,May,No Flood,Normal,No Rain,No Flood
2021-05-21,Panaji,Goa,15.4909,73.8278,0.0,No Rain,34.6,66.0,Summer,0,Unknown,8,7,86.6,1.28,2400,Low,2021,5,May,No Flood,Normal,No Rain,No Flood
2021-05-21,Ratnagiri,Maharashtra,16.9902,73.312,0.0,No Rain,35.2,44.2,Summer,0,Unknown,14,11,78.3,1.68,1674,Low,2021,5,May,No Flood,Normal,No Rain,No Flood
2021-05-24,Mumbai,Maharashtra,19.076,72.8777,0.0,No Rain,41.9,39.2,Summer,0,Unknown,19,8,33.7,1.4,21782,Low,2021,5,May,No Flood,Normal,No Rain,No Flood
2021-05-25,Raigad,Maharashtra,18.5158,73.1822,0.0,No Rain,35.6,41.1,Summer,0,Unknown,15,45,95.3,1.86,1838,Low,2021,5,May,No Flood,Normal,No Rain,No Flood
2021-05-25,Solapur,Maharashtra,17.6599,75.9064,0.0,No Rain,40.3,44.0,Summer,0,Unknown,6,458,25.7,2.17,3963,Low,2021,5,May,No Flood,Normal,No Rain,No Flood
2021-05-25,Belagavi,Karnataka,15.8497,74.4977,0.0,No Rain,34.2,36.4,Summer,0,Unknown,9,762,70.2,3.1,3205,Low,2021,5,May,No Flood,Normal,No Rain,No Flood
2021-05-25,Mumbai,Maharashtra,19.076,72.8777,0.0,No Rain,37.9,38.5,Summer,0,Unknown,19,8,55.8,1.35,21777,Low,2021,5,May,No Flood,Normal,No Rain,No Flood
2021-05-30,Ratnagiri,Maharashtra,16.9902,73.312,0.0,No Rain,29.4,41.3,Summer,0,Unknown,14,11,78.5,1.07,1651,Low,2021,5,May,No Flood,Normal,No Rain,No Flood
2021-05-31,Belagavi,Karnataka,15.8497,74.4977,0.0,No Rain,37.1,37.9,Summer,0,Unknown,9,762,73.0,3.62,3231,Low,2021,5,May,No Flood,Normal,No Rain,No Flood
2021-05-31,Nagpur,Maharashtra,21.1458,79.0882,0.0,No Rain,29.0,33.6,Summer,0,Unknown,7,310,69.4,2.11,5279,Low,2021,5,May,No Flood,Normal,No Rain,No Flood
2021-06-01,Belagavi,Karnataka,15.8497,74.4977,54.8,Heavy,21.3,83.6,Monsoon,1,Very High,9,762,1870.2,16.68,3237,Very High,2021,6,June,Flood,Normal,Heavy,June
2021-06-01,Belagavi,Karnataka,15.8497,74.4977,46.5,Heavy,25.3,86.3,Monsoon,0,Unknown,9,762,1210.2,14.31,3223,High,2021,6,June,No Flood,Normal,Moderate,No Flood
2021-06-01,Mumbai,Maharashtra,19.076,72.8777,100.3,Very Heavy,24.9,99.0,Monsoon,1,Very High,19,8,3464.4,6.96,21774,Very High,2021,6,June,Flood,Extreme,Very Heavy,June
2021-06-01,Satara,Maharashtra,17.6805,73.9997,22.8,Moderate,25.9,88.5,Monsoon,0,Unknown,8,742,552.0,9.2,2784,Moderate,2021,6,June,No Flood,Normal,Moderate,No Flood
2021-06-01,Solapur,Maharashtra,17.6599,75.9064,48.7,Heavy,24.2,75.3,Monsoon,0,Unknown,6,458,949.4,12.4,3906,High,2021,6,June,No Flood,Normal,Moderate,No Flood
2021-06-02,Sangli,Maharashtra,16.8524,74.5815,49.6,Heavy,22.0,93.7,Monsoon,0,Unknown,12,549,1669.4,15.77,5086,High,2021,6,June,No Flood,Normal,Moderate,No Flood
2021-06-02,Sangli,Maharashtra,16.8524,74.5815,14.6,Moderate,22.6,83.2,Monsoon,0,Unknown,12,549,370.2,6.81,5072,Moderate,2021,6,June,No Flood,Normal,Light,No Flood
2021-06-02,Belagavi,Karnataka,15.8497,74.4977,37.7,Heavy,22.5,86.7,Monsoon,0,Unknown,9,762,829.5,11.54,3229,High,2021,6,June,No Flood,Normal,Moderate,No Flood
2021-06-02,Raigad,Maharashtra,18.5158,73.1822,51.9,Heavy,27.9,95.0,Monsoon,0,Unknown,15,45,1235.5,6.29,1857,High,2021,6,June,No Flood,Normal,Heavy,No Flood
2021-06-02,Sangli,Maharashtra,16.8524,74.5815,12.7,Moderate,26.4,93.9,Monsoon,0,Unknown,12,549,444.9,7.91,5049,Moderate,2021,6,June,No Flood,Normal,Light,No Flood
2021-06-03,Kolhapur,Maharashtra,16.705,74.2433,91.7,Very Heavy,24.5,99.0,Monsoon,1,Very High,13,569,3526.1,19.57,6002,Very High,2021,6,June,Flood,Extreme,Heavy,June
2021-06-03,Kolhapur,Maharashtra,16.705,74.2433,67.1,Very Heavy,23.6,98.0,Monsoon,1,Very High,13,569,1885.9,19.57,6025,Very High,2021,6,June,Flood,Extreme,Heavy,June
2021-06-03,Nagpur,Maharashtra,21.1458,79.0882,55.0,Heavy,23.7,95.9,Monsoon,1,Very High,7,310,1222.4,10.07,5310,Very High,2021,6,June,Flood,Normal,Heavy,June
2021-06-03,Ratnagiri,Maharashtra,16.9902,73.312,56.7,Heavy,26.7,93.7,Monsoon,0,Unknown,14,11,1333.9,6.38,1654,Very High,2021,6,June,No Flood,Normal,Heavy,No Flood
2021-06-04,Sangli,Maharashtra,16.8524,74.5815,22.1,Moderate,25.0,81.9,Monsoon,0,Unknown,12,549,613.6,9.6,5090,Moderate,2021,6,June,No Flood,Normal,Moderate,No Flood
2021-06-04,Sangli,Maharashtra,16.8524,74.5815,19.1,Moderate,25.3,76.3,Monsoon,0,Unknown,12,549,545.4,9.22,5097,Moderate,2021,6,June,No Flood,Normal,Light,No Flood
2021-06-04,Pune,Maharashtra,18.5204,73.8567,9.1,Moderate,25.5,94.1,Monsoon,0,Unknown,10,560,324.7,5.7,9757,Moderate,2021,6,June,No Flood,Normal,Light,No Flood
2021-06-04,Nashik,Maharashtra,19.9975,73.7898,100.9,Very Heavy,22.2,94.4,Monsoon,1,Very High,7,600,3656.6,14.79,4243,Very High,2021,6,June,Flood,Extreme,Very Heavy,June
2021-06-04,Nagpur,Maharashtra,21.1458,79.0882,44.4,Heavy,27.3,89.6,Monsoon,0,Unknown,7,310,954.4,9.47,5278,High,2021,6,June,No Flood,Normal,Moderate,No Flood
2021-06-04,Nagpur,Maharashtra,21.1458,79.0882,11.1,Moderate,25.9,72.5,Monsoon,0,Unknown,7,310,340.5,5.23,5311,Moderate,2021,6,June,No Flood,Normal,Light,No Flood
2021-06-05,Jalgaon,Maharashtra,21.0077,75.5626,13.5,Moderate,29.3,86.5,Monsoon,0,Unknown,5,209,257.5,5.38,3309,Low,2021,6,June,No Flood,Normal,Light,No Flood
2021-06-05,Panaji,Goa,15.4909,73.8278,0.0,No Rain,24.5,85.3,Monsoon,0,Unknown,8,7,187.7,1.84,2401,Low,2021,6,June,No Flood,Normal,No Rain,No Flood
2021-06-05,Ratnagiri,Maharashtra,16.9902,73.312,35.8,Heavy,23.8,89.4,Monsoon,0,Unknown,14,11,1086.8,5.46,1635,High,2021,6,June,No Flood,Normal,Moderate,No Flood
2021-06-06,Raigad,Maharashtra,18.5158,73.1822,22.3,Moderate,25.1,94.7,Monsoon,0,Unknown,15,45,655.6,4.3,1881,High,2021,6,June,No Flood,Normal,Moderate,No Flood
2021-06-06,Raigad,Maharashtra,18.5158,73.1822,33.9,Moderate,23.3,86.5,Monsoon,0,Unknown,15,45,1110.4,6.2,1864,High,2021,6,June,No Flood,Normal,Moderate,No Flood
2021-06-06,Nagpur,Maharashtra,21.1458,79.0882,97.2,Very Heavy,27.6,99.0,Monsoon,1,Very High,7,310,3660.5,12.32,5309,Very High,2021,6,June,Flood,Extreme,Heavy,June
2021-06-06,Pune,Maharashtra,18.5204,73.8567,19.1,Moderate,22.5,80.8,Monsoon,0,Unknown,10,560,475.6,6.64,9730,Moderate,2021,6,June,No Flood,Normal,Light,No Flood
2021-06-07,Sangli,Maharashtra,16.8524,74.5815,47.0,Heavy,24.4,80.5,Monsoon,0,Unknown,12,549,1595.4,15.82,5062,High,2021,6,June,No Flood,Normal,Moderate,No Flood
2021-06-08,Kolhapur,Maharashtra,16.705,74.2433,0.0,No Rain,27.2,85.0,Monsoon,0,Unknown,13,569,211.9,6.31,6010,Low,2021,6,June,No Flood,Normal,No Rain,No Flood
2021-06-08,Satara,Maharashtra,17.6805,73.9997,41.3,Heavy,28.0,99.0,Monsoon,1,High,8,742,859.5,12.83,2778,Very High,2021,6,June,Flood,Normal,Moderate,June
2021-06-09,Jalgaon,Maharashtra,21.0077,75.5626,0.0,No Rain,28.4,81.8,Monsoon,0,Unknown,5,209,145.3,3.53,3297,Low,2021,6,June,No Flood,Normal,No Rain,No Flood
2021-06-09,Kolhapur,Maharashtra,16.705,74.2433,222.7,Extreme,20.2,99.0,Monsoon,1,Very High,13,569,8755.7,19.57,5991,Very High,2021,6,June,Flood,Extreme,Extreme,June
2021-06-09,Ratnagiri,Maharashtra,16.9902,73.312,50.3,Heavy,26.1,94.2,Monsoon,1,Very High,14,11,1465.7,7.16,1628,Very High,2021,6,June,Flood,Normal,Heavy,June
2021-06-10,Nagpur,Maharashtra,21.1458,79.0882,86.8,Very Heavy,26.5,97.4,Monsoon,1,Very High,7,310,2610.9,12.32,5273,Very High,2021,6,June,Flood,Extreme,Heavy,June
2021-06-10,Satara,Maharashtra,17.6805,73.9997,22.5,Moderate,24.3,80.9,Monsoon,0,Unknown,8,742,564.5,9.89,2790,Moderate,2021,6,June,No Flood,Normal,Moderate,No Flood
2021-06-11,Satara,Maharashtra,17.6805,73.9997,12.7,Moderate,28.0,87.3,Monsoon,0,Unknown,8,742,372.0,7.61,2826,Moderate,2021,6,June,No Flood,Normal,Light,No Flood
2021-06-11,Pune,Maharashtra,18.5204,73.8567,0.0,No Rain,24.6,77.3,Monsoon,0,Unknown,10,560,215.1,4.7,9761,Low,2021,6,June,No Flood,Normal,No Rain,No Flood
2021-06-11,Belagavi,Karnataka,15.8497,74.4977,87.2,Very Heavy,25.4,98.8,Monsoon,1,Very High,9,762,3374.6,16.68,3186,Very High,2021,6,June,Flood,Extreme,Heavy,June
2021-06-11,Mumbai,Maharashtra,19.076,72.8777,13.3,Moderate,30.0,88.0,Monsoon,0,Unknown,19,8,310.4,2.87,21782,Moderate,2021,6,June,No Flood,Normal,Light,No Flood
2021-06-11,Pune,Maharashtra,18.5204,73.8567,11.2,Moderate,27.8,98.6,Monsoon,0,Unknown,10,560,326.2,5.39,9729,Moderate,2021,6,June,No Flood,Normal,Light,No Flood
2021-06-12,Kolhapur,Maharashtra,16.705,74.2433,13.3,Moderate,25.2,97.4,Monsoon,0,Unknown,13,569,366.3,8.34,6031,Moderate,2021,6,June,No Flood,Normal,Light,No Flood
2021-06-12,Pune,Maharashtra,18.5204,73.8567,9.4,Moderate,24.2,84.5,Monsoon,0,Unknown,10,560,283.9,5.41,9723,Moderate,2021,6,June,No Flood,Normal,Light,No Flood
2021-06-12,Ratnagiri,Maharashtra,16.9902,73.312,43.5,Heavy,25.1,83.8,Monsoon,0,Unknown,14,11,1128.7,6.03,1652,Very High,2021,6,June,No Flood,Normal,Moderate,No Flood
2021-06-13,Satara,Maharashtra,17.6805,73.9997,0.0,No Rain,22.6,81.1,Monsoon,0,Unknown,8,742,147.7,4.75,2784,Low,2021,6,June,No Flood,Normal,No Rain,No Flood
2021-06-13,Raigad,Maharashtra,18.5158,73.1822,23.7,Moderate,26.2,82.2,Monsoon,0,Unknown,15,45,750.1,4.96,1878,High,2021,6,June,No Flood,Normal,Moderate,No Flood
2021-06-13,Mumbai,Maharashtra,19.076,72.8777,62.6,Heavy,27.4,97.8,Monsoon,1,Very High,19,8,2192.6,6.96,21743,Very High,2021,6,June,Flood,Normal,Heavy,June
2021-06-13,Kolhapur,Maharashtra,16.705,74.2433,33.3,Moderate,23.6,76.9,Monsoon,0,Unknown,13,569,806.7,12.46,6016,High,2021,6,June,No Flood,Normal,Moderate,No Flood
2021-06-14,Ratnagiri,Maharashtra,16.9902,73.312,21.0,Moderate,26.8,78.7,Monsoon,0,Unknown,14,11,558.1,3.52,1683,Moderate,2021,6,June,No Flood,Normal,Moderate,No Flood
2021-06-14,Ratnagiri,Maharashtra,16.9902,73.312,0.0,No Rain,26.1,97.1,Monsoon,0,Unknown,14,11,205.9,2.66,1675,Low,2021,6,June,No Flood,Normal,No Rain,No Flood
2021-06-14,Satara,Maharashtra,17.6805,73.9997,0.0,No Rain,21.9,90.6,Monsoon,0,Unknown,8,742,158.4,5.1,2798,Low,2021,6,June,No Flood,Normal,No Rain,No Flood
2021-06-15,Kolhapur,Maharashtra,16.705,74.2433,0.0,No Rain,22.5,88.5,Monsoon,0,Unknown,13,569,198.0,6.16,6021,Low,2021,6,June,No Flood,Normal,No Rain,No Flood
2021-06-15,Panaji,Goa,15.4909,73.8278,268.7,Extreme,21.8,99.0,Monsoon,1,Very High,8,7,10038.2,6.52,2385,Very High,2021,6,June,Flood,Extreme,Extreme,June
2021-06-15,Solapur,Maharashtra,17.6599,75.9064,140.6,Extreme,25.4,97.9,Monsoon,1,Very High,6,458,4524.1,13.05,3961,Very High,2021,6,June,Flood,Extreme,Very Heavy,June
2021-06-16,Raigad,Maharashtra,18.5158,73.1822,50.3,Heavy,29.7,74.9,Monsoon,0,Unknown,15,45,1149.8,5.54,1874,High,2021,6,June,No Flood,Normal,Heavy,No Flood
2021-06-17,Sangli,Maharashtra,16.8524,74.5815,10.7,Moderate,26.0,77.3,Monsoon,0,Unknown,12,549,412.4,7.59,5079,Moderate,2021,6,June,No Flood,Normal,Light,No Flood
2021-06-17,Pune,Maharashtra,18.5204,73.8567,17.6,Moderate,27.0,74.2,Monsoon,0,Unknown,10,560,408.3,6.32,9712,Moderate,2021,6,June,No Flood,Normal,Light,No Flood
2021-06-17,Ratnagiri,Maharashtra,16.9902,73.312,30.6,Moderate,25.5,87.5,Monsoon,0,Unknown,14,11,837.2,4.91,1684,High,2021,6,June,No Flood,Normal,Moderate,No Flood
2021-06-19,Panaji,Goa,15.4909,73.8278,232.1,Extreme,26.3,99.0,Monsoon,1,Very High,8,7,9927.3,6.52,2353,Very High,2021,6,June,Flood,Extreme,Extreme,June
2021-06-20,Kolhapur,Maharashtra,16.705,74.2433,0.0,No Rain,26.0,92.0,Monsoon,0,Unknown,13,569,224.2,6.24,5988,Low,2021,6,June,No Flood,Normal,No Rain,No Flood
2021-06-20,Mumbai,Maharashtra,19.076,72.8777,255.2,Extreme,25.9,99.0,Monsoon,1,Very High,19,8,11716.2,6.96,21745,Very High,2021,6,June,Flood,Extreme,Extreme,June
2021-06-20,Solapur,Maharashtra,17.6599,75.9064,11.3,Moderate,23.9,76.7,Monsoon,0,Unknown,6,458,224.3,6.11,3965,Low,2021,6,June,No Flood,Normal,Light,No Flood
2021-06-21,Satara,Maharashtra,17.6805,73.9997,0.0,No Rain,24.4,85.3,Monsoon,0,Unknown,8,742,148.2,4.39,2810,Low,2021,6,June,No Flood,Normal,No Rain,No Flood
2021-06-21,Ratnagiri,Maharashtra,16.9902,73.312,90.9,Very Heavy,24.7,99.0,Monsoon,1,Very High,14,11,3722.0,7.97,1669,Very High,2021,6,June,Flood,Extreme,Heavy,June
2021-06-21,Sangli,Maharashtra,16.8524,74.5815,0.0,No Rain,24.2,80.7,Monsoon,0,Unknown,12,549,235.4,5.93,5071,Low,2021,6,June,No Flood,Normal,No Rain,No Flood
2021-06-21,Pune,Maharashtra,18.5204,73.8567,30.9,Moderate,25.8,84.5,Monsoon,1,High,10,560,863.8,9.92,9728,Very High,2021,6,June,Flood,Normal,Moderate,June
2021-06-21,Nagpur,Maharashtra,21.1458,79.0882,31.0,Moderate,22.9,85.2,Monsoon,0,Unknown,7,310,709.5,7.48,5269,Moderate,2021,6,June,No Flood,Normal,Moderate,No Flood
2021-06-22,Belagavi,Karnataka,15.8497,74.4977,17.9,Moderate,21.7,90.5,Monsoon,0,Unknown,9,762,406.3,8.45,3225,Moderate,2021,6,June,No Flood,Normal,Light,No Flood
2021-06-23,Raigad,Maharashtra,18.5158,73.1822,15.1,Moderate,30.6,94.8,Monsoon,0,Unknown,15,45,449.7,3.56,1874,Moderate,2021,6,June,No Flood,Normal,Light,No Flood
2021-06-23,Satara,Maharashtra,17.6805,73.9997,70.3,Very Heavy,27.2,91.4,Monsoon,1,Very High,8,742,2290.1,15.95,2809,Very High,2021,6,June,Flood,Extreme,Heavy,June
2021-06-23,Solapur,Maharashtra,17.6599,75.9064,83.0,Very Heavy,24.0,93.2,Monsoon,1,Very High,6,458,2290.9,13.05,3916,Very High,2021,6,June,Flood,Extreme,Heavy,June
2021-06-24,Satara,Maharashtra,17.6805,73.9997,0.0,No Rain,23.3,83.0,Monsoon,0,Unknown,8,742,155.9,5.33,2769,Low,2021,6,June,No Flood,Normal,No Rain,No Flood
2021-06-24,Pune,Maharashtra,18.5204,73.8567,40.8,Heavy,25.4,81.9,Monsoon,0,Unknown,10,560,960.2,9.84,9723,High,2021,6,June,No Flood,Normal,Moderate,No Flood
2021-06-24,Pune,Maharashtra,18.5204,73.8567,13.1,Moderate,29.5,71.1,Monsoon,0,Unknown,10,560,364.3,6.29,9709,Moderate,2021,6,June,No Flood,Normal,Light,No Flood
2021-06-24,Pune,Maharashtra,18.5204,73.8567,0.0,No Rain,21.7,69.7,Monsoon,0,Unknown,10,560,165.8,4.68,9752,Low,2021,6,June,No Flood,Normal,No Rain,No Flood
2021-06-25,Mumbai,Maharashtra,19.076,72.8777,25.6,Moderate,24.4,94.4,Monsoon,0,Unknown,19,8,611.4,4.46,21783,High,2021,6,June,No Flood,Normal,Moderate,No Flood
2021-06-25,Pune,Maharashtra,18.5204,73.8567,0.0,No Rain,21.9,83.2,Monsoon,0,Unknown,10,560,186.6,4.2,9757,Low,2021,6,June,No Flood,Normal,No Rain,No Flood
2021-06-25,Raigad,Maharashtra,18.5158,73.1822,16.3,Moderate,25.5,90.7,Monsoon,0,Unknown,15,45,519.4,4.49,1869,High,2021,6,June,No Flood,Normal,Light,No Flood
2021-06-25,Sangli,Maharashtra,16.8524,74.5815,13.8,Moderate,23.2,90.9,Monsoon,0,Unknown,12,549,475.1,8.52,5054,Moderate,2021,6,June,No Flood,Normal,Light,No Flood
2021-06-26,Belagavi,Karnataka,15.8497,74.4977,0.0,No Rain,23.2,99.0,Monsoon,0,Unknown,9,762,188.4,5.77,3209,Low,2021,6,June,No Flood,Normal,No Rain,No Flood
2021-06-26,Pune,Maharashtra,18.5204,73.8567,18.7,Moderate,26.6,91.6,Monsoon,0,Unknown,10,560,430.2,6.78,9724,Moderate,2021,6,June,No Flood,Normal,Light,No Flood
2021-06-27,Ratnagiri,Maharashtra,16.9902,73.312,40.7,Heavy,24.0,98.8,Monsoon,0,Unknown,14,11,1173.1,5.69,1656,Very High,2021,6,June,No Flood,Normal,Moderate,No Flood
2021-06-27,Nagpur,Maharashtra,21.1458,79.0882,10.8,Moderate,28.7,90.0,Monsoon,0,Unknown,7,310,311.2,5.33,5261,Moderate,2021,6,June,No Flood,Normal,Light,No Flood
2021-06-27,Mumbai,Maharashtra,19.076,72.8777,0.0,No Rain,26.3,86.3,Monsoon,0,Unknown,19,8,129.7,2.37,21733,Low,2021,6,June,No Flood,Normal,No Rain,No Flood
2021-06-27,Kolhapur,Maharashtra,16.705,74.2433,9.2,Moderate,19.0,78.0,Monsoon,0,Unknown,13,569,355.9,8.1,5994,Moderate,2021,6,June,No Flood,Normal,Light,No Flood
2021-06-27,Belagavi,Karnataka,15.8497,74.4977,27.3,Moderate,25.6,91.5,Monsoon,0,Unknown,9,762,634.7,10.45,3203,Moderate,2021,6,June,No Flood,Normal,Moderate,No Flood
2021-06-28,Kolhapur,Maharashtra,16.705,74.2433,15.8,Moderate,22.6,86.4,Monsoon,0,Unknown,13,569,493.1,9.6,6005,Moderate,2021,6,June,No Flood,Normal,Light,No Flood
2021-06-28,Mumbai,Maharashtra,19.076,72.8777,40.1,Heavy,26.9,86.6,Monsoon,1,High,19,8,867.0,5.56,21750,Very High,2021,6,June,Flood,Normal,Moderate,June
2021-06-28,Pune,Maharashtra,18.5204,73.8567,12.4,Moderate,22.1,86.2,Monsoon,0,Unknown,10,560,351.3,5.99,9754,Moderate,2021,6,June,No Flood,Normal,Light,No Flood
2021-06-28,Satara,Maharashtra,17.6805,73.9997,41.1,Heavy,21.0,91.7,Monsoon,0,Unknown,8,742,899.7,12.37,2818,High,2021,6,June,No Flood,Normal,Moderate,No Flood
2021-06-29,Sangli,Maharashtra,16.8524,74.5815,68.9,Very Heavy,26.0,87.8,Monsoon,0,Unknown,12,549,1669.4,16.48,5087,Very High,2021,6,June,No Flood,Extreme,Heavy,No Flood
2021-06-29,Raigad,Maharashtra,18.5158,73.1822,93.4,Very Heavy,29.2,89.7,Monsoon,1,Very High,15,45,2893.9,8.99,1874,Very High,2021,6,June,Flood,Extreme,Heavy,June
2021-06-29,Belagavi,Karnataka,15.8497,74.4977,15.7,Moderate,24.9,95.2,Monsoon,0,Unknown,9,762,452.1,8.48,3200,Moderate,2021,6,June,No Flood,Normal,Light,No Flood
2021-06-29,Mumbai,Maharashtra,19.076,72.8777,138.9,Extreme,26.6,99.0,Monsoon,1,Very High,19,8,6117.9,6.96,21755,Very High,2021,6,June,Flood,Extreme,Very Heavy,June
2021-06-30,Pune,Maharashtra,18.5204,73.8567,23.2,Moderate,29.2,92.4,Monsoon,0,Unknown,10,560,660.0,8.26,9736,High,2021,6,June,No Flood,Normal,Moderate,No Flood
2021-06-30,Raigad,Maharashtra,18.5158,73.1822,14.9,Moderate,27.3,79.0,Monsoon,0,Unknown,15,45,432.4,3.69,1889,Moderate,2021,6,June,No Flood,Normal,Light,No Flood
2021-07-01,Kolhapur,Maharashtra,16.705,74.2433,35.3,Moderate,24.5,97.6,Monsoon,0,Unknown,13,569,1010.6,13.78,5994,High,2021,7,July,No Flood,Normal,Moderate,No Flood
2021-07-01,Pune,Maharashtra,18.5204,73.8567,12.1,Moderate,20.4,78.0,Monsoon,0,Unknown,10,560,314.4,5.53,9733,Moderate,2021,7,July,No Flood,Normal,Light,No Flood
2021-07-01,Sangli,Maharashtra,16.8524,74.5815,47.7,Heavy,23.8,89.3,Monsoon,0,Unknown,12,549,1030.4,12.5,5083,High,2021,7,July,No Flood,Normal,Moderate,No Flood
2021-07-01,Satara,Maharashtra,17.6805,73.9997,23.7,Moderate,23.8,93.4,Monsoon,0,Unknown,8,742,430.0,8.44,2818,Moderate,2021,7,July,No Flood,Normal,Moderate,No Flood
2021-07-02,Belagavi,Karnataka,15.8497,74.4977,0.0,No Rain,27.0,87.0,Monsoon,0,Unknown,9,762,183.2,5.56,3226,Low,2021,7,July,No Flood,Normal,No Rain,No Flood
2021-07-02,Nagpur,Maharashtra,21.1458,79.0882,0.0,No Rain,26.4,87.5,Monsoon,0,Unknown,7,310,189.9,4.2,5300,Low,2021,7,July,No Flood,Normal,No Rain,No Flood
2021-07-03,Satara,Maharashtra,17.6805,73.9997,30.8,Moderate,23.0,93.1,Monsoon,0,Unknown,8,742,610.0,9.87,2781,Moderate,2021,7,July,No Flood,Normal,Moderate,No Flood
2021-07-03,Ratnagiri,Maharashtra,16.9902,73.312,48.5,Heavy,25.8,87.3,Monsoon,1,Very High,14,11,1558.6,6.65,1642,Very High,2021,7,July,Flood,Normal,Moderate,July
2021-07-03,Raigad,Maharashtra,18.5158,73.1822,21.4,Moderate,24.5,77.6,Monsoon,0,Unknown,15,45,648.9,4.15,1863,Moderate,2021,7,July,No Flood,Normal,Moderate,No Flood
2021-07-03,Sangli,Maharashtra,16.8524,74.5815,9.1,Moderate,25.6,78.9,Monsoon,0,Unknown,12,549,348.0,6.81,5061,Moderate,2021,7,July,No Flood,Normal,Light,No Flood
2021-07-04,Mumbai,Maharashtra,19.076,72.8777,0.0,No Rain,29.3,76.2,Monsoon,0,Unknown,19,8,153.9,2.03,21759,Low,2021,7,July,No Flood,Normal,No Rain,No Flood
2021-07-04,Raigad,Maharashtra,18.5158,73.1822,165.6,Extreme,24.6,98.7,Monsoon,1,Very High,15,45,4903.7,8.99,1850,Very High,2021,7,July,Flood,Extreme,Very Heavy,July
2021-07-04,Ratnagiri,Maharashtra,16.9902,73.312,21.9,Moderate,23.8,84.0,Monsoon,0,Unknown,14,11,639.2,4.48,1664,High,2021,7,July,No Flood,Normal,Moderate,No Flood
2021-07-04,Ratnagiri,Maharashtra,16.9902,73.312,43.0,Heavy,26.7,99.0,Monsoon,1,Very High,14,11,1338.6,6.38,1671,Very High,2021,7,July,Flood,Normal,Moderate,July
2021-07-05,Jalgaon,Maharashtra,21.0077,75.5626,0.0,No Rain,24.5,86.3,Monsoon,0,Unknown,5,209,132.2,3.91,3328,Low,2021,7,July,No Flood,Normal,No Rain,No Flood
2021-07-05,Nashik,Maharashtra,19.9975,73.7898,11.5,Moderate,26.4,84.9,Monsoon,0,Unknown,7,600,281.1,6.21,4231,Low,2021,7,July,No Flood,Normal,Light,No Flood
2021-07-06,Belagavi,Karnataka,15.8497,74.4977,10.4,Moderate,26.1,71.7,Monsoon,0,Unknown,9,762,276.3,6.75,3191,Moderate,2021,7,July,No Flood,Normal,Light,No Flood
2021-07-06,Kolhapur,Maharashtra,16.705,74.2433,18.4,Moderate,23.0,99.0,Monsoon,0,Unknown,13,569,399.1,8.49,5983,Moderate,2021,7,July,No Flood,Normal,Light,No Flood
2021-07-06,Mumbai,Maharashtra,19.076,72.8777,0.0,No Rain,27.7,80.7,Monsoon,0,Unknown,19,8,145.9,1.82,21777,Low,2021,7,July,No Flood,Normal,No Rain,No Flood
2021-07-06,Mumbai,Maharashtra,19.076,72.8777,88.3,Very Heavy,29.2,85.8,Monsoon,0,Unknown,19,8,2013.8,6.96,21772,Very High,2021,7,July,No Flood,Extreme,Heavy,No Flood
2021-07-06,Nagpur,Maharashtra,21.1458,79.0882,52.4,Heavy,25.5,83.2,Monsoon,0,Unknown,7,310,1356.5,11.41,5278,High,2021,7,July,No Flood,Normal,Heavy,No Flood
2021-07-06,Pune,Maharashtra,18.5204,73.8567,0.0,No Rain,22.8,89.4,Monsoon,0,Unknown,10,560,200.3,4.63,9759,Low,2021,7,July,No Flood,Normal,No Rain,No Flood
2021-07-06,Raigad,Maharashtra,18.5158,73.1822,22.1,Moderate,25.4,87.3,Monsoon,0,Unknown,15,45,698.7,4.73,1835,High,2021,7,July,No Flood,Normal,Moderate,No Flood
2021-07-07,Satara,Maharashtra,17.6805,73.9997,4.3,Light,22.6,89.5,Monsoon,0,Unknown,8,742,211.6,6.21,2823,Low,2021,7,July,No Flood,Normal,Light,No Flood
2021-07-07,Ratnagiri,Maharashtra,16.9902,73.312,28.5,Moderate,20.4,90.2,Monsoon,0,Unknown,14,11,740.1,4.49,1655,High,2021,7,July,No Flood,Normal,Moderate,No Flood
2021-07-07,Panaji,Goa,15.4909,73.8278,90.8,Very Heavy,23.5,86.1,Monsoon,1,Very High,8,7,2278.0,6.52,2395,Very High,2021,7,July,Flood,Extreme,Heavy,July
2021-07-07,Nagpur,Maharashtra,21.1458,79.0882,0.0,No Rain,25.3,84.2,Monsoon,0,Unknown,7,310,155.3,3.85,5280,Low,2021,7,July,No Flood,Normal,No Rain,No Flood
2021-07-07,Belagavi,Karnataka,15.8497,74.4977,6.2,Light,23.5,94.8,Monsoon,0,Unknown,9,762,274.7,6.62,3216,Low,2021,7,July,No Flood,Normal,Light,No Flood
2021-07-07,Nashik,Maharashtra,19.9975,73.7898,89.1,Very Heavy,25.6,99.0,Monsoon,1,Very High,7,600,2285.0,14.79,4261,Very High,2021,7,July,Flood,Extreme,Heavy,July
2021-07-08,Raigad,Maharashtra,18.5158,73.1822,17.4,Moderate,25.4,72.1,Monsoon,0,Unknown,15,45,451.9,3.76,1835,Moderate,2021,7,July,No Flood,Normal,Light,No Flood
2021-07-08,Kolhapur,Maharashtra,16.705,74.2433,178.5,Extreme,28.2,99.0,Monsoon,1,Very High,13,569,7790.2,19.57,6013,Very High,2021,7,July,Flood,Extreme,Very Heavy,July
2021-07-08,Kolhapur,Maharashtra,16.705,74.2433,10.7,Moderate,22.6,81.2,Monsoon,0,Unknown,13,569,332.8,7.74,6034,Moderate,2021,7,July,No Flood,Normal,Light,No Flood
2021-07-08,Mumbai,Maharashtra,19.076,72.8777,24.5,Moderate,21.9,89.3,Monsoon,0,Unknown,19,8,609.3,4.82,21759,High,2021,7,July,No Flood,Normal,Moderate,No Flood
2021-07-08,Nagpur,Maharashtra,21.1458,79.0882,11.6,Moderate,24.1,88.4,Monsoon,0,Unknown,7,310,311.7,5.05,5262,Moderate,2021,7,July,No Flood,Normal,Light,No Flood
2021-07-08,Nashik,Maharashtra,19.9975,73.7898,0.0,No Rain,22.9,79.2,Monsoon,0,Unknown,7,600,166.6,4.74,4273,Low,2021,7,July,No Flood,Normal,No Rain,No Flood
2021-07-08,Raigad,Maharashtra,18.5158,73.1822,120.9,Very Heavy,21.5,97.0,Monsoon,1,Very High,15,45,4609.7,8.99,1862,Very High,2021,7,July,Flood,Extreme,Very Heavy,July
2021-07-08,Sangli,Maharashtra,16.8524,74.5815,18.1,Moderate,22.3,83.7,Monsoon,0,Unknown,12,549,593.6,9.29,5087,Moderate,2021,7,July,No Flood,Normal,Light,No Flood
2021-07-08,Sangli,Maharashtra,16.8524,74.5815,103.4,Very Heavy,23.1,92.7,Monsoon,1,Very High,12,549,2851.3,18.56,5064,Very High,2021,7,July,Flood,Extreme,Very Heavy,July
2021-07-09,Kolhapur,Maharashtra,16.705,74.2433,6.9,Light,27.9,99.0,Monsoon,0,Unknown,13,569,254.6,6.78,6006,Low,2021,7,July,No Flood,Normal,Light,No Flood
2021-07-09,Pune,Maharashtra,18.5204,73.8567,39.0,Heavy,22.5,76.3,Monsoon,0,Unknown,10,560,813.0,9.03,9715,High,2021,7,July,No Flood,Normal,Moderate,No Flood
2021-07-09,Pune,Maharashtra,18.5204,73.8567,0.0,No Rain,22.7,89.1,Monsoon,0,Unknown,10,560,178.4,3.94,9715,Low,2021,7,July,No Flood,Normal,No Rain,No Flood
2021-07-09,Solapur,Maharashtra,17.6599,75.9064,33.9,Moderate,21.2,90.2,Monsoon,0,Unknown,6,458,825.6,11.54,3961,High,2021,7,July,No Flood,Normal,Moderate,No Flood
2021-07-11,Ratnagiri,Maharashtra,16.9902,73.312,0.0,No Rain,30.5,75.7,Monsoon,0,Unknown,14,11,229.5,2.39,1634,Low,2021,7,July,No Flood,Normal,No Rain,No Flood
2021-07-11,Sangli,Maharashtra,16.8524,74.5815,5.3,Light,23.2,82.5,Monsoon,0,Unknown,12,549,300.1,6.95,5094,Low,2021,7,July,No Flood,Normal,Light,No Flood
2021-07-11,Pune,Maharashtra,18.5204,73.8567,45.7,Heavy,25.3,84.1,Monsoon,1,Very High,10,560,1456.3,12.13,9723,Very High,2021,7,July,Flood,Normal,Moderate,July
2021-07-11,Mumbai,Maharashtra,19.076,72.8777,86.7,Very Heavy,27.1,96.2,Monsoon,1,Very High,19,8,3052.4,6.96,21785,Very High,2021,7,July,Flood,Extreme,Heavy,July
2021-07-11,Mumbai,Maharashtra,19.076,72.8777,7.7,Moderate,26.3,83.3,Monsoon,0,Unknown,19,8,227.4,2.85,21748,Moderate,2021,7,July,No Flood,Normal,Light,No Flood
2021-07-11,Kolhapur,Maharashtra,16.705,74.2433,32.6,Moderate,25.4,93.2,Monsoon,1,High,13,569,916.8,13.37,5987,Very High,2021,7,July,Flood,Normal,Moderate,July
2021-07-12,Kolhapur,Maharashtra,16.705,74.2433,0.0,No Rain,27.7,81.7,Monsoon,0,Unknown,13,569,208.5,5.83,6010,Low,2021,7,July,No Flood,Normal,No Rain,No Flood
2021-07-12,Mumbai,Maharashtra,19.076,72.8777,39.5,Heavy,24.4,72.4,Monsoon,0,Unknown,19,8,813.7,5.2,21750,Very High,2021,7,July,No Flood,Normal,Moderate,No Flood
2021-07-12,Ratnagiri,Maharashtra,16.9902,73.312,18.7,Moderate,28.3,88.8,Monsoon,0,Unknown,14,11,495.2,3.93,1678,High,2021,7,July,No Flood,Normal,Light,No Flood
2021-07-12,Sangli,Maharashtra,16.8524,74.5815,20.6,Moderate,27.0,80.4,Monsoon,0,Unknown,12,549,553.2,9.15,5086,Moderate,2021,7,July,No Flood,Normal,Moderate,No Flood
2021-07-13,Sangli,Maharashtra,16.8524,74.5815,15.4,Moderate,27.5,77.6,Monsoon,0,Unknown,12,549,424.6,7.98,5059,Moderate,2021,7,July,No Flood,Normal,Light,No Flood
2021-07-14,Solapur,Maharashtra,17.6599,75.9064,27.3,Moderate,22.5,98.1,Monsoon,1,Moderate,6,458,526.4,9.57,3931,High,2021,7,July,Flood,Normal,Moderate,July
2021-07-14,Sangli,Maharashtra,16.8524,74.5815,206.0,Extreme,25.9,99.0,Monsoon,1,Very High,12,549,6620.2,18.56,5088,Very High,2021,7,July,Flood,Extreme,Extreme,July
2021-07-14,Pune,Maharashtra,18.5204,73.8567,32.9,Moderate,20.9,97.2,Monsoon,0,Unknown,10,560,838.3,9.21,9745,High,2021,7,July,No Flood,Normal,Moderate,No Flood
2021-07-14,Pune,Maharashtra,18.5204,73.8567,18.2,Moderate,22.5,89.8,Monsoon,0,Unknown,10,560,446.5,6.9,9759,Moderate,2021,7,July,No Flood,Normal,Light,No Flood
2021-07-15,Kolhapur,Maharashtra,16.705,74.2433,10.7,Moderate,22.9,91.9,Monsoon,0,Unknown,13,569,324.7,7.23,6013,Moderate,2021,7,July,No Flood,Normal,Light,No Flood
2021-07-15,Sangli,Maharashtra,16.8524,74.5815,48.6,Heavy,24.7,79.0,Monsoon,0,Unknown,12,549,1274.3,13.77,5073,High,2021,7,July,No Flood,Normal,Moderate,No Flood
2021-07-15,Satara,Maharashtra,17.6805,73.9997,16.9,Moderate,26.1,91.5,Monsoon,0,Unknown,8,742,385.3,7.77,2799,Moderate,2021,7,July,No Flood,Normal,Light,No Flood
2021-07-16,Satara,Maharashtra,17.6805,73.9997,32.7,Moderate,29.2,86.3,Monsoon,1,High,8,742,963.7,12.79,2787,Very High,2021,7,July,Flood,Normal,Moderate,July
2021-07-16,Satara,Maharashtra,17.6805,73.9997,14.3,Moderate,23.5,95.9,Monsoon,0,Unknown,8,742,334.9,7.85,2803,Moderate,2021,7,July,No Flood,Normal,Light,No Flood
2021-07-16,Sangli,Maharashtra,16.8524,74.5815,13.9,Moderate,26.1,86.3,Monsoon,0,Unknown,12,549,374.2,7.23,5073,Moderate,2021,7,July,No Flood,Normal,Light,No Flood
2021-07-16,Kolhapur,Maharashtra,16.705,74.2433,186.3,Extreme,23.6,99.0,Monsoon,1,Very High,13,569,5964.6,19.57,5980,Very High,2021,7,July,Flood,Extreme,Very Heavy,July
2021-07-16,Mumbai,Maharashtra,19.076,72.8777,50.0,Heavy,21.4,95.2,Monsoon,1,Very High,19,8,1624.1,6.96,21758,Very High,2021,7,July,Flood,Normal,Heavy,July
2021-07-17,Jalgaon,Maharashtra,21.0077,75.5626,10.1,Moderate,26.2,71.3,Monsoon,0,Unknown,5,209,245.2,4.91,3288,Low,2021,7,July,No Flood,Normal,Light,No Flood
2021-07-17,Raigad,Maharashtra,18.5158,73.1822,91.0,Very Heavy,28.6,80.0,Monsoon,1,Very High,15,45,3057.9,8.99,1886,Very High,2021,7,July,Flood,Extreme,Heavy,July
2021-07-18,Satara,Maharashtra,17.6805,73.9997,29.7,Moderate,23.6,93.8,Monsoon,0,Unknown,8,742,753.3,11.18,2785,High,2021,7,July,No Flood,Normal,Moderate,No Flood
2021-07-18,Belagavi,Karnataka,15.8497,74.4977,193.5,Extreme,23.2,99.0,Monsoon,1,Very High,9,762,10351.4,16.68,3214,Very High,2021,7,July,Flood,Extreme,Very Heavy,July
2021-07-18,Belagavi,Karnataka,15.8497,74.4977,23.4,Moderate,21.1,85.4,Monsoon,0,Unknown,9,762,540.1,9.5,3218,Moderate,2021,7,July,No Flood,Normal,Moderate,No Flood
2021-07-18,Kolhapur,Maharashtra,16.705,74.2433,7.1,Light,24.8,87.1,Monsoon,0,Unknown,13,569,303.0,7.37,6036,Low,2021,7,July,No Flood,Normal,Light,No Flood
2021-07-18,Kolhapur,Maharashtra,16.705,74.2433,3.2,Light,26.1,85.6,Monsoon,0,Unknown,13,569,237.0,6.64,6025,Low,2021,7,July,No Flood,Normal,Light,No Flood
2021-07-18,Raigad,Maharashtra,18.5158,73.1822,0.0,No Rain,31.4,84.4,Monsoon,0,Unknown,15,45,259.1,2.56,1852,Low,2021,7,July,No Flood,Normal,No Rain,No Flood
2021-07-18,Sangli,Maharashtra,16.8524,74.5815,0.0,No Rain,25.1,88.6,Monsoon,0,Unknown,12,549,277.1,6.19,5054,Low,2021,7,July,No Flood,Normal,No Rain,No Flood
2021-07-18,Satara,Maharashtra,17.6805,73.9997,174.4,Extreme,24.7,97.6,Monsoon,1,Very High,8,742,7893.9,15.95,2821,Very High,2021,7,July,Flood,Extreme,Very Heavy,July
2021-07-19,Mumbai,Maharashtra,19.076,72.8777,18.1,Moderate,27.4,91.2,Monsoon,0,Unknown,19,8,434.7,3.99,21748,High,2021,7,July,No Flood,Normal,Light,No Flood
2021-07-19,Raigad,Maharashtra,18.5158,73.1822,4.4,Light,28.2,80.3,Monsoon,0,Unknown,15,45,307.0,2.77,1869,Moderate,2021,7,July,No Flood,Normal,Light,No Flood
2021-07-19,Jalgaon,Maharashtra,21.0077,75.5626,7.5,Light,26.2,74.2,Monsoon,0,Unknown,5,209,195.5,5.04,3296,Low,2021,7,July,No Flood,Normal,Light,No Flood
2021-07-19,Sangli,Maharashtra,16.8524,74.5815,2.3,Light,25.4,77.5,Monsoon,0,Unknown,12,549,284.4,6.59,5071,Low,2021,7,July,No Flood,Normal,Light,No Flood
2021-07-20,Mumbai,Maharashtra,19.076,72.8777,19.9,Moderate,28.1,90.4,Monsoon,0,Unknown,19,8,549.4,4.43,21746,High,2021,7,July,No Flood,Normal,Light,No Flood
2021-07-20,Jalgaon,Maharashtra,21.0077,75.5626,19.0,Moderate,26.2,78.8,Monsoon,0,Unknown,5,209,388.3,6.8,3303,Moderate,2021,7,July,No Flood,Normal,Light,No Flood
2021-07-20,Ratnagiri,Maharashtra,16.9902,73.312,126.5,Extreme,29.6,99.0,Monsoon,1,Very High,14,11,5412.0,7.97,1634,Very High,2021,7,July,Flood,Extreme,Very Heavy,July
2021-07-21,Solapur,Maharashtra,17.6599,75.9064,23.0,Moderate,20.5,91.5,Monsoon,0,Unknown,6,458,453.8,8.6,3958,Moderate,2021,7,July,No Flood,Normal,Moderate,No Flood
2021-07-21,Sangli,Maharashtra,16.8524,74.5815,0.0,No Rain,24.8,88.8,Monsoon,0,Unknown,12,549,271.4,6.45,5058,Low,2021,7,July,No Flood,Normal,No Rain,No Flood
2021-07-21,Raigad,Maharashtra,18.5158,73.1822,187.4,Extreme,25.8,99.0,Monsoon,1,Very High,15,45,9927.6,8.99,1857,Very High,2021,7,July,Flood,Extreme,Very Heavy,July
2021-07-21,Mumbai,Maharashtra,19.076,72.8777,166.7,Extreme,28.6,99.0,Monsoon,1,Very High,19,8,6515.3,6.96,21743,Very High,2021,7,July,Flood,Extreme,Very Heavy,July
2021-07-21,Mumbai,Maharashtra,19.076,72.8777,258.0,Extreme,26.1,99.0,Monsoon,1,Very High,19,8,10548.0,6.96,21757,Very High,2021,7,July,Flood,Extreme,Extreme,July
2021-07-21,Kolhapur,Maharashtra,16.705,74.2433,71.1,Very Heavy,23.4,97.2,Monsoon,1,Very High,13,569,2293.4,19.57,6015,Very High,2021,7,July,Flood,Extreme,Heavy,July
2021-07-22,Pune,Maharashtra,18.5204,73.8567,0.0,No Rain,25.3,81.1,Monsoon,0,Unknown,10,560,185.3,3.68,9711,Low,2021,7,July,No Flood,Normal,No Rain,No Flood
2021-07-22,Nashik,Maharashtra,19.9975,73.7898,0.0,No Rain,25.8,82.0,Monsoon,0,Unknown,7,600,194.7,4.83,4243,Low,2021,7,July,No Flood,Normal,No Rain,No Flood
2021-07-22,Raigad,Maharashtra,18.5158,73.1822,276.9,Extreme,24.4,99.0,Monsoon,1,Very High,15,45,16884.9,8.99,1838,Very High,2021,7,July,Flood,Extreme,Extreme,July
2021-07-22,Kolhapur,Maharashtra,16.705,74.2433,0.0,No Rain,21.3,88.9,Monsoon,0,Unknown,13,569,212.6,6.29,6027,Low,2021,7,July,No Flood,Normal,No Rain,No Flood
2021-07-22,Jalgaon,Maharashtra,21.0077,75.5626,15.7,Moderate,24.7,89.8,Monsoon,0,Unknown,5,209,360.0,6.44,3285,Moderate,2021,7,July,No Flood,Normal,Light,No Flood
2021-07-22,Mumbai,Maharashtra,19.076,72.8777,204.9,Extreme,27.0,99.0,Monsoon,1,Very High,19,8,8114.1,6.96,21733,Very High,2021,7,July,Flood,Extreme,Extreme,July
2021-07-23,Kolhapur,Maharashtra,16.705,74.2433,29.9,Moderate,24.3,92.7,Monsoon,0,Unknown,13,569,685.5,11.97,5978,High,2021,7,July,No Flood,Normal,Moderate,No Flood
2021-07-23,Mumbai,Maharashtra,19.076,72.8777,225.9,Extreme,21.5,99.0,Monsoon,1,Very High,19,8,9428.0,6.96,21735,Very High,2021,7,July,Flood,Extreme,Extreme,July
2021-07-23,Pune,Maharashtra,18.5204,73.8567,5.4,Light,22.9,86.5,Monsoon,0,Unknown,10,560,244.6,4.98,9727,Low,2021,7,July,No Flood,Normal,Light,No Flood
2021-07-23,Sangli,Maharashtra,16.8524,74.5815,40.9,Heavy,21.9,96.1,Monsoon,0,Unknown,12,549,912.2,11.46,5092,High,2021,7,July,No Flood,Normal,Moderate,No Flood
2021-07-23,Satara,Maharashtra,17.6805,73.9997,0.0,No Rain,23.9,81.3,Monsoon,0,Unknown,8,742,164.0,4.91,2806,Low,2021,7,July,No Flood,Normal,No Rain,No Flood
2021-07-24,Satara,Maharashtra,17.6805,73.9997,44.6,Heavy,24.7,96.9,Monsoon,0,Unknown,8,742,1004.9,13.14,2779,High,2021,7,July,No Flood,Normal,Moderate,No Flood
2021-07-24,Solapur,Maharashtra,17.6599,75.9064,140.0,Extreme,25.7,99.0,Monsoon,1,Very High,6,458,5102.4,13.05,3960,Very High,2021,7,July,Flood,Extreme,Very Heavy,July
2021-07-24,Sangli,Maharashtra,16.8524,74.5815,24.8,Moderate,25.4,85.6,Monsoon,0,Unknown,12,549,795.6,10.89,5070,High,2021,7,July,No Flood,Normal,Moderate,No Flood
2021-07-24,Sangli,Maharashtra,16.8524,74.5815,31.0,Moderate,26.7,94.2,Monsoon,0,Unknown,12,549,733.2,9.95,5063,Moderate,2021,7,July,No Flood,Normal,Moderate,No Flood
2021-07-24,Nashik,Maharashtra,19.9975,73.7898,11.7,Moderate,26.8,87.7,Monsoon,0,Unknown,7,600,281.2,5.99,4234,Low,2021,7,July,No Flood,Normal,Light,No Flood
2021-07-24,Kolhapur,Maharashtra,16.705,74.2433,15.1,Moderate,21.2,88.8,Monsoon,0,Unknown,13,569,480.2,9.72,6021,Moderate,2021,7,July,No Flood,Normal,Light,No Flood
2021-07-24,Belagavi,Karnataka,15.8497,74.4977,6.4,Light,25.7,83.8,Monsoon,0,Unknown,9,762,216.7,6.31,3200,Low,2021,7,July,No Flood,Normal,Light,No Flood
2021-07-25,Jalgaon,Maharashtra,21.0077,75.5626,60.1,Heavy,23.8,99.0,Monsoon,1,Very High,5,209,2015.5,11.6,3311,Very High,2021,7,July,Flood,Normal,Heavy,July
2021-07-25,Kolhapur,Maharashtra,16.705,74.2433,113.0,Very Heavy,24.5,99.0,Monsoon,1,Very High,13,569,3796.1,19.57,6026,Very High,2021,7,July,Flood,Extreme,Very Heavy,July
2021-07-25,Raigad,Maharashtra,18.5158,73.1822,58.3,Heavy,24.0,94.0,Monsoon,1,Very High,15,45,1813.6,7.35,1878,Very High,2021,7,July,Flood,Normal,Heavy,July
2021-07-26,Sangli,Maharashtra,16.8524,74.5815,0.0,No Rain,24.8,76.1,Monsoon,0,Unknown,12,549,222.4,5.52,5102,Low,2021,7,July,No Flood,Normal,No Rain,No Flood
2021-07-26,Sangli,Maharashtra,16.8524,74.5815,22.6,Moderate,23.9,93.3,Monsoon,0,Unknown,12,549,553.3,8.69,5047,Moderate,2021,7,July,No Flood,Normal,Moderate,No Flood
2021-07-26,Raigad,Maharashtra,18.5158,73.1822,0.0,No Rain,25.7,75.4,Monsoon,0,Unknown,15,45,232.4,2.46,1882,Low,2021,7,July,No Flood,Normal,No Rain,No Flood
2021-07-26,Kolhapur,Maharashtra,16.705,74.2433,8.8,Moderate,25.1,73.4,Monsoon,0,Unknown,13,569,261.2,6.99,6015,Moderate,2021,7,July,No Flood,Normal,Light,No Flood
2021-07-26,Kolhapur,Maharashtra,16.705,74.2433,9.4,Moderate,23.0,97.6,Monsoon,0,Unknown,13,569,344.6,7.87,6028,Moderate,2021,7,July,No Flood,Normal,Light,No Flood
2021-07-26,Kolhapur,Maharashtra,16.705,74.2433,0.0,No Rain,26.8,94.8,Monsoon,0,Unknown,13,569,224.3,6.59,5987,Low,2021,7,July,No Flood,Normal,No Rain,No Flood
2021-07-26,Pune,Maharashtra,18.5204,73.8567,0.0,No Rain,26.1,85.4,Monsoon,0,Unknown,10,560,186.2,4.06,9719,Low,2021,7,July,No Flood,Normal,No Rain,No Flood
2021-07-27,Belagavi,Karnataka,15.8497,74.4977,12.7,Moderate,21.6,91.1,Monsoon,0,Unknown,9,762,292.6,6.94,3233,Moderate,2021,7,July,No Flood,Normal,Light,No Flood
2021-07-27,Sangli,Maharashtra,16.8524,74.5815,0.0,No Rain,21.8,92.1,Monsoon,0,Unknown,12,549,274.7,6.28,5049,Low,2021,7,July,No Flood,Normal,No Rain,No Flood
2021-07-28,Kolhapur,Maharashtra,16.705,74.2433,156.6,Extreme,24.6,84.2,Monsoon,1,Very High,13,569,5912.2,19.57,5983,Very High,2021,7,July,Flood,Extreme,Very Heavy,July
2021-07-28,Kolhapur,Maharashtra,16.705,74.2433,134.4,Extreme,24.9,99.0,Monsoon,1,Very High,13,569,4694.5,19.57,6006,Very High,2021,7,July,Flood,Extreme,Very Heavy,July
2021-07-29,Sangli,Maharashtra,16.8524,74.5815,126.3,Extreme,22.7,99.0,Monsoon,1,Very High,12,549,5017.8,18.56,5097,Very High,2021,7,July,Flood,Extreme,Very Heavy,July
2021-07-29,Satara,Maharashtra,17.6805,73.9997,0.0,No Rain,25.7,78.9,Monsoon,0,Unknown,8,742,147.6,4.83,2771,Low,2021,7,July,No Flood,Normal,No Rain,No Flood
2021-07-29,Nashik,Maharashtra,19.9975,73.7898,0.0,No Rain,29.1,85.1,Monsoon,0,Unknown,7,600,190.8,5.02,4234,Low,2021,7,July,No Flood,Normal,No Rain,No Flood
2021-07-30,Mumbai,Maharashtra,19.076,72.8777,0.0,No Rain,24.6,79.7,Monsoon,0,Unknown,19,8,122.5,2.05,21780,Low,2021,7,July,No Flood,Normal,No Rain,No Flood
2021-07-30,Nashik,Maharashtra,19.9975,73.7898,36.1,Heavy,23.3,81.2,Monsoon,0,Unknown,7,600,767.1,10.45,4226,High,2021,7,July,No Flood,Normal,Moderate,No Flood
2021-07-30,Sangli,Maharashtra,16.8524,74.5815,36.6,Heavy,20.2,99.0,Monsoon,0,Unknown,12,549,895.7,11.35,5068,High,2021,7,July,No Flood,Normal,Moderate,No Flood
2021-07-31,Kolhapur,Maharashtra,16.705,74.2433,108.3,Very Heavy,24.5,99.0,Monsoon,1,Very High,13,569,4329.7,19.57,5990,Very High,2021,7,July,Flood,Extreme,Very Heavy,July
2021-07-31,Mumbai,Maharashtra,19.076,72.8777,0.0,No Rain,28.4,84.2,Monsoon,0,Unknown,19,8,142.2,1.86,21785,Low,2021,7,July,No Flood,Normal,No Rain,No Flood
2021-08-01,Satara,Maharashtra,17.6805,73.9997,21.0,Moderate,23.4,95.1,Monsoon,0,Unknown,8,742,412.6,8.73,2822,Moderate,2021,8,August,No Flood,Normal,Moderate,No Flood
2021-08-01,Satara,Maharashtra,17.6805,73.9997,39.8,Heavy,24.6,90.8,Monsoon,0,Unknown,8,742,1015.5,13.29,2811,High,2021,8,August,No Flood,Normal,Moderate,No Flood
2021-08-01,Satara,Maharashtra,17.6805,73.9997,8.9,Moderate,22.3,83.9,Monsoon,0,Unknown,8,742,237.9,6.59,2797,Moderate,2021,8,August,No Flood,Normal,Light,No Flood
2021-08-01,Kolhapur,Maharashtra,16.705,74.2433,40.2,Heavy,23.1,90.8,Monsoon,0,Unknown,13,569,1269.9,15.92,5989,High,2021,8,August,No Flood,Normal,Moderate,No Flood
2021-08-01,Kolhapur,Maharashtra,16.705,74.2433,26.4,Moderate,25.4,93.1,Monsoon,0,Unknown,13,569,624.6,11.13,5982,Moderate,2021,8,August,No Flood,Normal,Moderate,No Flood
2021-08-01,Mumbai,Maharashtra,19.076,72.8777,22.2,Moderate,25.7,83.6,Monsoon,0,Unknown,19,8,561.4,4.45,21758,High,2021,8,August,No Flood,Normal,Moderate,No Flood
2021-08-02,Belagavi,Karnataka,15.8497,74.4977,13.6,Moderate,16.0,93.7,Monsoon,0,Unknown,9,762,390.3,8.41,3213,Moderate,2021,8,August,No Flood,Normal,Light,No Flood
2021-08-02,Jalgaon,Maharashtra,21.0077,75.5626,2.0,Light,24.4,84.3,Monsoon,0,Unknown,5,209,122.7,3.76,3303,Low,2021,8,August,No Flood,Normal,Light,No Flood
2021-08-02,Pune,Maharashtra,18.5204,73.8567,17.2,Moderate,20.2,91.6,Monsoon,0,Unknown,10,560,492.6,7.06,9721,Moderate,2021,8,August,No Flood,Normal,Light,No Flood
2021-08-02,Raigad,Maharashtra,18.5158,73.1822,50.9,Heavy,24.9,93.6,Monsoon,1,Very High,15,45,1703.9,7.21,1863,Very High,2021,8,August,Flood,Normal,Heavy,August
2021-08-02,Sangli,Maharashtra,16.8524,74.5815,63.6,Heavy,26.5,91.6,Monsoon,1,Very High,12,549,1451.4,14.26,5075,Very High,2021,8,August,Flood,Normal,Heavy,August
2021-08-02,Satara,Maharashtra,17.6805,73.9997,5.6,Light,20.7,95.3,Monsoon,0,Unknown,8,742,202.9,5.7,2823,Low,2021,8,August,No Flood,Normal,Light,No Flood
2021-08-03,Pune,Maharashtra,18.5204,73.8567,0.0,No Rain,22.2,89.0,Monsoon,0,Unknown,10,560,200.6,4.45,9717,Low,2021,8,August,No Flood,Normal,No Rain,No Flood
2021-08-03,Pune,Maharashtra,18.5204,73.8567,25.3,Moderate,21.6,92.3,Monsoon,0,Unknown,10,560,684.6,8.2,9741,High,2021,8,August,No Flood,Normal,Moderate,No Flood
2021-08-04,Jalgaon,Maharashtra,21.0077,75.5626,55.1,Heavy,23.4,82.5,Monsoon,0,Unknown,5,209,1553.2,11.6,3317,High,2021,8,August,No Flood,Normal,Heavy,No Flood
2021-08-04,Kolhapur,Maharashtra,16.705,74.2433,53.6,Heavy,29.2,98.8,Monsoon,0,Unknown,13,569,1376.3,16.26,5984,High,2021,8,August,No Flood,Normal,Heavy,No Flood
2021-08-04,Mumbai,Maharashtra,19.076,72.8777,37.4,Heavy,26.7,88.3,Monsoon,0,Unknown,19,8,761.3,5.11,21782,Very High,2021,8,August,No Flood,Normal,Moderate,No Flood
2021-08-04,Panaji,Goa,15.4909,73.8278,0.0,No Rain,22.8,76.7,Monsoon,0,Unknown,8,7,208.1,2.08,2354,Low,2021,8,August,No Flood,Normal,No Rain,No Flood
2021-08-05,Jalgaon,Maharashtra,21.0077,75.5626,3.4,Light,24.9,77.5,Monsoon,0,Unknown,5,209,170.7,4.41,3314,Low,2021,8,August,No Flood,Normal,Light,No Flood
2021-08-05,Nagpur,Maharashtra,21.1458,79.0882,0.0,No Rain,25.2,82.7,Monsoon,0,Unknown,7,310,185.8,3.88,5307,Low,2021,8,August,No Flood,Normal,No Rain,No Flood
2021-08-05,Nagpur,Maharashtra,21.1458,79.0882,103.8,Very Heavy,25.1,95.6,Monsoon,1,Very High,7,310,3727.9,12.32,5307,Very High,2021,8,August,Flood,Extreme,Very Heavy,August
2021-08-05,Ratnagiri,Maharashtra,16.9902,73.312,6.0,Light,27.9,87.8,Monsoon,0,Unknown,14,11,317.1,2.8,1676,Moderate,2021,8,August,No Flood,Normal,Light,No Flood
2021-08-06,Kolhapur,Maharashtra,16.705,74.2433,11.8,Moderate,24.4,81.9,Monsoon,0,Unknown,13,569,376.9,8.64,6021,Moderate,2021,8,August,No Flood,Normal,Light,No Flood
2021-08-06,Kolhapur,Maharashtra,16.705,74.2433,59.5,Heavy,22.0,95.2,Monsoon,1,Very High,13,569,1481.7,17.2,5978,Very High,2021,8,August,Flood,Normal,Heavy,August
2021-08-06,Ratnagiri,Maharashtra,16.9902,73.312,0.0,No Rain,28.4,88.8,Monsoon,0,Unknown,14,11,246.1,2.9,1652,Low,2021,8,August,No Flood,Normal,No Rain,No Flood
2021-08-07,Kolhapur,Maharashtra,16.705,74.2433,34.9,Moderate,24.7,75.6,Monsoon,0,Unknown,13,569,1063.0,14.41,6014,High,2021,8,August,No Flood,Normal,Moderate,No Flood
2021-08-07,Kolhapur,Maharashtra,16.705,74.2433,26.3,Moderate,23.0,87.4,Monsoon,0,Unknown,13,569,649.0,11.27,6019,High,2021,8,August,No Flood,Normal,Moderate,No Flood
2021-08-07,Panaji,Goa,15.4909,73.8278,37.6,Heavy,23.7,85.9,Monsoon,0,Unknown,8,7,930.8,4.75,2353,Very High,2021,8,August,No Flood,Normal,Moderate,No Flood
2021-08-07,Raigad,Maharashtra,18.5158,73.1822,0.0,No Rain,23.5,85.6,Monsoon,0,Unknown,15,45,284.9,3.32,1834,Moderate,2021,8,August,No Flood,Normal,No Rain,No Flood
2021-08-08,Nashik,Maharashtra,19.9975,73.7898,8.9,Moderate,26.6,87.3,Monsoon,0,Unknown,7,600,289.6,6.58,4263,Low,2021,8,August,No Flood,Normal,Light,No Flood
2021-08-08,Kolhapur,Maharashtra,16.705,74.2433,0.0,No Rain,24.7,79.5,Monsoon,0,Unknown,13,569,203.9,6.24,6024,Low,2021,8,August,No Flood,Normal,No Rain,No Flood
2021-08-09,Sangli,Maharashtra,16.8524,74.5815,9.0,Moderate,24.9,88.5,Monsoon,0,Unknown,12,549,365.9,7.56,5082,Moderate,2021,8,August,No Flood,Normal,Light,No Flood
2021-08-09,Satara,Maharashtra,17.6805,73.9997,8.6,Moderate,23.6,74.9,Monsoon,0,Unknown,8,742,243.8,5.71,2824,Low,2021,8,August,No Flood,Normal,Light,No Flood
2021-08-09,Nagpur,Maharashtra,21.1458,79.0882,8.6,Moderate,25.8,85.7,Monsoon,0,Unknown,7,310,310.2,5.16,5312,Moderate,2021,8,August,No Flood,Normal,Light,No Flood
2021-08-10,Mumbai,Maharashtra,19.076,72.8777,24.0,Moderate,27.4,86.1,Monsoon,0,Unknown,19,8,579.9,4.48,21768,High,2021,8,August,No Flood,Normal,Moderate,No Flood
2021-08-10,Raigad,Maharashtra,18.5158,73.1822,38.1,Heavy,27.3,96.9,Monsoon,0,Unknown,15,45,1025.0,5.49,1850,High,2021,8,August,No Flood,Normal,Moderate,No Flood
2021-08-10,Sangli,Maharashtra,16.8524,74.5815,16.3,Moderate,30.8,99.0,Monsoon,0,Unknown,12,549,564.4,8.78,5052,Moderate,2021,8,August,No Flood,Normal,Light,No Flood
2021-08-10,Satara,Maharashtra,17.6805,73.9997,48.9,Heavy,29.5,83.7,Monsoon,0,Unknown,8,742,1396.8,15.79,2793,High,2021,8,August,No Flood,Normal,Moderate,No Flood
2021-08-11,Kolhapur,Maharashtra,16.705,74.2433,42.3,Heavy,24.0,98.1,Monsoon,0,Unknown,13,569,1349.1,16.3,6016,High,2021,8,August,No Flood,Normal,Moderate,No Flood
2021-08-11,Ratnagiri,Maharashtra,16.9902,73.312,39.2,Heavy,26.3,87.2,Monsoon,0,Unknown,14,11,1044.3,5.88,1646,Very High,2021,8,August,No Flood,Normal,Moderate,No Flood
2021-08-11,Satara,Maharashtra,17.6805,73.9997,185.7,Extreme,23.7,99.0,Monsoon,1,Very High,8,742,7738.6,15.95,2787,Very High,2021,8,August,Flood,Extreme,Very Heavy,August
2021-08-12,Satara,Maharashtra,17.6805,73.9997,17.8,Moderate,24.3,88.5,Monsoon,0,Unknown,8,742,347.2,7.53,2819,Moderate,2021,8,August,No Flood,Normal,Light,No Flood
2021-08-12,Ratnagiri,Maharashtra,16.9902,73.312,0.0,No Rain,24.3,79.8,Monsoon,0,Unknown,14,11,231.8,2.61,1658,Low,2021,8,August,No Flood,Normal,No Rain,No Flood
2021-08-12,Kolhapur,Maharashtra,16.705,74.2433,5.1,Light,26.8,93.0,Monsoon,0,Unknown,13,569,275.4,6.81,6028,Low,2021,8,August,No Flood,Normal,Light,No Flood
2021-08-12,Pune,Maharashtra,18.5204,73.8567,17.8,Moderate,28.2,90.4,Monsoon,0,Unknown,10,560,451.0,6.71,9721,Moderate,2021,8,August,No Flood,Normal,Light,No Flood
2021-08-13,Jalgaon,Maharashtra,21.0077,75.5626,21.2,Moderate,27.4,91.9,Monsoon,0,Unknown,5,209,400.6,6.63,3296,Moderate,2021,8,August,No Flood,Normal,Moderate,No Flood
2021-08-13,Kolhapur,Maharashtra,16.705,74.2433,42.5,Heavy,25.5,85.9,Monsoon,0,Unknown,13,569,1163.8,14.89,6006,High,2021,8,August,No Flood,Normal,Moderate,No Flood
2021-08-14,Sangli,Maharashtra,16.8524,74.5815,29.2,Moderate,23.6,88.9,Monsoon,0,Unknown,12,549,663.1,9.76,5068,Moderate,2021,8,August,No Flood,Normal,Moderate,No Flood
2021-08-14,Satara,Maharashtra,17.6805,73.9997,14.8,Moderate,24.5,94.3,Monsoon,0,Unknown,8,742,394.4,8.39,2793,Moderate,2021,8,August,No Flood,Normal,Light,No Flood
2021-08-14,Ratnagiri,Maharashtra,16.9902,73.312,16.0,Moderate,25.2,86.0,Monsoon,0,Unknown,14,11,409.0,3.23,1661,Moderate,2021,8,August,No Flood,Normal,Light,No Flood
2021-08-14,Nagpur,Maharashtra,21.1458,79.0882,67.7,Very Heavy,25.8,93.9,Monsoon,0,Unknown,7,310,1857.0,12.32,5294,Very High,2021,8,August,No Flood,Extreme,Heavy,No Flood
2021-08-14,Mumbai,Maharashtra,19.076,72.8777,23.8,Moderate,28.1,87.7,Monsoon,1,Moderate,19,8,548.3,4.8,21734,High,2021,8,August,Flood,Normal,Moderate,August
2021-08-14,Belagavi,Karnataka,15.8497,74.4977,18.5,Moderate,22.3,79.5,Monsoon,0,Unknown,9,762,455.4,8.45,3192,Moderate,2021,8,August,No Flood,Normal,Light,No Flood
2021-08-14,Belagavi,Karnataka,15.8497,74.4977,14.7,Moderate,25.0,90.3,Monsoon,0,Unknown,9,762,436.0,8.24,3238,Moderate,2021,8,August,No Flood,Normal,Light,No Flood
2021-08-15,Mumbai,Maharashtra,19.076,72.8777,0.0,No Rain,23.4,72.5,Monsoon,0,Unknown,19,8,148.5,2.4,21729,Low,2021,8,August,No Flood,Normal,No Rain,No Flood
2021-08-15,Raigad,Maharashtra,18.5158,73.1822,0.0,No Rain,26.6,81.5,Monsoon,0,Unknown,15,45,277.4,3.1,1857,Moderate,2021,8,August,No Flood,Normal,No Rain,No Flood
2021-08-15,Raigad,Maharashtra,18.5158,73.1822,33.4,Moderate,26.2,76.7,Monsoon,0,Unknown,15,45,792.4,5.12,1892,High,2021,8,August,No Flood,Normal,Moderate,No Flood
2021-08-15,Satara,Maharashtra,17.6805,73.9997,83.2,Very Heavy,23.7,99.0,Monsoon,1,Very High,8,742,2373.7,15.95,2769,Very High,2021,8,August,Flood,Extreme,Heavy,August
2021-08-16,Sangli,Maharashtra,16.8524,74.5815,43.3,Heavy,21.6,88.9,Monsoon,0,Unknown,12,549,970.9,12.12,5087,High,2021,8,August,No Flood,Normal,Moderate,No Flood
2021-08-16,Pune,Maharashtra,18.5204,73.8567,6.3,Light,28.5,75.5,Monsoon,0,Unknown,10,560,253.1,4.74,9709,Low,2021,8,August,No Flood,Normal,Light,No Flood
2021-08-16,Kolhapur,Maharashtra,16.705,74.2433,231.4,Extreme,25.0,99.0,Monsoon,1,Very High,13,569,9801.5,19.57,5992,Very High,2021,8,August,Flood,Extreme,Extreme,August
2021-08-17,Mumbai,Maharashtra,19.076,72.8777,0.0,No Rain,29.9,86.9,Monsoon,0,Unknown,19,8,138.1,2.13,21768,Low,2021,8,August,No Flood,Normal,No Rain,No Flood
2021-08-17,Mumbai,Maharashtra,19.076,72.8777,50.1,Heavy,27.7,99.0,Monsoon,1,Very High,19,8,1102.2,6.41,21759,Very High,2021,8,August,Flood,Normal,Heavy,August
2021-08-17,Nashik,Maharashtra,19.9975,73.7898,221.8,Extreme,24.9,99.0,Monsoon,1,Very High,7,600,7602.6,14.79,4256,Very High,2021,8,August,Flood,Extreme,Extreme,August
2021-08-17,Satara,Maharashtra,17.6805,73.9997,93.4,Very Heavy,22.6,92.5,Monsoon,1,Very High,8,742,2758.6,15.95,2785,Very High,2021,8,August,Flood,Extreme,Heavy,August
2021-08-18,Mumbai,Maharashtra,19.076,72.8777,109.4,Very Heavy,25.1,94.7,Monsoon,1,Very High,19,8,3275.1,6.96,21769,Very High,2021,8,August,Flood,Extreme,Very Heavy,August
2021-08-18,Raigad,Maharashtra,18.5158,73.1822,0.0,No Rain,25.5,69.3,Monsoon,0,Unknown,15,45,292.5,2.93,1885,Moderate,2021,8,August,No Flood,Normal,No Rain,No Flood
2021-08-19,Satara,Maharashtra,17.6805,73.9997,118.7,Very Heavy,22.8,95.0,Monsoon,1,Very High,8,742,5155.4,15.95,2771,Very High,2021,8,August,Flood,Extreme,Very Heavy,August
2021-08-19,Satara,Maharashtra,17.6805,73.9997,0.0,No Rain,26.5,94.6,Monsoon,0,Unknown,8,742,170.8,5.32,2777,Low,2021,8,August,No Flood,Normal,No Rain,No Flood
2021-08-19,Ratnagiri,Maharashtra,16.9902,73.312,8.1,Moderate,27.2,69.7,Monsoon,0,Unknown,14,11,292.9,3.27,1639,Moderate,2021,8,August,No Flood,Normal,Light,No Flood
2021-08-19,Pune,Maharashtra,18.5204,73.8567,10.4,Moderate,27.4,75.7,Monsoon,0,Unknown,10,560,321.6,5.77,9762,Moderate,2021,8,August,No Flood,Normal,Light,No Flood
2021-08-19,Nagpur,Maharashtra,21.1458,79.0882,0.0,No Rain,26.1,81.3,Monsoon,0,Unknown,7,310,196.2,4.34,5273,Low,2021,8,August,No Flood,Normal,No Rain,No Flood
2021-08-19,Raigad,Maharashtra,18.5158,73.1822,0.0,No Rain,23.0,77.7,Monsoon,0,Unknown,15,45,261.2,2.63,1879,Low,2021,8,August,No Flood,Normal,No Rain,No Flood
2021-08-20,Nashik,Maharashtra,19.9975,73.7898,8.5,Moderate,28.1,84.5,Monsoon,0,Unknown,7,600,280.7,6.16,4249,Low,2021,8,August,No Flood,Normal,Light,No Flood
2021-08-20,Panaji,Goa,15.4909,73.8278,0.0,No Rain,23.8,81.9,Monsoon,0,Unknown,8,7,213.4,2.36,2390,Low,2021,8,August,No Flood,Normal,No Rain,No Flood
2021-08-20,Pune,Maharashtra,18.5204,73.8567,62.5,Heavy,25.3,92.0,Monsoon,1,Very High,10,560,2001.5,13.78,9741,Very High,2021,8,August,Flood,Normal,Heavy,August
2021-08-20,Ratnagiri,Maharashtra,16.9902,73.312,41.3,Heavy,25.9,77.1,Monsoon,1,Very High,14,11,1374.7,6.19,1674,Very High,2021,8,August,Flood,Normal,Moderate,August
2021-08-21,Kolhapur,Maharashtra,16.705,74.2433,16.9,Moderate,23.7,86.7,Monsoon,0,Unknown,13,569,518.4,10.0,6015,Moderate,2021,8,August,No Flood,Normal,Light,No Flood
2021-08-21,Belagavi,Karnataka,15.8497,74.4977,17.8,Moderate,24.0,79.9,Monsoon,0,Unknown,9,762,386.1,7.6,3205,Moderate,2021,8,August,No Flood,Normal,Light,No Flood
2021-08-21,Sangli,Maharashtra,16.8524,74.5815,3.7,Light,27.1,87.7,Monsoon,0,Unknown,12,549,262.0,6.3,5094,Low,2021,8,August,No Flood,Normal,Light,No Flood
2021-08-23,Nashik,Maharashtra,19.9975,73.7898,0.0,No Rain,22.3,79.7,Monsoon,0,Unknown,7,600,177.2,4.8,4217,Low,2021,8,August,No Flood,Normal,No Rain,No Flood
2021-08-23,Pune,Maharashtra,18.5204,73.8567,25.5,Moderate,24.6,80.0,Monsoon,1,Moderate,10,560,751.5,9.08,9765,High,2021,8,August,Flood,Normal,Moderate,August
2021-08-23,Raigad,Maharashtra,18.5158,73.1822,70.6,Very Heavy,25.0,86.9,Monsoon,1,Very High,15,45,2334.6,8.99,1867,Very High,2021,8,August,Flood,Extreme,Heavy,August
2021-08-23,Solapur,Maharashtra,17.6599,75.9064,9.7,Moderate,25.6,80.0,Monsoon,0,Unknown,6,458,249.6,5.68,3907,Low,2021,8,August,No Flood,Normal,Light,No Flood
2021-08-24,Pune,Maharashtra,18.5204,73.8567,71.4,Very Heavy,23.1,92.6,Monsoon,1,Very High,10,560,2588.8,13.78,9711,Very High,2021,8,August,Flood,Extreme,Heavy,August
2021-08-24,Ratnagiri,Maharashtra,16.9902,73.312,19.2,Moderate,23.0,78.7,Monsoon,0,Unknown,14,11,553.9,4.36,1670,High,2021,8,August,No Flood,Normal,Light,No Flood
2021-08-24,Nagpur,Maharashtra,21.1458,79.0882,0.0,No Rain,21.0,87.1,Monsoon,0,Unknown,7,310,200.3,4.27,5281,Low,2021,8,August,No Flood,Normal,No Rain,No Flood
2021-08-24,Mumbai,Maharashtra,19.076,72.8777,19.1,Moderate,28.3,83.1,Monsoon,0,Unknown,19,8,496.1,4.51,21781,High,2021,8,August,No Flood,Normal,Light,No Flood
2021-08-24,Mumbai,Maharashtra,19.076,72.8777,19.8,Moderate,25.7,90.4,Monsoon,0,Unknown,19,8,372.1,3.85,21741,Moderate,2021,8,August,No Flood,Normal,Light,No Flood
2021-08-24,Kolhapur,Maharashtra,16.705,74.2433,55.0,Heavy,26.9,85.9,Monsoon,0,Unknown,13,569,1371.5,16.22,5983,High,2021,8,August,No Flood,Normal,Heavy,No Flood
2021-08-24,Belagavi,Karnataka,15.8497,74.4977,19.7,Moderate,22.3,78.2,Monsoon,0,Unknown,9,762,450.4,8.69,3239,Moderate,2021,8,August,No Flood,Normal,Light,No Flood
2021-08-25,Solapur,Maharashtra,17.6599,75.9064,28.7,Moderate,22.8,84.6,Monsoon,0,Unknown,6,458,594.5,9.56,3950,Moderate,2021,8,August,No Flood,Normal,Moderate,No Flood
2021-08-25,Satara,Maharashtra,17.6805,73.9997,24.1,Moderate,23.3,87.8,Monsoon,0,Unknown,8,742,690.8,11.04,2783,High,2021,8,August,No Flood,Normal,Moderate,No Flood
2021-08-25,Nashik,Maharashtra,19.9975,73.7898,8.2,Moderate,20.6,93.1,Monsoon,0,Unknown,7,600,239.0,5.39,4244,Low,2021,8,August,No Flood,Normal,Light,No Flood
2021-08-25,Ratnagiri,Maharashtra,16.9902,73.312,22.3,Moderate,24.9,75.7,Monsoon,0,Unknown,14,11,690.4,4.84,1670,High,2021,8,August,No Flood,Normal,Moderate,No Flood
2021-08-25,Kolhapur,Maharashtra,16.705,74.2433,137.8,Extreme,23.6,98.1,Monsoon,1,Very High,13,569,4157.0,19.57,5986,Very High,2021,8,August,Flood,Extreme,Very Heavy,August
2021-08-25,Kolhapur,Maharashtra,16.705,74.2433,11.7,Moderate,25.5,97.3,Monsoon,0,Unknown,13,569,366.9,8.44,5992,Moderate,2021,8,August,No Flood,Normal,Light,No Flood
2021-08-25,Belagavi,Karnataka,15.8497,74.4977,0.0,No Rain,24.7,87.0,Monsoon,0,Unknown,9,762,165.5,5.14,3207,Low,2021,8,August,No Flood,Normal,No Rain,No Flood
2021-08-25,Nashik,Maharashtra,19.9975,73.7898,7.9,Moderate,27.0,71.5,Monsoon,0,Unknown,7,600,261.7,5.75,4244,Low,2021,8,August,No Flood,Normal,Light,No Flood
2021-08-26,Sangli,Maharashtra,16.8524,74.5815,168.4,Extreme,25.7,99.0,Monsoon,1,Very High,12,549,5348.6,18.56,5061,Very High,2021,8,August,Flood,Extreme,Very Heavy,August
2021-08-26,Satara,Maharashtra,17.6805,73.9997,12.2,Moderate,22.2,93.5,Monsoon,0,Unknown,8,742,299.9,6.8,2776,Moderate,2021,8,August,No Flood,Normal,Light,No Flood
2021-08-26,Solapur,Maharashtra,17.6599,75.9064,31.0,Moderate,25.1,80.1,Monsoon,1,High,6,458,825.3,11.63,3923,Very High,2021,8,August,Flood,Normal,Moderate,August
2021-08-27,Satara,Maharashtra,17.6805,73.9997,0.0,No Rain,25.7,82.8,Monsoon,0,Unknown,8,742,132.6,4.52,2791,Low,2021,8,August,No Flood,Normal,No Rain,No Flood
2021-08-27,Raigad,Maharashtra,18.5158,73.1822,23.5,Moderate,29.7,87.0,Monsoon,0,Unknown,15,45,672.8,5.06,1863,High,2021,8,August,No Flood,Normal,Moderate,No Flood
2021-08-27,Sangli,Maharashtra,16.8524,74.5815,168.2,Extreme,22.4,99.0,Monsoon,1,Very High,12,549,5654.0,18.56,5063,Very High,2021,8,August,Flood,Extreme,Very Heavy,August
2021-08-28,Kolhapur,Maharashtra,16.705,74.2433,22.3,Moderate,23.8,92.8,Monsoon,0,Unknown,13,569,562.3,10.2,6032,Moderate,2021,8,August,No Flood,Normal,Moderate,No Flood
2021-08-28,Mumbai,Maharashtra,19.076,72.8777,0.0,No Rain,25.8,86.0,Monsoon,0,Unknown,19,8,136.9,2.12,21769,Low,2021,8,August,No Flood,Normal,No Rain,No Flood
2021-08-28,Belagavi,Karnataka,15.8497,74.4977,61.9,Heavy,22.7,90.2,Monsoon,1,Very High,9,762,1985.2,16.68,3213,Very High,2021,8,August,Flood,Normal,Heavy,August
2021-08-28,Panaji,Goa,15.4909,73.8278,170.0,Extreme,28.9,96.0,Monsoon,1,Very High,8,7,7263.7,6.52,2409,Very High,2021,8,August,Flood,Extreme,Very Heavy,August
2021-08-29,Ratnagiri,Maharashtra,16.9902,73.312,0.0,No Rain,24.1,83.8,Monsoon,0,Unknown,14,11,249.0,2.45,1668,Low,2021,8,August,No Flood,Normal,No Rain,No Flood
2021-08-29,Pune,Maharashtra,18.5204,73.8567,68.9,Very Heavy,21.4,92.4,Monsoon,1,Very High,10,560,1888.4,13.78,9744,Very High,2021,8,August,Flood,Extreme,Heavy,August
2021-08-29,Pune,Maharashtra,18.5204,73.8567,105.2,Very Heavy,18.8,96.1,Monsoon,1,Very High,10,560,2639.0,13.78,9751,Very High,2021,8,August,Flood,Extreme,Very Heavy,August
2021-08-29,Nagpur,Maharashtra,21.1458,79.0882,27.9,Moderate,23.3,82.5,Monsoon,0,Unknown,7,310,730.7,7.96,5284,Moderate,2021,8,August,No Flood,Normal,Moderate,No Flood
2021-08-29,Jalgaon,Maharashtra,21.0077,75.5626,0.0,No Rain,26.7,89.5,Monsoon,0,Unknown,5,209,133.6,3.68,3325,Low,2021,8,August,No Flood,Normal,No Rain,No Flood
2021-08-30,Kolhapur,Maharashtra,16.705,74.2433,85.7,Very Heavy,23.5,86.7,Monsoon,1,Very High,13,569,2185.8,19.57,6027,Very High,2021,8,August,Flood,Extreme,Heavy,August
2021-08-30,Mumbai,Maharashtra,19.076,72.8777,86.6,Very Heavy,25.4,93.0,Monsoon,1,Very High,19,8,2705.8,6.96,21733,Very High,2021,8,August,Flood,Extreme,Heavy,August
2021-08-31,Raigad,Maharashtra,18.5158,73.1822,0.0,No Rain,23.7,96.4,Monsoon,0,Unknown,15,45,261.2,2.45,1840,Low,2021,8,August,No Flood,Normal,No Rain,No Flood
2021-08-31,Pune,Maharashtra,18.5204,73.8567,0.0,No Rain,26.5,80.4,Monsoon,0,Unknown,10,560,187.2,4.01,9710,Low,2021,8,August,No Flood,Normal,No Rain,No Flood
2021-08-31,Raigad,Maharashtra,18.5158,73.1822,75.1,Very Heavy,24.6,89.4,Monsoon,1,Very High,15,45,2181.7,8.47,1877,Very High,2021,8,August,Flood,Extreme,Heavy,August
2021-08-31,Mumbai,Maharashtra,19.076,72.8777,134.5,Extreme,25.0,99.0,Monsoon,1,Very High,19,8,4157.2,6.96,21760,Very High,2021,8,August,Flood,Extreme,Very Heavy,August
2021-08-31,Nashik,Maharashtra,19.9975,73.7898,9.9,Moderate,23.3,91.8,Monsoon,0,Unknown,7,600,282.5,5.85,4267,Low,2021,8,August,No Flood,Normal,Light,No Flood
2021-09-01,Kolhapur,Maharashtra,16.705,74.2433,38.7,Heavy,20.0,92.8,Monsoon,0,Unknown,13,569,1134.8,14.81,6035,High,2021,9,September,No Flood,Normal,Moderate,No Flood
2021-09-01,Pune,Maharashtra,18.5204,73.8567,231.1,Extreme,25.1,99.0,Monsoon,1,Very High,10,560,9865.1,13.78,9744,Very High,2021,9,September,Flood,Extreme,Extreme,September
2021-09-01,Raigad,Maharashtra,18.5158,73.1822,64.4,Heavy,23.9,91.1,Monsoon,1,Very High,15,45,1499.5,7.62,1852,Very High,2021,9,September,Flood,Normal,Heavy,September
2021-09-02,Nagpur,Maharashtra,21.1458,79.0882,109.7,Very Heavy,24.8,96.9,Monsoon,1,Very High,7,310,2930.3,12.32,5302,Very High,2021,9,September,Flood,Extreme,Very Heavy,September
2021-09-02,Panaji,Goa,15.4909,73.8278,0.0,No Rain,25.5,85.8,Monsoon,0,Unknown,8,7,182.6,1.81,2366,Low,2021,9,September,No Flood,Normal,No Rain,No Flood
2021-09-03,Satara,Maharashtra,17.6805,73.9997,5.4,Light,24.7,84.1,Monsoon,0,Unknown,8,742,195.5,5.73,2824,Low,2021,9,September,No Flood,Normal,Light,No Flood
2021-09-03,Pune,Maharashtra,18.5204,73.8567,45.2,Heavy,22.7,90.2,Monsoon,0,Unknown,10,560,1428.2,11.99,9714,High,2021,9,September,No Flood,Normal,Moderate,No Flood
2021-09-03,Raigad,Maharashtra,18.5158,73.1822,0.0,No Rain,25.0,77.9,Monsoon,0,Unknown,15,45,281.3,3.21,1860,Moderate,2021,9,September,No Flood,Normal,No Rain,No Flood
2021-09-04,Ratnagiri,Maharashtra,16.9902,73.312,28.8,Moderate,25.8,96.6,Monsoon,0,Unknown,14,11,747.0,4.41,1671,High,2021,9,September,No Flood,Normal,Moderate,No Flood
2021-09-05,Mumbai,Maharashtra,19.076,72.8777,0.0,No Rain,23.2,73.2,Monsoon,0,Unknown,19,8,154.7,2.45,21735,Low,2021,9,September,No Flood,Normal,No Rain,No Flood
2021-09-06,Panaji,Goa,15.4909,73.8278,42.2,Heavy,27.3,88.6,Monsoon,1,Very High,8,7,1305.7,5.63,2390,Very High,2021,9,September,Flood,Normal,Moderate,September
2021-09-06,Satara,Maharashtra,17.6805,73.9997,0.0,No Rain,24.1,83.6,Monsoon,0,Unknown,8,742,146.9,4.42,2779,Low,2021,9,September,No Flood,Normal,No Rain,No Flood
2021-09-08,Kolhapur,Maharashtra,16.705,74.2433,0.0,No Rain,23.3,78.8,Monsoon,0,Unknown,13,569,243.0,6.78,5995,Low,2021,9,September,No Flood,Normal,No Rain,No Flood
2021-09-08,Panaji,Goa,15.4909,73.8278,27.8,Moderate,26.5,93.4,Monsoon,1,Moderate,8,7,654.6,3.69,2373,High,2021,9,September,Flood,Normal,Moderate,September
2021-09-08,Pune,Maharashtra,18.5204,73.8567,46.9,Heavy,26.5,86.6,Monsoon,1,High,10,560,1008.8,9.97,9745,Very High,2021,9,September,Flood,Normal,Moderate,September
2021-09-08,Pune,Maharashtra,18.5204,73.8567,43.6,Heavy,25.1,92.1,Monsoon,1,High,10,560,1195.5,11.6,9764,Very High,2021,9,September,Flood,Normal,Moderate,September
2021-09-08,Raigad,Maharashtra,18.5158,73.1822,103.4,Very Heavy,27.0,92.2,Monsoon,1,Very High,15,45,3067.5,8.99,1849,Very High,2021,9,September,Flood,Extreme,Very Heavy,September
2021-09-10,Satara,Maharashtra,17.6805,73.9997,0.0,No Rain,23.2,90.5,Monsoon,0,Unknown,8,742,142.2,4.66,2778,Low,2021,9,September,No Flood,Normal,No Rain,No Flood
2021-09-12,Ratnagiri,Maharashtra,16.9902,73.312,20.5,Moderate,27.0,94.7,Monsoon,0,Unknown,14,11,474.8,3.63,1630,Moderate,2021,9,September,No Flood,Normal,Moderate,No Flood
2021-09-12,Panaji,Goa,15.4909,73.8278,41.7,Heavy,23.9,99.0,Monsoon,0,Unknown,8,7,1157.1,4.92,2387,Very High,2021,9,September,No Flood,Normal,Moderate,No Flood
2021-09-12,Belagavi,Karnataka,15.8497,74.4977,24.4,Moderate,25.9,85.3,Monsoon,0,Unknown,9,762,514.8,9.22,3226,Moderate,2021,9,September,No Flood,Normal,Moderate,No Flood
2021-09-13,Mumbai,Maharashtra,19.076,72.8777,96.2,Very Heavy,27.2,95.9,Monsoon,1,Very High,19,8,2679.7,6.96,21771,Very High,2021,9,September,Flood,Extreme,Heavy,September
2021-09-13,Mumbai,Maharashtra,19.076,72.8777,72.2,Very Heavy,28.2,94.9,Monsoon,1,Very High,19,8,2032.0,6.96,21763,Very High,2021,9,September,Flood,Extreme,Heavy,September
2021-09-13,Satara,Maharashtra,17.6805,73.9997,9.3,Moderate,25.1,89.8,Monsoon,0,Unknown,8,742,239.1,6.48,2805,Moderate,2021,9,September,No Flood,Normal,Light,No Flood
2021-09-14,Kolhapur,Maharashtra,16.705,74.2433,39.7,Heavy,20.7,84.2,Monsoon,0,Unknown,13,569,1005.4,14.1,6029,High,2021,9,September,No Flood,Normal,Moderate,No Flood
2021-09-14,Kolhapur,Maharashtra,16.705,74.2433,10.1,Moderate,21.6,85.4,Monsoon,0,Unknown,13,569,343.4,8.03,6023,Moderate,2021,9,September,No Flood,Normal,Light,No Flood
2021-09-14,Kolhapur,Maharashtra,16.705,74.2433,23.2,Moderate,24.4,74.8,Monsoon,0,Unknown,13,569,541.4,9.82,6026,Moderate,2021,9,September,No Flood,Normal,Moderate,No Flood
2021-09-14,Sangli,Maharashtra,16.8524,74.5815,27.5,Moderate,23.1,98.4,Monsoon,0,Unknown,12,549,873.6,11.18,5074,High,2021,9,September,No Flood,Normal,Moderate,No Flood
2021-09-16,Ratnagiri,Maharashtra,16.9902,73.312,16.2,Moderate,29.5,87.3,Monsoon,0,Unknown,14,11,483.9,3.88,1672,High,2021,9,September,No Flood,Normal,Light,No Flood
2021-09-16,Belagavi,Karnataka,15.8497,74.4977,0.0,No Rain,25.7,92.0,Monsoon,0,Unknown,9,762,206.7,5.76,3238,Low,2021,9,September,No Flood,Normal,No Rain,No Flood
2021-09-17,Mumbai,Maharashtra,19.076,72.8777,83.4,Very Heavy,23.7,99.0,Monsoon,1,Very High,19,8,2093.5,6.96,21771,Very High,2021,9,September,Flood,Extreme,Heavy,September
2021-09-17,Nagpur,Maharashtra,21.1458,79.0882,0.0,No Rain,22.7,84.7,Monsoon,0,Unknown,7,310,159.5,3.36,5269,Low,2021,9,September,No Flood,Normal,No Rain,No Flood
2021-09-17,Panaji,Goa,15.4909,73.8278,0.0,No Rain,28.5,85.5,Monsoon,0,Unknown,8,7,201.3,2.18,2368,Low,2021,9,September,No Flood,Normal,No Rain,No Flood
2021-09-17,Sangli,Maharashtra,16.8524,74.5815,17.7,Moderate,26.2,99.0,Monsoon,0,Unknown,12,549,506.0,8.58,5100,Moderate,2021,9,September,No Flood,Normal,Light,No Flood
2021-09-17,Satara,Maharashtra,17.6805,73.9997,90.2,Very Heavy,24.4,93.7,Monsoon,1,Very High,8,742,3511.8,15.95,2793,Very High,2021,9,September,Flood,Extreme,Heavy,September
2021-09-18,Nagpur,Maharashtra,21.1458,79.0882,32.4,Moderate,29.3,84.1,Monsoon,0,Unknown,7,310,838.4,8.32,5307,High,2021,9,September,No Flood,Normal,Moderate,No Flood
2021-09-18,Ratnagiri,Maharashtra,16.9902,73.312,14.0,Moderate,24.3,75.0,Monsoon,0,Unknown,14,11,406.7,3.42,1682,Moderate,2021,9,September,No Flood,Normal,Light,No Flood
2021-09-19,Ratnagiri,Maharashtra,16.9902,73.312,0.0,No Rain,27.3,84.9,Monsoon,0,Unknown,14,11,236.2,2.15,1675,Low,2021,9,September,No Flood,Normal,No Rain,No Flood
2021-09-19,Kolhapur,Maharashtra,16.705,74.2433,10.1,Moderate,26.6,82.1,Monsoon,0,Unknown,13,569,311.4,7.6,6017,Moderate,2021,9,September,No Flood,Normal,Light,No Flood
2021-09-20,Raigad,Maharashtra,18.5158,73.1822,0.0,No Rain,28.8,81.7,Monsoon,0,Unknown,15,45,244.2,2.98,1887,Low,2021,9,September,No Flood,Normal,No Rain,No Flood
2021-09-20,Sangli,Maharashtra,16.8524,74.5815,42.8,Heavy,23.3,85.7,Monsoon,0,Unknown,12,549,955.4,11.53,5089,High,2021,9,September,No Flood,Normal,Moderate,No Flood
2021-09-20,Sangli,Maharashtra,16.8524,74.5815,13.6,Moderate,21.7,77.3,Monsoon,0,Unknown,12,549,396.6,7.78,5075,Moderate,2021,9,September,No Flood,Normal,Light,No Flood
2021-09-21,Solapur,Maharashtra,17.6599,75.9064,61.8,Heavy,25.8,91.2,Monsoon,0,Unknown,6,458,1258.7,13.05,3934,High,2021,9,September,No Flood,Normal,Heavy,No Flood
2021-09-21,Mumbai,Maharashtra,19.076,72.8777,16.3,Moderate,25.2,76.5,Monsoon,0,Unknown,19,8,409.5,4.18,21776,High,2021,9,September,No Flood,Normal,Light,No Flood
2021-09-21,Nashik,Maharashtra,19.9975,73.7898,46.7,Heavy,25.7,94.8,Monsoon,1,High,7,600,943.5,11.56,4261,Very High,2021,9,September,Flood,Normal,Moderate,September
2021-09-21,Sangli,Maharashtra,16.8524,74.5815,13.9,Moderate,26.3,87.1,Monsoon,0,Unknown,12,549,410.7,7.55,5058,Moderate,2021,9,September,No Flood,Normal,Light,No Flood
2021-09-22,Satara,Maharashtra,17.6805,73.9997,218.3,Extreme,23.0,99.0,Monsoon,1,Very High,8,742,7111.2,15.95,2783,Very High,2021,9,September,Flood,Extreme,Extreme,September
2021-09-22,Satara,Maharashtra,17.6805,73.9997,0.0,No Rain,26.0,92.0,Monsoon,0,Unknown,8,742,172.1,5.8,2777,Low,2021,9,September,No Flood,Normal,No Rain,No Flood
2021-09-22,Sangli,Maharashtra,16.8524,74.5815,12.9,Moderate,27.6,63.7,Monsoon,0,Unknown,12,549,385.2,7.24,5079,Moderate,2021,9,September,No Flood,Normal,Light,No Flood
2021-09-23,Pune,Maharashtra,18.5204,73.8567,33.4,Moderate,24.6,89.5,Monsoon,0,Unknown,10,560,716.5,9.14,9762,High,2021,9,September,No Flood,Normal,Moderate,No Flood
2021-09-23,Satara,Maharashtra,17.6805,73.9997,68.4,Very Heavy,19.2,86.7,Monsoon,1,Very High,8,742,1948.1,15.95,2781,Very High,2021,9,September,Flood,Extreme,Heavy,September
2021-09-25,Kolhapur,Maharashtra,16.705,74.2433,46.8,Heavy,22.9,82.7,Monsoon,0,Unknown,13,569,1065.3,14.7,5988,High,2021,9,September,No Flood,Normal,Moderate,No Flood
2021-09-25,Mumbai,Maharashtra,19.076,72.8777,37.6,Heavy,30.4,81.7,Monsoon,0,Unknown,19,8,955.0,5.82,21729,Very High,2021,9,September,No Flood,Normal,Moderate,No Flood
2021-09-26,Kolhapur,Maharashtra,16.705,74.2433,41.2,Heavy,24.3,86.0,Monsoon,0,Unknown,13,569,950.8,13.55,6003,High,2021,9,September,No Flood,Normal,Moderate,No Flood
2021-09-28,Kolhapur,Maharashtra,16.705,74.2433,27.5,Moderate,22.4,99.0,Monsoon,0,Unknown,13,569,796.0,12.23,6022,High,2021,9,September,No Flood,Normal,Moderate,No Flood
2021-09-28,Solapur,Maharashtra,17.6599,75.9064,0.0,No Rain,24.8,88.3,Monsoon,0,Unknown,6,458,125.3,4.36,3964,Low,2021,9,September,No Flood,Normal,No Rain,No Flood
2021-09-29,Raigad,Maharashtra,18.5158,73.1822,23.3,Moderate,24.3,78.5,Monsoon,0,Unknown,15,45,557.9,3.96,1852,Moderate,2021,9,September,No Flood,Normal,Moderate,No Flood
2021-09-29,Raigad,Maharashtra,18.5158,73.1822,3.5,Light,22.8,87.5,Monsoon,0,Unknown,15,45,296.6,2.95,1885,Moderate,2021,9,September,No Flood,Normal,Light,No Flood
2021-09-29,Sangli,Maharashtra,16.8524,74.5815,17.0,Moderate,25.7,94.0,Monsoon,0,Unknown,12,549,453.4,8.24,5060,Moderate,2021,9,September,No Flood,Normal,Light,No Flood
2021-09-30,Panaji,Goa,15.4909,73.8278,20.3,Moderate,26.0,74.3,Monsoon,0,Unknown,8,7,533.0,3.85,2371,High,2021,9,September,No Flood,Normal,Moderate,No Flood
2021-09-30,Pune,Maharashtra,18.5204,73.8567,15.7,Moderate,20.3,85.4,Monsoon,0,Unknown,10,560,434.0,6.98,9730,Moderate,2021,9,September,No Flood,Normal,Light,No Flood
2021-09-30,Ratnagiri,Maharashtra,16.9902,73.312,0.0,No Rain,27.2,92.1,Monsoon,0,Unknown,14,11,211.5,2.21,1632,Low,2021,9,September,No Flood,Normal,No Rain,No Flood
2021-09-30,Satara,Maharashtra,17.6805,73.9997,28.8,Moderate,26.8,91.1,Monsoon,0,Unknown,8,742,719.0,11.09,2802,High,2021,9,September,No Flood,Normal,Moderate,No Flood
2021-10-01,Sangli,Maharashtra,16.8524,74.5815,0.0,No Rain,24.1,66.0,Post-Monsoon,0,Unknown,12,549,112.6,4.06,5075,Low,2021,10,October,No Flood,Normal,No Rain,No Flood
2021-10-03,Satara,Maharashtra,17.6805,73.9997,29.4,Moderate,26.2,69.3,Post-Monsoon,0,Unknown,8,742,727.7,10.88,2800,High,2021,10,October,No Flood,Normal,Moderate,No Flood
2021-10-03,Belagavi,Karnataka,15.8497,74.4977,4.6,Light,31.5,48.5,Post-Monsoon,0,Unknown,9,762,82.1,3.71,3228,Low,2021,10,October,No Flood,Normal,Light,No Flood
2021-10-05,Mumbai,Maharashtra,19.076,72.8777,0.0,No Rain,23.4,60.9,Post-Monsoon,0,Unknown,19,8,50.7,1.23,21768,Low,2021,10,October,No Flood,Normal,No Rain,No Flood
2021-10-07,Solapur,Maharashtra,17.6599,75.9064,0.0,No Rain,28.4,53.2,Post-Monsoon,0,Unknown,6,458,26.0,2.12,3935,Low,2021,10,October,No Flood,Normal,No Rain,No Flood
2021-10-07,Sangli,Maharashtra,16.8524,74.5815,0.0,No Rain,24.3,74.0,Post-Monsoon,0,Unknown,12,549,117.9,4.3,5077,Low,2021,10,October,No Flood,Normal,No Rain,No Flood
2021-10-08,Belagavi,Karnataka,15.8497,74.4977,7.5,Light,22.9,63.3,Post-Monsoon,0,Unknown,9,762,174.8,4.84,3181,Low,2021,10,October,No Flood,Normal,Light,No Flood
2021-10-08,Sangli,Maharashtra,16.8524,74.5815,0.0,No Rain,27.2,67.2,Post-Monsoon,0,Unknown,12,549,90.6,3.31,5099,Low,2021,10,October,No Flood,Normal,No Rain,No Flood
2021-10-08,Satara,Maharashtra,17.6805,73.9997,1.8,Light,25.8,55.7,Post-Monsoon,0,Unknown,8,742,69.0,3.15,2780,Low,2021,10,October,No Flood,Normal,Light,No Flood
2021-10-09,Kolhapur,Maharashtra,16.705,74.2433,0.0,No Rain,30.2,61.4,Post-Monsoon,0,Unknown,13,569,68.1,3.65,6018,Low,2021,10,October,No Flood,Normal,No Rain,No Flood
2021-10-09,Pune,Maharashtra,18.5204,73.8567,0.0,No Rain,28.0,69.8,Post-Monsoon,0,Unknown,10,560,69.5,2.5,9757,Low,2021,10,October,No Flood,Normal,No Rain,No Flood
2021-10-10,Jalgaon,Maharashtra,21.0077,75.5626,0.0,No Rain,27.5,55.1,Post-Monsoon,0,Unknown,5,209,64.3,2.47,3336,Low,2021,10,October,No Flood,Normal,No Rain,No Flood
2021-10-11,Pune,Maharashtra,18.5204,73.8567,0.0,No Rain,27.7,68.5,Post-Monsoon,0,Unknown,10,560,86.6,3.02,9766,Low,2021,10,October,No Flood,Normal,No Rain,No Flood
2021-10-11,Raigad,Maharashtra,18.5158,73.1822,5.8,Light,27.9,59.2,Post-Monsoon,0,Unknown,15,45,162.8,2.09,1857,Low,2021,10,October,No Flood,Normal,Light,No Flood
2021-10-11,Nagpur,Maharashtra,21.1458,79.0882,0.0,No Rain,29.1,62.2,Post-Monsoon,0,Unknown,7,310,85.5,2.59,5286,Low,2021,10,October,No Flood,Normal,No Rain,No Flood
2021-10-12,Mumbai,Maharashtra,19.076,72.8777,8.9,Moderate,27.2,62.4,Post-Monsoon,0,Unknown,19,8,142.7,2.75,21759,Moderate,2021,10,October,No Flood,Normal,Light,No Flood
2021-10-14,Mumbai,Maharashtra,19.076,72.8777,0.0,No Rain,30.1,62.2,Post-Monsoon,0,Unknown,19,8,59.4,1.71,21734,Low,2021,10,October,No Flood,Normal,No Rain,No Flood
2021-10-14,Nashik,Maharashtra,19.9975,73.7898,0.0,No Rain,26.7,69.7,Post-Monsoon,0,Unknown,7,600,70.5,3.16,4269,Low,2021,10,October,No Flood,Normal,No Rain,No Flood
2021-10-14,Pune,Maharashtra,18.5204,73.8567,0.0,No Rain,25.2,71.8,Post-Monsoon,0,Unknown,10,560,68.9,2.73,9709,Low,2021,10,October,No Flood,Normal,No Rain,No Flood
2021-10-16,Pune,Maharashtra,18.5204,73.8567,0.0,No Rain,26.5,81.4,Post-Monsoon,0,Unknown,10,560,58.3,2.32,9763,Low,2021,10,October,No Flood,Normal,No Rain,No Flood
2021-10-18,Satara,Maharashtra,17.6805,73.9997,2.4,Light,22.1,65.5,Post-Monsoon,0,Unknown,8,742,93.0,3.73,2826,Low,2021,10,October,No Flood,Normal,Light,No Flood
2021-10-19,Kolhapur,Maharashtra,16.705,74.2433,7.6,Moderate,26.3,66.7,Post-Monsoon,0,Unknown,13,569,167.6,5.71,5990,Moderate,2021,10,October,No Flood,Normal,Light,No Flood
2021-10-20,Jalgaon,Maharashtra,21.0077,75.5626,3.1,Light,28.5,69.5,Post-Monsoon,0,Unknown,5,209,52.0,2.2,3306,Low,2021,10,October,No Flood,Normal,Light,No Flood
2021-10-20,Solapur,Maharashtra,17.6599,75.9064,0.0,No Rain,23.7,52.0,Post-Monsoon,0,Unknown,6,458,44.1,2.44,3936,Low,2021,10,October,No Flood,Normal,No Rain,No Flood
2021-10-21,Nagpur,Maharashtra,21.1458,79.0882,0.0,No Rain,29.5,71.6,Post-Monsoon,0,Unknown,7,310,80.7,2.55,5274,Low,2021,10,October,No Flood,Normal,No Rain,No Flood
2021-10-23,Belagavi,Karnataka,15.8497,74.4977,0.3,Light,28.4,55.6,Post-Monsoon,0,Unknown,9,762,59.1,3.1,3220,Low,2021,10,October,No Flood,Normal,Light,No Flood
2021-10-24,Pune,Maharashtra,18.5204,73.8567,0.0,No Rain,26.1,72.6,Post-Monsoon,0,Unknown,10,560,96.2,3.49,9727,Low,2021,10,October,No Flood,Normal,No Rain,No Flood
2021-10-25,Pune,Maharashtra,18.5204,73.8567,0.0,No Rain,25.3,61.4,Post-Monsoon,0,Unknown,10,560,80.1,2.88,9742,Low,2021,10,October,No Flood,Normal,No Rain,No Flood
2021-10-26,Panaji,Goa,15.4909,73.8278,0.0,No Rain,26.4,47.6,Post-Monsoon,0,Unknown,8,7,85.1,1.64,2394,Low,2021,10,October,No Flood,Normal,No Rain,No Flood
2021-10-27,Kolhapur,Maharashtra,16.705,74.2433,0.7,Light,26.1,65.8,Post-Monsoon,0,Unknown,13,569,77.3,3.57,6011,Low,2021,10,October,No Flood,Normal,Light,No Flood
2021-10-27,Ratnagiri,Maharashtra,16.9902,73.312,18.0,Moderate,28.5,68.3,Post-Monsoon,0,Unknown,14,11,400.6,2.75,1633,Moderate,2021,10,October,No Flood,Normal,Light,No Flood
2021-10-27,Sangli,Maharashtra,16.8524,74.5815,2.3,Light,25.5,66.2,Post-Monsoon,0,Unknown,12,549,126.7,3.89,5056,Low,2021,10,October,No Flood,Normal,Light,No Flood
2021-10-28,Raigad,Maharashtra,18.5158,73.1822,0.0,No Rain,25.3,67.5,Post-Monsoon,0,Unknown,15,45,113.3,1.89,1843,Low,2021,10,October,No Flood,Normal,No Rain,No Flood
2021-10-28,Raigad,Maharashtra,18.5158,73.1822,0.0,No Rain,26.8,54.1,Post-Monsoon,0,Unknown,15,45,122.0,1.97,1890,Low,2021,10,October,No Flood,Normal,No Rain,No Flood
2021-10-29,Mumbai,Maharashtra,19.076,72.8777,7.9,Moderate,27.2,80.2,Post-Monsoon,0,Unknown,19,8,177.0,2.86,21761,Moderate,2021,10,October,No Flood,Normal,Light,No Flood
2021-10-30,Satara,Maharashtra,17.6805,73.9997,0.0,No Rain,30.2,47.3,Post-Monsoon,0,Unknown,8,742,78.0,3.56,2805,Low,2021,10,October,No Flood,Normal,No Rain,No Flood
2021-10-31,Kolhapur,Maharashtra,16.705,74.2433,0.0,No Rain,26.6,64.8,Post-Monsoon,0,Unknown,13,569,105.9,4.28,5979,Low,2021,10,October,No Flood,Normal,No Rain,No Flood
2021-10-31,Ratnagiri,Maharashtra,16.9902,73.312,0.0,No Rain,26.8,62.4,Post-Monsoon,0,Unknown,14,11,96.2,1.33,1658,Low,2021,10,October,No Flood,Normal,No Rain,No Flood
2021-11-01,Nagpur,Maharashtra,21.1458,79.0882,3.5,Light,27.2,72.4,Post-Monsoon,0,Unknown,7,310,100.1,2.77,5281,Low,2021,11,November,No Flood,Normal,Light,No Flood
2021-11-01,Sangli,Maharashtra,16.8524,74.5815,0.0,No Rain,25.9,63.6,Post-Monsoon,0,Unknown,12,549,97.4,3.49,5101,Low,2021,11,November,No Flood,Normal,No Rain,No Flood
2021-11-02,Satara,Maharashtra,17.6805,73.9997,0.0,No Rain,21.9,68.5,Post-Monsoon,0,Unknown,8,742,60.3,2.7,2768,Low,2021,11,November,No Flood,Normal,No Rain,No Flood
2021-11-03,Sangli,Maharashtra,16.8524,74.5815,8.7,Moderate,26.9,68.6,Post-Monsoon,0,Unknown,12,549,221.3,5.67,5059,Moderate,2021,11,November,No Flood,Normal,Light,No Flood
2021-11-04,Satara,Maharashtra,17.6805,73.9997,0.0,No Rain,23.5,56.1,Post-Monsoon,0,Unknown,8,742,53.9,3.21,2807,Low,2021,11,November,No Flood,Normal,No Rain,No Flood
2021-11-04,Nashik,Maharashtra,19.9975,73.7898,0.0,No Rain,25.7,71.6,Post-Monsoon,0,Unknown,7,600,67.2,3.31,4250,Low,2021,11,November,No Flood,Normal,No Rain,No Flood
2021-11-04,Nashik,Maharashtra,19.9975,73.7898,0.0,No Rain,20.7,71.2,Post-Monsoon,0,Unknown,7,600,15.0,1.61,4239,Low,2021,11,November,No Flood,Normal,No Rain,No Flood
2021-11-05,Kolhapur,Maharashtra,16.705,74.2433,0.0,No Rain,24.7,61.0,Post-Monsoon,0,Unknown,13,569,83.5,3.55,6000,Low,2021,11,November,No Flood,Normal,No Rain,No Flood
2021-11-11,Pune,Maharashtra,18.5204,73.8567,4.0,Light,24.8,39.3,Post-Monsoon,0,Unknown,10,560,107.5,3.18,9754,Low,2021,11,November,No Flood,Normal,Light,No Flood
2021-11-13,Jalgaon,Maharashtra,21.0077,75.5626,9.1,Moderate,19.9,55.7,Post-Monsoon,0,Unknown,5,209,133.9,3.92,3321,Low,2021,11,November,No Flood,Normal,Light,No Flood
2021-11-13,Ratnagiri,Maharashtra,16.9902,73.312,0.0,No Rain,26.3,68.0,Post-Monsoon,0,Unknown,14,11,93.6,1.75,1654,Low,2021,11,November,No Flood,Normal,No Rain,No Flood
2021-11-15,Belagavi,Karnataka,15.8497,74.4977,4.8,Light,28.2,72.2,Post-Monsoon,0,Unknown,9,762,117.7,4.13,3231,Low,2021,11,November,No Flood,Normal,Light,No Flood
2021-11-16,Belagavi,Karnataka,15.8497,74.4977,44.8,Heavy,25.0,66.8,Post-Monsoon,1,High,9,762,893.5,12.28,3221,Very High,2021,11,November,Flood,Normal,Moderate,November
2021-11-16,Kolhapur,Maharashtra,16.705,74.2433,0.0,No Rain,26.3,57.9,Post-Monsoon,0,Unknown,13,569,81.9,3.36,6019,Low,2021,11,November,No Flood,Normal,No Rain,No Flood
2021-11-17,Kolhapur,Maharashtra,16.705,74.2433,0.0,No Rain,23.5,56.0,Post-Monsoon,0,Unknown,13,569,72.5,3.71,6017,Low,2021,11,November,No Flood,Normal,No Rain,No Flood
2021-11-17,Pune,Maharashtra,18.5204,73.8567,47.3,Heavy,26.2,69.6,Post-Monsoon,0,Unknown,10,560,1088.1,10.98,9759,High,2021,11,November,No Flood,Normal,Moderate,No Flood
2021-11-17,Sangli,Maharashtra,16.8524,74.5815,0.0,No Rain,24.9,57.8,Post-Monsoon,0,Unknown,12,549,86.0,3.75,5072,Low,2021,11,November,No Flood,Normal,No Rain,No Flood
2021-11-17,Satara,Maharashtra,17.6805,73.9997,0.0,No Rain,26.4,62.3,Post-Monsoon,0,Unknown,8,742,47.7,2.88,2798,Low,2021,11,November,No Flood,Normal,No Rain,No Flood
2021-11-17,Solapur,Maharashtra,17.6599,75.9064,47.7,Heavy,26.4,71.9,Post-Monsoon,1,High,6,458,884.9,12.12,3960,Very High,2021,11,November,Flood,Normal,Moderate,November
2021-11-18,Sangli,Maharashtra,16.8524,74.5815,0.0,No Rain,27.1,79.9,Post-Monsoon,0,Unknown,12,549,95.1,3.82,5051,Low,2021,11,November,No Flood,Normal,No Rain,No Flood
2021-11-18,Satara,Maharashtra,17.6805,73.9997,0.0,No Rain,24.3,66.2,Post-Monsoon,0,Unknown,8,742,38.8,2.33,2788,Low,2021,11,November,No Flood,Normal,No Rain,No Flood
2021-11-19,Mumbai,Maharashtra,19.076,72.8777,0.0,No Rain,27.5,78.0,Post-Monsoon,0,Unknown,19,8,64.6,1.65,21744,Low,2021,11,November,No Flood,Normal,No Rain,No Flood
2021-11-21,Satara,Maharashtra,17.6805,73.9997,0.0,No Rain,26.8,69.3,Post-Monsoon,0,Unknown,8,742,69.5,3.47,2785,Low,2021,11,November,No Flood,Normal,No Rain,No Flood
2021-11-22,Pune,Maharashtra,18.5204,73.8567,10.6,Moderate,26.0,62.5,Post-Monsoon,0,Unknown,10,560,203.2,4.42,9753,Moderate,2021,11,November,No Flood,Normal,Light,No Flood
2021-11-22,Nagpur,Maharashtra,21.1458,79.0882,0.0,No Rain,24.4,58.4,Post-Monsoon,0,Unknown,7,310,101.3,2.36,5279,Low,2021,11,November,No Flood,Normal,No Rain,No Flood
2021-11-24,Pune,Maharashtra,18.5204,73.8567,0.0,No Rain,23.5,63.2,Post-Monsoon,0,Unknown,10,560,84.8,2.55,9741,Low,2021,11,November,No Flood,Normal,No Rain,No Flood
2021-11-25,Pune,Maharashtra,18.5204,73.8567,0.0,No Rain,25.2,61.2,Post-Monsoon,0,Unknown,10,560,89.7,2.77,9737,Low,2021,11,November,No Flood,Normal,No Rain,No Flood
2021-11-28,Belagavi,Karnataka,15.8497,74.4977,1.7,Light,22.9,60.2,Post-Monsoon,0,Unknown,9,762,68.6,3.45,3189,Low,2021,11,November,No Flood,Normal,Light,No Flood
2021-11-28,Raigad,Maharashtra,18.5158,73.1822,1.5,Light,26.1,65.9,Post-Monsoon,0,Unknown,15,45,87.4,1.68,1848,Low,2021,11,November,No Flood,Normal,Light,No Flood
2021-11-30,Kolhapur,Maharashtra,16.705,74.2433,0.0,No Rain,29.1,52.7,Post-Monsoon,0,Unknown,13,569,83.4,3.44,6001,Low,2021,11,November,No Flood,Normal,No Rain,No Flood
2021-12-02,Nashik,Maharashtra,19.9975,73.7898,0.0,No Rain,25.9,64.6,Winter,0,Unknown,7,600,83.6,3.19,4234,Low,2021,12,December,No Flood,Normal,No Rain,No Flood
2021-12-05,Pune,Maharashtra,18.5204,73.8567,3.0,Light,23.8,70.8,Winter,0,Unknown,10,560,97.3,3.01,9709,Low,2021,12,December,No Flood,Normal,Light,No Flood
2021-12-05,Nagpur,Maharashtra,21.1458,79.0882,1.9,Light,26.5,72.1,Winter,0,Unknown,7,310,117.7,3.16,5254,Low,2021,12,December,No Flood,Normal,Light,No Flood
2021-12-05,Mumbai,Maharashtra,19.076,72.8777,0.0,No Rain,31.1,71.8,Winter,0,Unknown,19,8,54.2,1.0,21785,Low,2021,12,December,No Flood,Normal,No Rain,No Flood
2021-12-06,Mumbai,Maharashtra,19.076,72.8777,3.7,Light,28.9,68.9,Winter,0,Unknown,19,8,94.8,1.5,21745,Low,2021,12,December,No Flood,Normal,Light,No Flood
2021-12-08,Kolhapur,Maharashtra,16.705,74.2433,3.4,Light,25.9,45.7,Winter,0,Unknown,13,569,131.6,5.0,6004,Low,2021,12,December,No Flood,Normal,Light,No Flood
2021-12-08,Kolhapur,Maharashtra,16.705,74.2433,0.6,Light,28.3,67.1,Winter,0,Unknown,13,569,89.4,3.89,6001,Low,2021,12,December,No Flood,Normal,Light,No Flood
2021-12-10,Nashik,Maharashtra,19.9975,73.7898,0.0,No Rain,23.2,45.7,Winter,0,Unknown,7,600,63.4,3.13,4225,Low,2021,12,December,No Flood,Normal,No Rain,No Flood
2021-12-11,Solapur,Maharashtra,17.6599,75.9064,0.0,No Rain,28.7,74.1,Winter,0,Unknown,6,458,40.8,2.06,3943,Low,2021,12,December,No Flood,Normal,No Rain,No Flood
2021-12-12,Raigad,Maharashtra,18.5158,73.1822,0.0,No Rain,25.3,61.0,Winter,0,Unknown,15,45,79.7,1.79,1873,Low,2021,12,December,No Flood,Normal,No Rain,No Flood
2021-12-14,Ratnagiri,Maharashtra,16.9902,73.312,0.0,No Rain,25.5,68.9,Winter,0,Unknown,14,11,115.8,1.51,1673,Low,2021,12,December,No Flood,Normal,No Rain,No Flood
2021-12-16,Kolhapur,Maharashtra,16.705,74.2433,20.8,Moderate,27.3,73.4,Winter,0,Unknown,13,569,479.0,9.98,6011,Moderate,2021,12,December,No Flood,Normal,Moderate,No Flood
2021-12-18,Belagavi,Karnataka,15.8497,74.4977,0.0,No Rain,22.8,78.0,Winter,0,Unknown,9,762,97.0,3.84,3199,Low,2021,12,December,No Flood,Normal,No Rain,No Flood
2021-12-19,Kolhapur,Maharashtra,16.705,74.2433,6.4,Light,20.8,47.2,Winter,0,Unknown,13,569,137.7,4.88,6013,Low,2021,12,December,No Flood,Normal,Light,No Flood
2021-12-19,Mumbai,Maharashtra,19.076,72.8777,7.0,Light,22.2,63.6,Winter,0,Unknown,19,8,119.4,2.41,21729,Low,2021,12,December,No Flood,Normal,Light,No Flood
2021-12-20,Jalgaon,Maharashtra,21.0077,75.5626,0.0,No Rain,24.9,57.2,Winter,0,Unknown,5,209,46.4,2.19,3343,Low,2021,12,December,No Flood,Normal,No Rain,No Flood
2021-12-20,Raigad,Maharashtra,18.5158,73.1822,2.7,Light,26.2,56.0,Winter,0,Unknown,15,45,114.9,2.05,1844,Low,2021,12,December,No Flood,Normal,Light,No Flood
2021-12-24,Sangli,Maharashtra,16.8524,74.5815,2.1,Light,24.6,55.0,Winter,0,Unknown,12,549,134.1,4.55,5075,Low,2021,12,December,No Flood,Normal,Light,No Flood
2021-12-24,Satara,Maharashtra,17.6805,73.9997,0.0,No Rain,26.4,63.2,Winter,0,Unknown,8,742,53.9,2.51,2786,Low,2021,12,December,No Flood,Normal,No Rain,No Flood
2021-12-31,Belagavi,Karnataka,15.8497,74.4977,0.0,No Rain,22.7,63.6,Winter,0,Unknown,9,762,66.7,3.21,3206,Low,2021,12,December,No Flood,Normal,No Rain,No Flood
2022-01-01,Pune,Maharashtra,18.5204,73.8567,0.0,No Rain,15.1,53.1,Winter,0,Unknown,11,560,71.2,2.64,9847,Low,2022,1,January,No Flood,Normal,No Rain,No Flood
2022-01-01,Sangli,Maharashtra,16.8524,74.5815,0.9,Light,19.6,58.0,Winter,0,Unknown,13,549,99.6,3.69,5125,Low,2022,1,January,No Flood,Normal,Light,No Flood
2022-01-02,Mumbai,Maharashtra,19.076,72.8777,0.0,No Rain,19.0,41.2,Winter,0,Unknown,20,8,73.5,1.89,22013,Low,2022,1,January,No Flood,Normal,No Rain,No Flood
2022-01-03,Ratnagiri,Maharashtra,16.9902,73.312,0.0,No Rain,22.5,38.6,Winter,0,Unknown,15,11,103.2,1.52,1669,Low,2022,1,January,No Flood,Normal,No Rain,No Flood
2022-01-03,Sangli,Maharashtra,16.8524,74.5815,0.0,No Rain,20.7,47.8,Winter,0,Unknown,13,549,103.0,4.33,5124,Low,2022,1,January,No Flood,Normal,No Rain,No Flood
2022-01-05,Jalgaon,Maharashtra,21.0077,75.5626,0.0,No Rain,16.5,49.2,Winter,0,Unknown,6,209,56.3,2.92,3363,Low,2022,1,January,No Flood,Normal,No Rain,No Flood
2022-01-05,Kolhapur,Maharashtra,16.705,74.2433,0.0,No Rain,20.1,54.8,Winter,0,Unknown,14,569,78.9,3.75,6060,Low,2022,1,January,No Flood,Normal,No Rain,No Flood
2022-01-05,Nagpur,Maharashtra,21.1458,79.0882,0.1,Light,20.2,51.0,Winter,0,Unknown,8,310,95.9,2.97,5351,Low,2022,1,January,No Flood,Normal,Light,No Flood
2022-01-10,Pune,Maharashtra,18.5204,73.8567,0.0,No Rain,17.7,43.0,Winter,0,Unknown,11,560,73.6,2.42,9862,Low,2022,1,January,No Flood,Normal,No Rain,No Flood
2022-01-11,Mumbai,Maharashtra,19.076,72.8777,0.0,No Rain,20.1,43.7,Winter,0,Unknown,20,8,70.3,1.81,21993,Low,2022,1,January,No Flood,Normal,No Rain,No Flood
2022-01-11,Sangli,Maharashtra,16.8524,74.5815,0.0,No Rain,17.9,51.4,Winter,0,Unknown,13,549,81.9,3.44,5121,Low,2022,1,January,No Flood,Normal,No Rain,No Flood
2022-01-16,Satara,Maharashtra,17.6805,73.9997,0.0,No Rain,18.7,45.9,Winter,0,Unknown,9,742,49.7,2.49,2826,Low,2022,1,January,No Flood,Normal,No Rain,No Flood
2022-01-18,Raigad,Maharashtra,18.5158,73.1822,0.0,No Rain,21.1,38.8,Winter,0,Unknown,16,45,82.9,1.78,1884,Low,2022,1,January,No Flood,Normal,No Rain,No Flood
2022-01-19,Mumbai,Maharashtra,19.076,72.8777,0.0,No Rain,18.9,67.3,Winter,0,Unknown,20,8,66.2,1.09,22016,Low,2022,1,January,No Flood,Normal,No Rain,No Flood
2022-01-19,Pune,Maharashtra,18.5204,73.8567,0.0,No Rain,20.7,42.8,Winter,0,Unknown,11,560,75.6,2.45,9830,Low,2022,1,January,No Flood,Normal,No Rain,No Flood
2022-01-19,Sangli,Maharashtra,16.8524,74.5815,0.0,No Rain,18.5,52.1,Winter,0,Unknown,13,549,105.2,3.7,5155,Low,2022,1,January,No Flood,Normal,No Rain,No Flood
2022-01-20,Panaji,Goa,15.4909,73.8278,0.0,No Rain,19.4,51.8,Winter,0,Unknown,9,7,88.9,1.45,2428,Low,2022,1,January,No Flood,Normal,No Rain,No Flood
2022-01-20,Nagpur,Maharashtra,21.1458,79.0882,0.0,No Rain,24.8,51.3,Winter,0,Unknown,8,310,79.8,2.25,5320,Low,2022,1,January,No Flood,Normal,No Rain,No Flood
2022-01-23,Kolhapur,Maharashtra,16.705,74.2433,0.0,No Rain,14.5,54.0,Winter,0,Unknown,14,569,48.1,2.93,6089,Low,2022,1,January,No Flood,Normal,No Rain,No Flood
2022-01-23,Nashik,Maharashtra,19.9975,73.7898,0.0,No Rain,22.0,49.9,Winter,0,Unknown,8,600,102.4,3.61,4318,Low,2022,1,January,No Flood,Normal,No Rain,No Flood
2022-01-23,Pune,Maharashtra,18.5204,73.8567,0.2,Light,16.8,57.0,Winter,0,Unknown,11,560,72.8,2.81,9841,Low,2022,1,January,No Flood,Normal,Light,No Flood
2022-01-24,Ratnagiri,Maharashtra,16.9902,73.312,0.0,No Rain,23.8,37.9,Winter,0,Unknown,15,11,83.8,1.08,1677,Low,2022,1,January,No Flood,Normal,No Rain,No Flood
2022-01-25,Pune,Maharashtra,18.5204,73.8567,0.0,No Rain,18.8,57.7,Winter,0,Unknown,11,560,69.4,2.39,9874,Low,2022,1,January,No Flood,Normal,No Rain,No Flood
2022-02-01,Nashik,Maharashtra,19.9975,73.7898,0.0,No Rain,19.4,60.7,Winter,0,Unknown,8,600,83.4,3.09,4311,Low,2022,2,February,No Flood,Normal,No Rain,No Flood
2022-02-04,Mumbai,Maharashtra,19.076,72.8777,0.0,No Rain,18.9,53.6,Winter,0,Unknown,20,8,55.5,1.17,21985,Low,2022,2,February,No Flood,Normal,No Rain,No Flood
2022-02-07,Kolhapur,Maharashtra,16.705,74.2433,0.0,No Rain,19.9,47.2,Winter,0,Unknown,14,569,96.1,4.38,6090,Low,2022,2,February,No Flood,Normal,No Rain,No Flood
2022-02-07,Belagavi,Karnataka,15.8497,74.4977,0.0,No Rain,19.0,57.2,Winter,0,Unknown,10,762,86.3,3.71,3222,Low,2022,2,February,No Flood,Normal,No Rain,No Flood
2022-02-09,Mumbai,Maharashtra,19.076,72.8777,0.0,No Rain,21.3,52.8,Winter,0,Unknown,20,8,42.7,0.92,22011,Low,2022,2,February,No Flood,Normal,No Rain,No Flood
2022-02-09,Pune,Maharashtra,18.5204,73.8567,0.0,No Rain,18.1,41.8,Winter,0,Unknown,11,560,77.8,2.76,9860,Low,2022,2,February,No Flood,Normal,No Rain,No Flood
2022-02-09,Sangli,Maharashtra,16.8524,74.5815,0.0,No Rain,18.3,49.0,Winter,0,Unknown,13,549,121.5,4.7,5143,Low,2022,2,February,No Flood,Normal,No Rain,No Flood
2022-02-10,Satara,Maharashtra,17.6805,73.9997,0.0,No Rain,18.6,44.7,Winter,0,Unknown,9,742,68.3,3.06,2856,Low,2022,2,February,No Flood,Normal,No Rain,No Flood
2022-02-10,Satara,Maharashtra,17.6805,73.9997,0.0,No Rain,19.8,47.9,Winter,0,Unknown,9,742,74.2,3.46,2839,Low,2022,2,February,No Flood,Normal,No Rain,No Flood
2022-02-11,Raigad,Maharashtra,18.5158,73.1822,0.0,No Rain,25.6,56.9,Winter,0,Unknown,16,45,84.5,1.83,1892,Low,2022,2,February,No Flood,Normal,No Rain,No Flood
2022-02-12,Pune,Maharashtra,18.5204,73.8567,0.0,No Rain,17.4,40.2,Winter,0,Unknown,11,560,68.1,2.5,9858,Low,2022,2,February,No Flood,Normal,No Rain,No Flood
2022-02-12,Panaji,Goa,15.4909,73.8278,0.0,No Rain,21.6,42.7,Winter,0,Unknown,9,7,65.2,1.24,2407,Low,2022,2,February,No Flood,Normal,No Rain,No Flood
2022-02-12,Satara,Maharashtra,17.6805,73.9997,0.0,No Rain,20.4,46.3,Winter,0,Unknown,9,742,42.1,2.74,2805,Low,2022,2,February,No Flood,Normal,No Rain,No Flood
2022-02-14,Satara,Maharashtra,17.6805,73.9997,0.0,No Rain,17.7,39.0,Winter,0,Unknown,9,742,74.8,3.93,2847,Low,2022,2,February,No Flood,Normal,No Rain,No Flood
2022-02-14,Kolhapur,Maharashtra,16.705,74.2433,0.0,No Rain,18.5,32.7,Winter,0,Unknown,14,569,76.8,3.53,6064,Low,2022,2,February,No Flood,Normal,No Rain,No Flood
2022-02-19,Sangli,Maharashtra,16.8524,74.5815,0.0,No Rain,19.3,47.2,Winter,0,Unknown,13,549,105.9,3.31,5155,Low,2022,2,February,No Flood,Normal,No Rain,No Flood
2022-02-20,Mumbai,Maharashtra,19.076,72.8777,0.0,No Rain,15.5,44.2,Winter,0,Unknown,20,8,62.8,1.71,22025,Low,2022,2,February,No Flood,Normal,No Rain,No Flood
2022-02-21,Mumbai,Maharashtra,19.076,72.8777,0.0,No Rain,20.5,39.3,Winter,0,Unknown,20,8,52.6,0.92,22023,Low,2022,2,February,No Flood,Normal,No Rain,No Flood
2022-02-23,Panaji,Goa,15.4909,73.8278,0.0,No Rain,19.6,49.3,Winter,0,Unknown,9,7,94.2,1.31,2383,Low,2022,2,February,No Flood,Normal,No Rain,No Flood
2022-02-23,Panaji,Goa,15.4909,73.8278,1.3,Light,25.2,52.9,Winter,0,Unknown,9,7,100.1,1.76,2392,Low,2022,2,February,No Flood,Normal,Light,No Flood
2022-02-24,Ratnagiri,Maharashtra,16.9902,73.312,0.0,No Rain,22.6,53.3,Winter,0,Unknown,15,11,76.8,1.19,1688,Low,2022,2,February,No Flood,Normal,No Rain,No Flood
2022-02-25,Nashik,Maharashtra,19.9975,73.7898,0.0,No Rain,17.2,42.8,Winter,0,Unknown,8,600,74.4,3.39,4311,Low,2022,2,February,No Flood,Normal,No Rain,No Flood
2022-02-25,Sangli,Maharashtra,16.8524,74.5815,0.0,No Rain,23.3,47.6,Winter,0,Unknown,13,549,96.4,3.49,5155,Low,2022,2,February,No Flood,Normal,No Rain,No Flood
2022-03-01,Sangli,Maharashtra,16.8524,74.5815,0.0,No Rain,33.3,49.6,Summer,0,Unknown,13,549,102.8,3.78,5143,Low,2022,3,March,No Flood,Normal,No Rain,No Flood
2022-03-03,Satara,Maharashtra,17.6805,73.9997,0.0,No Rain,32.7,32.6,Summer,0,Unknown,9,742,42.2,2.53,2804,Low,2022,3,March,No Flood,Normal,No Rain,No Flood
2022-03-05,Nashik,Maharashtra,19.9975,73.7898,0.0,No Rain,32.6,42.8,Summer,0,Unknown,8,600,65.9,2.29,4300,Low,2022,3,March,No Flood,Normal,No Rain,No Flood
2022-03-05,Nashik,Maharashtra,19.9975,73.7898,0.0,No Rain,34.9,42.6,Summer,0,Unknown,8,600,58.3,2.88,4283,Low,2022,3,March,No Flood,Normal,No Rain,No Flood
2022-03-09,Satara,Maharashtra,17.6805,73.9997,0.0,No Rain,29.1,35.8,Summer,0,Unknown,9,742,48.6,2.24,2800,Low,2022,3,March,No Flood,Normal,No Rain,No Flood
2022-03-12,Pune,Maharashtra,18.5204,73.8567,0.0,No Rain,35.9,40.4,Summer,0,Unknown,11,560,101.4,3.13,9841,Low,2022,3,March,No Flood,Normal,No Rain,No Flood
2022-03-16,Kolhapur,Maharashtra,16.705,74.2433,0.0,No Rain,33.2,41.8,Summer,0,Unknown,14,569,83.0,4.25,6082,Low,2022,3,March,No Flood,Normal,No Rain,No Flood
2022-03-17,Pune,Maharashtra,18.5204,73.8567,0.0,No Rain,35.5,43.2,Summer,0,Unknown,11,560,72.6,2.63,9876,Low,2022,3,March,No Flood,Normal,No Rain,No Flood
2022-03-17,Sangli,Maharashtra,16.8524,74.5815,1.7,Light,32.1,49.6,Summer,0,Unknown,13,549,107.1,3.98,5162,Low,2022,3,March,No Flood,Normal,Light,No Flood
2022-03-19,Solapur,Maharashtra,17.6599,75.9064,0.0,No Rain,30.8,35.7,Summer,0,Unknown,7,458,58.6,3.0,4002,Low,2022,3,March,No Flood,Normal,No Rain,No Flood
2022-03-21,Ratnagiri,Maharashtra,16.9902,73.312,0.0,No Rain,28.9,42.4,Summer,0,Unknown,15,11,85.6,1.48,1702,Low,2022,3,March,No Flood,Normal,No Rain,No Flood
2022-03-21,Raigad,Maharashtra,18.5158,73.1822,0.3,Light,35.8,31.0,Summer,0,Unknown,16,45,82.9,1.99,1893,Low,2022,3,March,No Flood,Normal,Light,No Flood
2022-03-22,Nagpur,Maharashtra,21.1458,79.0882,0.0,No Rain,39.3,39.8,Summer,0,Unknown,8,310,87.9,2.98,5332,Low,2022,3,March,No Flood,Normal,No Rain,No Flood
2022-03-23,Mumbai,Maharashtra,19.076,72.8777,1.7,Light,35.0,38.7,Summer,0,Unknown,20,8,59.5,1.27,21989,Low,2022,3,March,No Flood,Normal,Light,No Flood
2022-03-25,Kolhapur,Maharashtra,16.705,74.2433,0.0,No Rain,32.9,31.3,Summer,0,Unknown,14,569,64.5,3.4,6064,Low,2022,3,March,No Flood,Normal,No Rain,No Flood
2022-03-25,Sangli,Maharashtra,16.8524,74.5815,0.0,No Rain,31.4,37.6,Summer,0,Unknown,13,549,105.2,3.82,5160,Low,2022,3,March,No Flood,Normal,No Rain,No Flood
2022-03-26,Nashik,Maharashtra,19.9975,73.7898,0.0,No Rain,34.7,35.7,Summer,0,Unknown,8,600,54.7,2.18,4290,Low,2022,3,March,No Flood,Normal,No Rain,No Flood
2022-03-28,Kolhapur,Maharashtra,16.705,74.2433,0.0,No Rain,40.9,42.1,Summer,0,Unknown,14,569,60.0,3.19,6067,Low,2022,3,March,No Flood,Normal,No Rain,No Flood
2022-03-29,Pune,Maharashtra,18.5204,73.8567,0.0,No Rain,29.5,39.8,Summer,0,Unknown,11,560,100.4,3.2,9823,Low,2022,3,March,No Flood,Normal,No Rain,No Flood
2022-03-30,Pune,Maharashtra,18.5204,73.8567,0.7,Light,34.5,43.5,Summer,0,Unknown,11,560,70.7,2.66,9835,Low,2022,3,March,No Flood,Normal,Light,No Flood
2022-03-30,Ratnagiri,Maharashtra,16.9902,73.312,0.0,No Rain,38.0,47.3,Summer,0,Unknown,15,11,87.3,1.93,1684,Low,2022,3,March,No Flood,Normal,No Rain,No Flood
2022-03-31,Mumbai,Maharashtra,19.076,72.8777,0.0,No Rain,34.2,42.0,Summer,0,Unknown,20,8,63.6,0.91,21983,Low,2022,3,March,No Flood,Normal,No Rain,No Flood
2022-04-01,Mumbai,Maharashtra,19.076,72.8777,0.0,No Rain,36.0,39.3,Summer,0,Unknown,20,8,43.8,1.34,22029,Low,2022,4,April,No Flood,Normal,No Rain,No Flood
2022-04-01,Raigad,Maharashtra,18.5158,73.1822,0.0,No Rain,40.1,34.6,Summer,0,Unknown,16,45,131.1,1.93,1890,Low,2022,4,April,No Flood,Normal,No Rain,No Flood
2022-04-01,Satara,Maharashtra,17.6805,73.9997,0.0,No Rain,32.4,59.6,Summer,0,Unknown,9,742,71.6,3.37,2837,Low,2022,4,April,No Flood,Normal,No Rain,No Flood
2022-04-03,Mumbai,Maharashtra,19.076,72.8777,0.9,Light,35.0,45.9,Summer,0,Unknown,20,8,64.6,1.92,21986,Low,2022,4,April,No Flood,Normal,Light,No Flood
2022-04-09,Nashik,Maharashtra,19.9975,73.7898,0.0,No Rain,34.3,33.8,Summer,0,Unknown,8,600,61.7,2.72,4310,Low,2022,4,April,No Flood,Normal,No Rain,No Flood
2022-04-10,Raigad,Maharashtra,18.5158,73.1822,0.0,No Rain,31.6,46.9,Summer,0,Unknown,16,45,73.9,1.57,1869,Low,2022,4,April,No Flood,Normal,No Rain,No Flood
2022-04-11,Panaji,Goa,15.4909,73.8278,0.0,No Rain,36.6,39.6,Summer,0,Unknown,9,7,76.7,1.66,2439,Low,2022,4,April,No Flood,Normal,No Rain,No Flood
2022-04-12,Raigad,Maharashtra,18.5158,73.1822,0.0,No Rain,31.6,41.1,Summer,0,Unknown,16,45,117.2,1.92,1876,Low,2022,4,April,No Flood,Normal,No Rain,No Flood
2022-04-13,Kolhapur,Maharashtra,16.705,74.2433,0.0,No Rain,33.4,60.6,Summer,0,Unknown,14,569,78.4,3.81,6089,Low,2022,4,April,No Flood,Normal,No Rain,No Flood
2022-04-14,Nagpur,Maharashtra,21.1458,79.0882,0.0,No Rain,35.8,43.4,Summer,0,Unknown,8,310,97.0,2.98,5372,Low,2022,4,April,No Flood,Normal,No Rain,No Flood
2022-04-17,Solapur,Maharashtra,17.6599,75.9064,0.0,No Rain,38.3,36.5,Summer,0,Unknown,7,458,20.2,1.54,3979,Low,2022,4,April,No Flood,Normal,No Rain,No Flood
2022-04-18,Nagpur,Maharashtra,21.1458,79.0882,0.0,No Rain,32.4,33.9,Summer,0,Unknown,8,310,75.9,2.17,5336,Low,2022,4,April,No Flood,Normal,No Rain,No Flood
2022-04-18,Satara,Maharashtra,17.6805,73.9997,0.0,No Rain,27.1,40.1,Summer,0,Unknown,9,742,77.6,3.66,2858,Low,2022,4,April,No Flood,Normal,No Rain,No Flood
2022-04-22,Belagavi,Karnataka,15.8497,74.4977,0.0,No Rain,39.1,49.2,Summer,0,Unknown,10,762,75.3,3.19,3257,Low,2022,4,April,No Flood,Normal,No Rain,No Flood
2022-04-23,Pune,Maharashtra,18.5204,73.8567,0.0,No Rain,31.1,50.0,Summer,0,Unknown,11,560,73.2,2.86,9850,Low,2022,4,April,No Flood,Normal,No Rain,No Flood
2022-04-24,Kolhapur,Maharashtra,16.705,74.2433,0.0,No Rain,31.1,45.1,Summer,0,Unknown,14,569,66.7,3.63,6091,Low,2022,4,April,No Flood,Normal,No Rain,No Flood
2022-04-27,Mumbai,Maharashtra,19.076,72.8777,1.2,Light,32.9,42.3,Summer,0,Unknown,20,8,103.5,1.72,22012,Low,2022,4,April,No Flood,Normal,Light,No Flood
2022-04-27,Nashik,Maharashtra,19.9975,73.7898,0.0,No Rain,34.8,43.7,Summer,0,Unknown,8,600,75.9,3.03,4312,Low,2022,4,April,No Flood,Normal,No Rain,No Flood
2022-04-29,Mumbai,Maharashtra,19.076,72.8777,0.0,No Rain,29.4,29.8,Summer,0,Unknown,20,8,63.3,1.44,22037,Low,2022,4,April,No Flood,Normal,No Rain,No Flood
2022-04-30,Sangli,Maharashtra,16.8524,74.5815,0.0,No Rain,38.5,35.8,Summer,0,Unknown,13,549,131.9,4.16,5133,Low,2022,4,April,No Flood,Normal,No Rain,No Flood
2022-05-04,Nashik,Maharashtra,19.9975,73.7898,0.0,No Rain,34.4,41.0,Summer,0,Unknown,8,600,32.6,1.92,4321,Low,2022,5,May,No Flood,Normal,No Rain,No Flood
2022-05-06,Kolhapur,Maharashtra,16.705,74.2433,0.0,No Rain,36.3,42.3,Summer,0,Unknown,14,569,90.4,3.72,6098,Low,2022,5,May,No Flood,Normal,No Rain,No Flood
2022-05-07,Raigad,Maharashtra,18.5158,73.1822,0.0,No Rain,31.7,40.9,Summer,0,Unknown,16,45,110.4,1.75,1878,Low,2022,5,May,No Flood,Normal,No Rain,No Flood
2022-05-09,Pune,Maharashtra,18.5204,73.8567,0.0,No Rain,33.4,44.3,Summer,0,Unknown,11,560,83.5,2.98,9857,Low,2022,5,May,No Flood,Normal,No Rain,No Flood
2022-05-10,Nagpur,Maharashtra,21.1458,79.0882,0.0,No Rain,37.8,49.6,Summer,0,Unknown,8,310,57.4,1.89,5334,Low,2022,5,May,No Flood,Normal,No Rain,No Flood
2022-05-10,Pune,Maharashtra,18.5204,73.8567,0.0,No Rain,32.4,41.9,Summer,0,Unknown,11,560,65.8,2.49,9824,Low,2022,5,May,No Flood,Normal,No Rain,No Flood
2022-05-10,Satara,Maharashtra,17.6805,73.9997,0.0,No Rain,33.6,52.7,Summer,0,Unknown,9,742,85.3,3.5,2820,Low,2022,5,May,No Flood,Normal,No Rain,No Flood
2022-05-12,Mumbai,Maharashtra,19.076,72.8777,0.0,No Rain,35.4,33.1,Summer,0,Unknown,20,8,82.6,1.98,22029,Low,2022,5,May,No Flood,Normal,No Rain,No Flood
2022-05-12,Kolhapur,Maharashtra,16.705,74.2433,0.0,No Rain,32.3,33.5,Summer,0,Unknown,14,569,71.5,3.48,6060,Low,2022,5,May,No Flood,Normal,No Rain,No Flood
2022-05-14,Satara,Maharashtra,17.6805,73.9997,0.0,No Rain,36.7,39.7,Summer,0,Unknown,9,742,71.3,3.34,2852,Low,2022,5,May,No Flood,Normal,No Rain,No Flood
2022-05-15,Panaji,Goa,15.4909,73.8278,0.0,No Rain,40.5,44.3,Summer,0,Unknown,9,7,59.6,1.43,2414,Low,2022,5,May,No Flood,Normal,No Rain,No Flood
2022-05-15,Raigad,Maharashtra,18.5158,73.1822,0.0,No Rain,40.2,46.5,Summer,0,Unknown,16,45,99.0,1.43,1871,Low,2022,5,May,No Flood,Normal,No Rain,No Flood
2022-05-16,Kolhapur,Maharashtra,16.705,74.2433,0.0,No Rain,33.6,43.4,Summer,0,Unknown,14,569,94.3,4.3,6065,Low,2022,5,May,No Flood,Normal,No Rain,No Flood
2022-05-16,Satara,Maharashtra,17.6805,73.9997,0.0,No Rain,33.8,18.6,Summer,0,Unknown,9,742,92.6,3.6,2837,Low,2022,5,May,No Flood,Normal,No Rain,No Flood
2022-05-17,Kolhapur,Maharashtra,16.705,74.2433,2.0,Light,29.4,43.5,Summer,0,Unknown,14,569,95.2,3.77,6077,Low,2022,5,May,No Flood,Normal,Light,No Flood
2022-05-17,Ratnagiri,Maharashtra,16.9902,73.312,0.0,No Rain,34.2,41.2,Summer,0,Unknown,15,11,88.1,1.84,1674,Low,2022,5,May,No Flood,Normal,No Rain,No Flood
2022-05-17,Sangli,Maharashtra,16.8524,74.5815,0.0,No Rain,36.7,47.7,Summer,0,Unknown,13,549,89.4,3.77,5119,Low,2022,5,May,No Flood,Normal,No Rain,No Flood
2022-05-18,Sangli,Maharashtra,16.8524,74.5815,0.0,No Rain,31.7,48.6,Summer,0,Unknown,13,549,91.2,3.77,5160,Low,2022,5,May,No Flood,Normal,No Rain,No Flood
2022-05-19,Pune,Maharashtra,18.5204,73.8567,0.0,No Rain,31.7,27.9,Summer,0,Unknown,11,560,99.7,3.24,9824,Low,2022,5,May,No Flood,Normal,No Rain,No Flood
2022-05-21,Kolhapur,Maharashtra,16.705,74.2433,0.0,No Rain,39.6,44.3,Summer,0,Unknown,14,569,89.0,3.54,6095,Low,2022,5,May,No Flood,Normal,No Rain,No Flood
2022-05-22,Ratnagiri,Maharashtra,16.9902,73.312,0.0,No Rain,34.2,35.4,Summer,0,Unknown,15,11,90.0,1.37,1692,Low,2022,5,May,No Flood,Normal,No Rain,No Flood
2022-05-24,Mumbai,Maharashtra,19.076,72.8777,0.0,No Rain,35.4,36.8,Summer,0,Unknown,20,8,43.3,1.41,22029,Low,2022,5,May,No Flood,Normal,No Rain,No Flood
2022-05-25,Nagpur,Maharashtra,21.1458,79.0882,0.0,No Rain,29.9,26.2,Summer,0,Unknown,8,310,52.7,1.93,5337,Low,2022,5,May,No Flood,Normal,No Rain,No Flood
2022-05-25,Satara,Maharashtra,17.6805,73.9997,1.9,Light,37.0,47.1,Summer,0,Unknown,9,742,78.8,3.54,2812,Low,2022,5,May,No Flood,Normal,Light,No Flood
2022-05-26,Satara,Maharashtra,17.6805,73.9997,0.0,No Rain,32.4,35.0,Summer,0,Unknown,9,742,58.0,3.28,2808,Low,2022,5,May,No Flood,Normal,No Rain,No Flood
2022-05-28,Solapur,Maharashtra,17.6599,75.9064,0.0,No Rain,37.6,43.3,Summer,0,Unknown,7,458,37.0,2.22,3999,Low,2022,5,May,No Flood,Normal,No Rain,No Flood
2022-05-31,Mumbai,Maharashtra,19.076,72.8777,0.0,No Rain,37.5,46.4,Summer,0,Unknown,20,8,51.4,0.87,22033,Low,2022,5,May,No Flood,Normal,No Rain,No Flood
2022-06-01,Kolhapur,Maharashtra,16.705,74.2433,149.0,Extreme,25.1,99.0,Monsoon,1,Very High,14,569,4672.9,19.57,6069,Very High,2022,6,June,Flood,Extreme,Very Heavy,June
2022-06-01,Kolhapur,Maharashtra,16.705,74.2433,10.2,Moderate,25.9,83.6,Monsoon,0,Unknown,14,569,326.1,7.61,6107,Moderate,2022,6,June,No Flood,Normal,Light,No Flood
2022-06-01,Mumbai,Maharashtra,19.076,72.8777,42.9,Heavy,28.2,99.0,Monsoon,1,Very High,20,8,1289.9,6.53,22024,Very High,2022,6,June,Flood,Normal,Moderate,June
2022-06-01,Mumbai,Maharashtra,19.076,72.8777,73.6,Very Heavy,26.3,91.0,Monsoon,1,Very High,20,8,1662.9,6.96,22033,Very High,2022,6,June,Flood,Extreme,Heavy,June
2022-06-01,Panaji,Goa,15.4909,73.8278,16.0,Moderate,26.2,91.9,Monsoon,0,Unknown,9,7,519.0,3.2,2432,High,2022,6,June,No Flood,Normal,Light,No Flood
2022-06-03,Kolhapur,Maharashtra,16.705,74.2433,7.7,Moderate,24.2,88.5,Monsoon,0,Unknown,14,569,315.6,7.56,6089,Moderate,2022,6,June,No Flood,Normal,Light,No Flood
2022-06-03,Sangli,Maharashtra,16.8524,74.5815,35.3,Moderate,24.4,99.0,Monsoon,0,Unknown,13,549,1049.5,12.16,5124,High,2022,6,June,No Flood,Normal,Moderate,No Flood
2022-06-03,Sangli,Maharashtra,16.8524,74.5815,13.7,Moderate,22.5,72.6,Monsoon,0,Unknown,13,549,470.0,8.17,5162,Moderate,2022,6,June,No Flood,Normal,Light,No Flood
2022-06-03,Solapur,Maharashtra,17.6599,75.9064,16.1,Moderate,21.4,93.6,Monsoon,0,Unknown,7,458,320.0,6.63,3953,Moderate,2022,6,June,No Flood,Normal,Light,No Flood
2022-06-04,Satara,Maharashtra,17.6805,73.9997,16.2,Moderate,20.1,82.4,Monsoon,0,Unknown,9,742,325.8,7.05,2827,Moderate,2022,6,June,No Flood,Normal,Light,No Flood
2022-06-04,Mumbai,Maharashtra,19.076,72.8777,2.1,Light,23.1,75.3,Monsoon,0,Unknown,20,8,168.9,2.94,21995,Moderate,2022,6,June,No Flood,Normal,Light,No Flood
2022-06-05,Kolhapur,Maharashtra,16.705,74.2433,0.0,No Rain,24.0,78.1,Monsoon,0,Unknown,14,569,224.3,6.34,6084,Low,2022,6,June,No Flood,Normal,No Rain,No Flood
2022-06-05,Ratnagiri,Maharashtra,16.9902,73.312,0.0,No Rain,23.5,79.1,Monsoon,0,Unknown,15,11,247.1,2.94,1683,Low,2022,6,June,No Flood,Normal,No Rain,No Flood
2022-06-05,Sangli,Maharashtra,16.8524,74.5815,15.8,Moderate,17.9,93.3,Monsoon,0,Unknown,13,549,504.8,8.63,5159,Moderate,2022,6,June,No Flood,Normal,Light,No Flood
2022-06-06,Kolhapur,Maharashtra,16.705,74.2433,0.0,No Rain,26.0,79.6,Monsoon,0,Unknown,14,569,224.4,5.92,6059,Low,2022,6,June,No Flood,Normal,No Rain,No Flood
2022-06-07,Ratnagiri,Maharashtra,16.9902,73.312,39.0,Heavy,29.5,75.6,Monsoon,0,Unknown,15,11,1192.5,6.55,1648,Very High,2022,6,June,No Flood,Normal,Moderate,No Flood
2022-06-07,Satara,Maharashtra,17.6805,73.9997,12.8,Moderate,19.6,78.1,Monsoon,0,Unknown,9,742,328.6,7.67,2807,Moderate,2022,6,June,No Flood,Normal,Light,No Flood
2022-06-07,Satara,Maharashtra,17.6805,73.9997,0.0,No Rain,22.0,77.4,Monsoon,0,Unknown,9,742,165.7,4.9,2823,Low,2022,6,June,No Flood,Normal,No Rain,No Flood
2022-06-08,Raigad,Maharashtra,18.5158,73.1822,3.7,Light,26.9,83.4,Monsoon,0,Unknown,16,45,301.5,3.66,1901,Moderate,2022,6,June,No Flood,Normal,Light,No Flood
2022-06-08,Belagavi,Karnataka,15.8497,74.4977,3.7,Light,21.4,78.8,Monsoon,0,Unknown,10,762,213.6,5.75,3263,Low,2022,6,June,No Flood,Normal,Light,No Flood
2022-06-08,Mumbai,Maharashtra,19.076,72.8777,79.8,Very Heavy,27.5,99.0,Monsoon,1,Very High,20,8,3040.9,6.96,21999,Very High,2022,6,June,Flood,Extreme,Heavy,June
2022-06-09,Panaji,Goa,15.4909,73.8278,0.0,No Rain,28.0,86.4,Monsoon,0,Unknown,9,7,218.9,2.39,2436,Low,2022,6,June,No Flood,Normal,No Rain,No Flood
2022-06-10,Nashik,Maharashtra,19.9975,73.7898,0.0,No Rain,23.8,89.3,Monsoon,0,Unknown,8,600,171.0,5.15,4271,Low,2022,6,June,No Flood,Normal,No Rain,No Flood
2022-06-11,Belagavi,Karnataka,15.8497,74.4977,52.4,Heavy,21.2,93.2,Monsoon,0,Unknown,10,762,1336.6,15.28,3232,High,2022,6,June,No Flood,Normal,Heavy,No Flood
2022-06-12,Kolhapur,Maharashtra,16.705,74.2433,42.7,Heavy,25.2,87.5,Monsoon,1,High,14,569,927.5,13.53,6107,Very High,2022,6,June,Flood,Normal,Moderate,June
2022-06-12,Sangli,Maharashtra,16.8524,74.5815,10.0,Moderate,25.7,93.6,Monsoon,0,Unknown,13,549,388.3,7.2,5142,Moderate,2022,6,June,No Flood,Normal,Light,No Flood
2022-06-12,Sangli,Maharashtra,16.8524,74.5815,0.0,No Rain,23.9,94.2,Monsoon,0,Unknown,13,549,247.8,5.97,5160,Low,2022,6,June,No Flood,Normal,No Rain,No Flood
2022-06-15,Belagavi,Karnataka,15.8497,74.4977,15.6,Moderate,24.9,87.7,Monsoon,0,Unknown,10,762,415.8,8.31,3226,Moderate,2022,6,June,No Flood,Normal,Light,No Flood
2022-06-16,Belagavi,Karnataka,15.8497,74.4977,0.0,No Rain,24.4,90.0,Monsoon,0,Unknown,10,762,183.4,5.74,3232,Low,2022,6,June,No Flood,Normal,No Rain,No Flood
2022-06-16,Kolhapur,Maharashtra,16.705,74.2433,19.1,Moderate,24.2,83.9,Monsoon,0,Unknown,14,569,591.2,10.76,6102,Moderate,2022,6,June,No Flood,Normal,Light,No Flood
2022-06-16,Satara,Maharashtra,17.6805,73.9997,0.0,No Rain,21.3,75.6,Monsoon,0,Unknown,9,742,161.6,5.43,2846,Low,2022,6,June,No Flood,Normal,No Rain,No Flood
2022-06-17,Jalgaon,Maharashtra,21.0077,75.5626,15.7,Moderate,24.5,91.7,Monsoon,0,Unknown,6,209,405.6,7.02,3373,Moderate,2022,6,June,No Flood,Normal,Light,No Flood
2022-06-18,Kolhapur,Maharashtra,16.705,74.2433,13.1,Moderate,22.3,93.8,Monsoon,0,Unknown,14,569,438.6,9.03,6083,Moderate,2022,6,June,No Flood,Normal,Light,No Flood
2022-06-19,Raigad,Maharashtra,18.5158,73.1822,46.7,Heavy,24.8,83.9,Monsoon,1,High,16,45,1169.7,5.92,1873,Very High,2022,6,June,Flood,Normal,Moderate,June
2022-06-19,Sangli,Maharashtra,16.8524,74.5815,0.0,No Rain,23.3,85.6,Monsoon,0,Unknown,13,549,243.9,5.44,5115,Low,2022,6,June,No Flood,Normal,No Rain,No Flood
2022-06-19,Kolhapur,Maharashtra,16.705,74.2433,32.9,Moderate,24.2,85.4,Monsoon,0,Unknown,14,569,864.7,12.69,6103,High,2022,6,June,No Flood,Normal,Moderate,No Flood
2022-06-19,Mumbai,Maharashtra,19.076,72.8777,18.0,Moderate,26.9,85.8,Monsoon,0,Unknown,20,8,402.6,3.47,22009,High,2022,6,June,No Flood,Normal,Light,No Flood
2022-06-19,Solapur,Maharashtra,17.6599,75.9064,60.8,Heavy,25.5,84.8,Monsoon,0,Unknown,7,458,1348.4,13.05,3999,High,2022,6,June,No Flood,Normal,Heavy,No Flood
2022-06-20,Sangli,Maharashtra,16.8524,74.5815,83.1,Very Heavy,26.2,99.0,Monsoon,1,Very High,13,549,2833.3,18.56,5144,Very High,2022,6,June,Flood,Extreme,Heavy,June
2022-06-20,Kolhapur,Maharashtra,16.705,74.2433,0.0,No Rain,18.9,81.2,Monsoon,0,Unknown,14,569,224.5,6.48,6094,Low,2022,6,June,No Flood,Normal,No Rain,No Flood
2022-06-21,Belagavi,Karnataka,15.8497,74.4977,43.5,Heavy,23.0,86.9,Monsoon,0,Unknown,10,762,1007.9,12.89,3243,High,2022,6,June,No Flood,Normal,Moderate,No Flood
2022-06-21,Mumbai,Maharashtra,19.076,72.8777,141.4,Extreme,26.8,99.0,Monsoon,1,Very High,20,8,4566.3,6.96,22026,Very High,2022,6,June,Flood,Extreme,Very Heavy,June
2022-06-21,Raigad,Maharashtra,18.5158,73.1822,6.6,Light,25.5,86.7,Monsoon,0,Unknown,16,45,339.8,3.44,1910,Moderate,2022,6,June,No Flood,Normal,Light,No Flood
2022-06-21,Sangli,Maharashtra,16.8524,74.5815,27.0,Moderate,25.4,93.3,Monsoon,0,Unknown,13,549,661.8,9.73,5128,Moderate,2022,6,June,No Flood,Normal,Moderate,No Flood
2022-06-21,Satara,Maharashtra,17.6805,73.9997,97.9,Very Heavy,25.3,99.0,Monsoon,1,Very High,9,742,3540.4,15.95,2842,Very High,2022,6,June,Flood,Extreme,Heavy,June
2022-06-22,Sangli,Maharashtra,16.8524,74.5815,0.0,No Rain,26.3,87.4,Monsoon,0,Unknown,13,549,237.7,5.94,5131,Low,2022,6,June,No Flood,Normal,No Rain,No Flood
2022-06-22,Sangli,Maharashtra,16.8524,74.5815,10.9,Moderate,24.9,86.6,Monsoon,0,Unknown,13,549,378.8,7.5,5120,Moderate,2022,6,June,No Flood,Normal,Light,No Flood
2022-06-23,Belagavi,Karnataka,15.8497,74.4977,19.7,Moderate,23.3,83.9,Monsoon,0,Unknown,10,762,491.0,8.64,3273,Moderate,2022,6,June,No Flood,Normal,Light,No Flood
2022-06-23,Pune,Maharashtra,18.5204,73.8567,6.3,Light,25.1,76.2,Monsoon,0,Unknown,11,560,277.8,5.51,9837,Moderate,2022,6,June,No Flood,Normal,Light,No Flood
2022-06-23,Pune,Maharashtra,18.5204,73.8567,0.0,No Rain,28.3,78.4,Monsoon,0,Unknown,11,560,177.9,3.87,9859,Low,2022,6,June,No Flood,Normal,No Rain,No Flood
2022-06-24,Sangli,Maharashtra,16.8524,74.5815,59.1,Heavy,27.2,87.8,Monsoon,1,Very High,13,549,1666.2,16.42,5164,Very High,2022,6,June,Flood,Normal,Heavy,June
2022-06-25,Kolhapur,Maharashtra,16.705,74.2433,35.5,Moderate,22.8,75.9,Monsoon,0,Unknown,14,569,1047.1,14.44,6107,High,2022,6,June,No Flood,Normal,Moderate,No Flood
2022-06-26,Sangli,Maharashtra,16.8524,74.5815,0.0,No Rain,25.8,88.2,Monsoon,0,Unknown,13,549,250.6,5.59,5126,Low,2022,6,June,No Flood,Normal,No Rain,No Flood
2022-06-26,Satara,Maharashtra,17.6805,73.9997,31.6,Moderate,26.6,93.1,Monsoon,0,Unknown,9,742,680.9,10.76,2845,High,2022,6,June,No Flood,Normal,Moderate,No Flood
2022-06-27,Ratnagiri,Maharashtra,16.9902,73.312,4.2,Light,26.4,71.2,Monsoon,0,Unknown,15,11,275.1,3.18,1656,Moderate,2022,6,June,No Flood,Normal,Light,No Flood
2022-06-27,Ratnagiri,Maharashtra,16.9902,73.312,0.0,No Rain,25.6,81.9,Monsoon,0,Unknown,15,11,216.3,2.43,1665,Low,2022,6,June,No Flood,Normal,No Rain,No Flood
2022-06-27,Mumbai,Maharashtra,19.076,72.8777,30.2,Moderate,27.5,90.6,Monsoon,0,Unknown,20,8,751.8,5.56,21983,Very High,2022,6,June,No Flood,Normal,Moderate,No Flood
2022-06-27,Kolhapur,Maharashtra,16.705,74.2433,28.0,Moderate,27.5,99.0,Monsoon,0,Unknown,14,569,671.0,11.05,6086,Moderate,2022,6,June,No Flood,Normal,Moderate,No Flood
2022-06-27,Raigad,Maharashtra,18.5158,73.1822,82.0,Very Heavy,27.8,99.0,Monsoon,1,Very High,16,45,2854.2,8.99,1908,Very High,2022,6,June,Flood,Extreme,Heavy,June
2022-06-29,Mumbai,Maharashtra,19.076,72.8777,25.5,Moderate,24.4,81.5,Monsoon,0,Unknown,20,8,571.7,4.21,21994,High,2022,6,June,No Flood,Normal,Moderate,No Flood
2022-06-29,Ratnagiri,Maharashtra,16.9902,73.312,54.9,Heavy,23.4,85.2,Monsoon,0,Unknown,15,11,1169.5,5.98,1703,Very High,2022,6,June,No Flood,Normal,Heavy,No Flood
2022-06-30,Sangli,Maharashtra,16.8524,74.5815,9.9,Moderate,22.3,91.0,Monsoon,0,Unknown,13,549,331.1,7.08,5136,Moderate,2022,6,June,No Flood,Normal,Light,No Flood
2022-07-01,Nagpur,Maharashtra,21.1458,79.0882,27.9,Moderate,29.3,99.0,Monsoon,1,Moderate,8,310,612.6,7.14,5316,High,2022,7,July,Flood,Normal,Moderate,July
2022-07-01,Pune,Maharashtra,18.5204,73.8567,34.8,Moderate,25.7,81.9,Monsoon,0,Unknown,11,560,726.3,8.74,9835,High,2022,7,July,No Flood,Normal,Moderate,No Flood
2022-07-01,Pune,Maharashtra,18.5204,73.8567,0.0,No Rain,25.5,90.5,Monsoon,0,Unknown,11,560,206.4,4.63,9873,Low,2022,7,July,No Flood,Normal,No Rain,No Flood
2022-07-02,Ratnagiri,Maharashtra,16.9902,73.312,368.6,Extreme,27.1,99.0,Monsoon,1,Very High,15,11,19097.6,7.97,1656,Very High,2022,7,July,Flood,Extreme,Extreme,July
2022-07-02,Ratnagiri,Maharashtra,16.9902,73.312,20.5,Moderate,26.6,93.6,Monsoon,0,Unknown,15,11,502.1,3.67,1656,Moderate,2022,7,July,No Flood,Normal,Moderate,No Flood
2022-07-02,Satara,Maharashtra,17.6805,73.9997,0.0,No Rain,21.6,90.2,Monsoon,0,Unknown,9,742,155.2,5.27,2807,Low,2022,7,July,No Flood,Normal,No Rain,No Flood
2022-07-02,Solapur,Maharashtra,17.6599,75.9064,38.9,Heavy,22.9,90.9,Monsoon,0,Unknown,7,458,1124.2,13.05,4007,High,2022,7,July,No Flood,Normal,Moderate,No Flood
2022-07-03,Nashik,Maharashtra,19.9975,73.7898,8.9,Moderate,20.9,87.6,Monsoon,0,Unknown,8,600,289.8,6.09,4292,Moderate,2022,7,July,No Flood,Normal,Light,No Flood
2022-07-03,Satara,Maharashtra,17.6805,73.9997,14.2,Moderate,24.8,89.1,Monsoon,0,Unknown,9,742,349.7,7.38,2817,Moderate,2022,7,July,No Flood,Normal,Light,No Flood
2022-07-03,Mumbai,Maharashtra,19.076,72.8777,0.0,No Rain,26.1,81.5,Monsoon,0,Unknown,20,8,176.8,2.28,21993,Low,2022,7,July,No Flood,Normal,No Rain,No Flood
2022-07-03,Raigad,Maharashtra,18.5158,73.1822,28.2,Moderate,24.0,85.7,Monsoon,0,Unknown,16,45,640.7,4.34,1873,High,2022,7,July,No Flood,Normal,Moderate,No Flood
2022-07-03,Kolhapur,Maharashtra,16.705,74.2433,0.0,No Rain,24.5,83.4,Monsoon,0,Unknown,14,569,206.1,6.59,6100,Low,2022,7,July,No Flood,Normal,No Rain,No Flood
2022-07-03,Belagavi,Karnataka,15.8497,74.4977,20.9,Moderate,21.3,77.5,Monsoon,0,Unknown,10,762,463.3,8.71,3277,Moderate,2022,7,July,No Flood,Normal,Moderate,No Flood
2022-07-03,Mumbai,Maharashtra,19.076,72.8777,96.3,Very Heavy,24.1,90.5,Monsoon,1,Very High,20,8,2716.3,6.96,21990,Very High,2022,7,July,Flood,Extreme,Heavy,July
2022-07-04,Sangli,Maharashtra,16.8524,74.5815,0.0,No Rain,26.3,90.8,Monsoon,0,Unknown,13,549,255.8,5.77,5147,Low,2022,7,July,No Flood,Normal,No Rain,No Flood
2022-07-04,Sangli,Maharashtra,16.8524,74.5815,11.3,Moderate,23.5,91.2,Monsoon,0,Unknown,13,549,421.8,7.93,5148,Moderate,2022,7,July,No Flood,Normal,Light,No Flood
2022-07-04,Kolhapur,Maharashtra,16.705,74.2433,20.0,Moderate,26.7,93.7,Monsoon,0,Unknown,14,569,494.0,9.62,6075,Moderate,2022,7,July,No Flood,Normal,Moderate,No Flood
2022-07-04,Kolhapur,Maharashtra,16.705,74.2433,0.0,No Rain,26.3,99.0,Monsoon,0,Unknown,14,569,263.9,6.75,6056,Low,2022,7,July,No Flood,Normal,No Rain,No Flood
2022-07-04,Nashik,Maharashtra,19.9975,73.7898,0.0,No Rain,22.8,89.8,Monsoon,0,Unknown,8,600,181.0,5.33,4306,Low,2022,7,July,No Flood,Normal,No Rain,No Flood
2022-07-05,Kolhapur,Maharashtra,16.705,74.2433,50.8,Heavy,22.2,95.7,Monsoon,1,Very High,14,569,1448.5,16.86,6049,Very High,2022,7,July,Flood,Normal,Heavy,July
2022-07-05,Nashik,Maharashtra,19.9975,73.7898,137.5,Extreme,23.3,98.8,Monsoon,1,Very High,8,600,6098.6,14.79,4299,Very High,2022,7,July,Flood,Extreme,Very Heavy,July
2022-07-05,Panaji,Goa,15.4909,73.8278,4.7,Light,26.4,83.6,Monsoon,0,Unknown,9,7,233.7,1.86,2413,Low,2022,7,July,No Flood,Normal,Light,No Flood
2022-07-05,Ratnagiri,Maharashtra,16.9902,73.312,112.5,Very Heavy,23.5,98.6,Monsoon,1,Very High,15,11,4909.5,7.97,1698,Very High,2022,7,July,Flood,Extreme,Very Heavy,July
2022-07-05,Ratnagiri,Maharashtra,16.9902,73.312,39.6,Heavy,23.4,78.8,Monsoon,0,Unknown,15,11,1096.7,5.65,1688,High,2022,7,July,No Flood,Normal,Moderate,No Flood
2022-07-05,Sangli,Maharashtra,16.8524,74.5815,26.5,Moderate,25.7,89.6,Monsoon,0,Unknown,13,549,831.6,11.02,5120,High,2022,7,July,No Flood,Normal,Moderate,No Flood
2022-07-05,Sangli,Maharashtra,16.8524,74.5815,0.0,No Rain,26.1,83.8,Monsoon,0,Unknown,13,549,255.9,5.73,5157,Low,2022,7,July,No Flood,Normal,No Rain,No Flood
2022-07-05,Satara,Maharashtra,17.6805,73.9997,21.4,Moderate,24.9,89.6,Monsoon,0,Unknown,9,742,412.6,7.89,2845,Moderate,2022,7,July,No Flood,Normal,Moderate,No Flood
2022-07-05,Satara,Maharashtra,17.6805,73.9997,28.0,Moderate,23.7,85.1,Monsoon,0,Unknown,9,742,613.5,10.46,2839,Moderate,2022,7,July,No Flood,Normal,Moderate,No Flood
2022-07-06,Kolhapur,Maharashtra,16.705,74.2433,0.0,No Rain,26.6,72.7,Monsoon,0,Unknown,14,569,220.7,6.61,6073,Low,2022,7,July,No Flood,Normal,No Rain,No Flood
2022-07-06,Kolhapur,Maharashtra,16.705,74.2433,16.2,Moderate,22.2,89.9,Monsoon,0,Unknown,14,569,437.0,8.9,6060,Moderate,2022,7,July,No Flood,Normal,Light,No Flood
2022-07-06,Pune,Maharashtra,18.5204,73.8567,37.2,Heavy,24.0,89.5,Monsoon,0,Unknown,11,560,896.6,9.73,9821,High,2022,7,July,No Flood,Normal,Moderate,No Flood
2022-07-06,Pune,Maharashtra,18.5204,73.8567,9.1,Moderate,24.4,84.8,Monsoon,0,Unknown,11,560,293.5,5.14,9831,Moderate,2022,7,July,No Flood,Normal,Light,No Flood
2022-07-07,Satara,Maharashtra,17.6805,73.9997,0.0,No Rain,27.4,91.6,Monsoon,0,Unknown,9,742,159.7,5.64,2811,Low,2022,7,July,No Flood,Normal,No Rain,No Flood
2022-07-07,Panaji,Goa,15.4909,73.8278,10.3,Moderate,26.8,87.7,Monsoon,0,Unknown,9,7,305.7,2.46,2425,Moderate,2022,7,July,No Flood,Normal,Light,No Flood
2022-07-07,Sangli,Maharashtra,16.8524,74.5815,28.7,Moderate,21.5,78.0,Monsoon,0,Unknown,13,549,697.3,10.41,5118,Moderate,2022,7,July,No Flood,Normal,Moderate,No Flood
2022-07-08,Kolhapur,Maharashtra,16.705,74.2433,42.0,Heavy,22.3,96.3,Monsoon,0,Unknown,14,569,1153.6,15.34,6096,High,2022,7,July,No Flood,Normal,Moderate,No Flood
2022-07-08,Pune,Maharashtra,18.5204,73.8567,0.0,No Rain,24.3,78.0,Monsoon,0,Unknown,11,560,213.6,4.61,9863,Low,2022,7,July,No Flood,Normal,No Rain,No Flood
2022-07-08,Pune,Maharashtra,18.5204,73.8567,0.0,No Rain,21.7,87.9,Monsoon,0,Unknown,11,560,185.0,4.31,9834,Low,2022,7,July,No Flood,Normal,No Rain,No Flood
2022-07-08,Raigad,Maharashtra,18.5158,73.1822,115.2,Very Heavy,26.2,99.0,Monsoon,1,Very High,16,45,4730.7,8.99,1860,Very High,2022,7,July,Flood,Extreme,Very Heavy,July
2022-07-08,Raigad,Maharashtra,18.5158,73.1822,153.5,Extreme,27.2,99.0,Monsoon,1,Very High,16,45,6313.6,8.99,1880,Very High,2022,7,July,Flood,Extreme,Very Heavy,July
2022-07-08,Sangli,Maharashtra,16.8524,74.5815,5.5,Light,23.8,85.5,Monsoon,0,Unknown,13,549,292.6,6.43,5129,Low,2022,7,July,No Flood,Normal,Light,No Flood
2022-07-08,Satara,Maharashtra,17.6805,73.9997,5.4,Light,26.3,77.5,Monsoon,0,Unknown,9,742,192.0,5.68,2836,Low,2022,7,July,No Flood,Normal,Light,No Flood
2022-07-09,Jalgaon,Maharashtra,21.0077,75.5626,50.2,Heavy,24.8,78.1,Monsoon,1,Very High,6,209,1424.1,11.6,3376,Very High,2022,7,July,Flood,Normal,Heavy,July
2022-07-09,Kolhapur,Maharashtra,16.705,74.2433,60.4,Heavy,22.2,93.1,Monsoon,1,Very High,14,569,1881.5,19.57,6089,Very High,2022,7,July,Flood,Normal,Heavy,July
2022-07-09,Mumbai,Maharashtra,19.076,72.8777,27.6,Moderate,23.6,75.6,Monsoon,0,Unknown,20,8,515.0,3.86,21980,High,2022,7,July,No Flood,Normal,Moderate,No Flood
2022-07-10,Ratnagiri,Maharashtra,16.9902,73.312,74.1,Very Heavy,21.8,87.0,Monsoon,1,Very High,15,11,2184.6,7.89,1692,Very High,2022,7,July,Flood,Extreme,Heavy,July
2022-07-10,Belagavi,Karnataka,15.8497,74.4977,16.3,Moderate,24.3,87.0,Monsoon,0,Unknown,10,762,471.4,8.8,3250,Moderate,2022,7,July,No Flood,Normal,Light,No Flood
2022-07-10,Raigad,Maharashtra,18.5158,73.1822,104.8,Very Heavy,25.5,98.8,Monsoon,1,Very High,16,45,2933.0,8.99,1875,Very High,2022,7,July,Flood,Extreme,Very Heavy,July
2022-07-11,Satara,Maharashtra,17.6805,73.9997,106.8,Very Heavy,20.7,92.2,Monsoon,1,Very High,9,742,3672.1,15.95,2821,Very High,2022,7,July,Flood,Extreme,Very Heavy,July
2022-07-11,Satara,Maharashtra,17.6805,73.9997,0.0,No Rain,22.3,85.5,Monsoon,0,Unknown,9,742,139.9,5.01,2806,Low,2022,7,July,No Flood,Normal,No Rain,No Flood
2022-07-11,Satara,Maharashtra,17.6805,73.9997,10.6,Moderate,24.7,75.5,Monsoon,0,Unknown,9,742,333.3,7.57,2814,Moderate,2022,7,July,No Flood,Normal,Light,No Flood
2022-07-11,Ratnagiri,Maharashtra,16.9902,73.312,0.0,No Rain,25.2,87.2,Monsoon,0,Unknown,15,11,221.7,2.13,1658,Low,2022,7,July,No Flood,Normal,No Rain,No Flood
2022-07-11,Sangli,Maharashtra,16.8524,74.5815,17.9,Moderate,24.9,87.1,Monsoon,0,Unknown,13,549,597.6,9.51,5122,Moderate,2022,7,July,No Flood,Normal,Light,No Flood
2022-07-11,Raigad,Maharashtra,18.5158,73.1822,82.5,Very Heavy,26.9,89.8,Monsoon,1,Very High,16,45,2642.8,8.99,1888,Very High,2022,7,July,Flood,Extreme,Heavy,July
2022-07-11,Pune,Maharashtra,18.5204,73.8567,16.2,Moderate,24.6,83.8,Monsoon,0,Unknown,11,560,444.9,6.74,9878,Moderate,2022,7,July,No Flood,Normal,Light,No Flood
2022-07-11,Kolhapur,Maharashtra,16.705,74.2433,75.1,Very Heavy,22.9,96.0,Monsoon,1,Very High,14,569,1706.1,18.83,6055,Very High,2022,7,July,Flood,Extreme,Heavy,July
2022-07-11,Belagavi,Karnataka,15.8497,74.4977,30.6,Moderate,23.0,89.6,Monsoon,0,Unknown,10,762,721.8,10.77,3226,Moderate,2022,7,July,No Flood,Normal,Moderate,No Flood
2022-07-12,Kolhapur,Maharashtra,16.705,74.2433,10.0,Moderate,18.2,88.1,Monsoon,0,Unknown,14,569,309.8,7.33,6103,Moderate,2022,7,July,No Flood,Normal,Light,No Flood
2022-07-12,Ratnagiri,Maharashtra,16.9902,73.312,308.6,Extreme,29.6,99.0,Monsoon,1,Very High,15,11,12494.9,7.97,1698,Very High,2022,7,July,Flood,Extreme,Extreme,July
2022-07-13,Satara,Maharashtra,17.6805,73.9997,16.8,Moderate,27.8,83.8,Monsoon,0,Unknown,9,742,430.9,8.42,2837,Moderate,2022,7,July,No Flood,Normal,Light,No Flood
2022-07-13,Satara,Maharashtra,17.6805,73.9997,17.1,Moderate,22.3,87.1,Monsoon,0,Unknown,9,742,470.4,9.28,2842,Moderate,2022,7,July,No Flood,Normal,Light,No Flood
2022-07-13,Sangli,Maharashtra,16.8524,74.5815,0.0,No Rain,24.5,82.7,Monsoon,0,Unknown,13,549,242.0,5.86,5118,Low,2022,7,July,No Flood,Normal,No Rain,No Flood
2022-07-13,Satara,Maharashtra,17.6805,73.9997,8.8,Moderate,23.3,90.3,Monsoon,0,Unknown,9,742,288.5,7.17,2804,Moderate,2022,7,July,No Flood,Normal,Light,No Flood
2022-07-14,Belagavi,Karnataka,15.8497,74.4977,23.9,Moderate,23.2,74.0,Monsoon,0,Unknown,10,762,503.6,9.27,3239,Moderate,2022,7,July,No Flood,Normal,Moderate,No Flood
2022-07-14,Nashik,Maharashtra,19.9975,73.7898,56.3,Heavy,25.2,96.1,Monsoon,1,Very High,8,600,1719.3,14.79,4322,Very High,2022,7,July,Flood,Normal,Heavy,July
2022-07-14,Raigad,Maharashtra,18.5158,73.1822,38.3,Heavy,25.7,91.8,Monsoon,0,Unknown,16,45,962.2,5.43,1867,High,2022,7,July,No Flood,Normal,Moderate,No Flood
2022-07-14,Sangli,Maharashtra,16.8524,74.5815,0.0,No Rain,22.5,77.6,Monsoon,0,Unknown,13,549,267.0,6.08,5163,Low,2022,7,July,No Flood,Normal,No Rain,No Flood
2022-07-14,Satara,Maharashtra,17.6805,73.9997,32.8,Moderate,21.1,90.1,Monsoon,1,High,9,742,833.8,12.25,2856,Very High,2022,7,July,Flood,Normal,Moderate,July
2022-07-14,Satara,Maharashtra,17.6805,73.9997,27.7,Moderate,25.3,78.8,Monsoon,0,Unknown,9,742,739.5,11.17,2818,High,2022,7,July,No Flood,Normal,Moderate,No Flood
2022-07-14,Solapur,Maharashtra,17.6599,75.9064,14.4,Moderate,26.3,89.9,Monsoon,0,Unknown,7,458,318.4,7.36,3970,Moderate,2022,7,July,No Flood,Normal,Light,No Flood
2022-07-15,Nashik,Maharashtra,19.9975,73.7898,48.4,Heavy,24.1,78.1,Monsoon,1,Very High,8,600,1562.1,14.79,4317,Very High,2022,7,July,Flood,Normal,Moderate,July
2022-07-15,Mumbai,Maharashtra,19.076,72.8777,13.3,Moderate,24.9,85.0,Monsoon,0,Unknown,20,8,331.0,3.48,21996,Moderate,2022,7,July,No Flood,Normal,Light,No Flood
2022-07-16,Jalgaon,Maharashtra,21.0077,75.5626,10.3,Moderate,24.1,89.0,Monsoon,0,Unknown,6,209,211.9,5.3,3356,Low,2022,7,July,No Flood,Normal,Light,No Flood
2022-07-16,Kolhapur,Maharashtra,16.705,74.2433,96.4,Very Heavy,28.8,82.6,Monsoon,1,Very High,14,569,2739.9,19.57,6097,Very High,2022,7,July,Flood,Extreme,Heavy,July
2022-07-16,Mumbai,Maharashtra,19.076,72.8777,26.7,Moderate,22.5,89.6,Monsoon,0,Unknown,20,8,568.5,4.75,21980,High,2022,7,July,No Flood,Normal,Moderate,No Flood
2022-07-16,Nagpur,Maharashtra,21.1458,79.0882,28.4,Moderate,25.8,89.8,Monsoon,1,Moderate,8,310,857.6,8.55,5327,High,2022,7,July,Flood,Normal,Moderate,July
2022-07-16,Raigad,Maharashtra,18.5158,73.1822,26.5,Moderate,24.8,95.0,Monsoon,0,Unknown,16,45,859.9,5.26,1909,High,2022,7,July,No Flood,Normal,Moderate,No Flood
2022-07-17,Belagavi,Karnataka,15.8497,74.4977,0.0,No Rain,29.9,82.2,Monsoon,0,Unknown,10,762,196.6,5.59,3250,Low,2022,7,July,No Flood,Normal,No Rain,No Flood
2022-07-18,Mumbai,Maharashtra,19.076,72.8777,0.0,No Rain,27.8,87.5,Monsoon,0,Unknown,20,8,158.5,2.52,22027,Low,2022,7,July,No Flood,Normal,No Rain,No Flood
2022-07-18,Nashik,Maharashtra,19.9975,73.7898,0.0,No Rain,22.5,82.3,Monsoon,0,Unknown,8,600,181.9,5.14,4268,Low,2022,7,July,No Flood,Normal,No Rain,No Flood
2022-07-18,Satara,Maharashtra,17.6805,73.9997,38.1,Heavy,22.2,91.6,Monsoon,1,High,9,742,1118.1,13.97,2844,Very High,2022,7,July,Flood,Normal,Moderate,July
2022-07-18,Satara,Maharashtra,17.6805,73.9997,12.5,Moderate,25.5,84.3,Monsoon,0,Unknown,9,742,344.8,7.7,2858,Moderate,2022,7,July,No Flood,Normal,Light,No Flood
2022-07-18,Solapur,Maharashtra,17.6599,75.9064,0.0,No Rain,20.3,88.1,Monsoon,0,Unknown,7,458,107.4,4.18,3992,Low,2022,7,July,No Flood,Normal,No Rain,No Flood
2022-07-19,Raigad,Maharashtra,18.5158,73.1822,0.0,No Rain,26.4,92.9,Monsoon,0,Unknown,16,45,262.1,3.11,1866,Moderate,2022,7,July,No Flood,Normal,No Rain,No Flood
2022-07-19,Raigad,Maharashtra,18.5158,73.1822,0.0,No Rain,25.7,85.8,Monsoon,0,Unknown,16,45,273.1,2.99,1896,Moderate,2022,7,July,No Flood,Normal,No Rain,No Flood
2022-07-19,Sangli,Maharashtra,16.8524,74.5815,29.8,Moderate,22.8,78.9,Monsoon,0,Unknown,13,549,673.1,9.55,5115,Moderate,2022,7,July,No Flood,Normal,Moderate,No Flood
2022-07-20,Satara,Maharashtra,17.6805,73.9997,48.7,Heavy,24.2,96.3,Monsoon,1,Very High,9,742,1492.9,15.95,2804,Very High,2022,7,July,Flood,Normal,Moderate,July
2022-07-20,Sangli,Maharashtra,16.8524,74.5815,40.4,Heavy,24.8,90.2,Monsoon,1,High,13,549,1083.9,12.7,5164,Very High,2022,7,July,Flood,Normal,Moderate,July
2022-07-20,Sangli,Maharashtra,16.8524,74.5815,33.4,Moderate,21.1,79.8,Monsoon,0,Unknown,13,549,755.4,9.92,5134,Moderate,2022,7,July,No Flood,Normal,Moderate,No Flood
2022-07-20,Nagpur,Maharashtra,21.1458,79.0882,15.2,Moderate,19.9,77.1,Monsoon,0,Unknown,8,310,417.8,5.94,5371,Moderate,2022,7,July,No Flood,Normal,Light,No Flood
2022-07-20,Kolhapur,Maharashtra,16.705,74.2433,5.7,Light,23.5,99.0,Monsoon,0,Unknown,14,569,276.5,7.21,6048,Low,2022,7,July,No Flood,Normal,Light,No Flood
2022-07-20,Ratnagiri,Maharashtra,16.9902,73.312,58.8,Heavy,24.0,82.9,Monsoon,1,Very High,15,11,1414.5,6.99,1677,Very High,2022,7,July,Flood,Normal,Heavy,July
2022-07-21,Kolhapur,Maharashtra,16.705,74.2433,44.3,Heavy,22.7,94.0,Monsoon,1,Very High,14,569,1367.3,16.51,6057,Very High,2022,7,July,Flood,Normal,Moderate,July
2022-07-21,Mumbai,Maharashtra,19.076,72.8777,0.0,No Rain,24.5,95.1,Monsoon,0,Unknown,20,8,116.8,1.82,22016,Low,2022,7,July,No Flood,Normal,No Rain,No Flood
2022-07-21,Mumbai,Maharashtra,19.076,72.8777,0.0,No Rain,24.7,80.7,Monsoon,0,Unknown,20,8,150.0,2.56,22013,Low,2022,7,July,No Flood,Normal,No Rain,No Flood
2022-07-21,Nagpur,Maharashtra,21.1458,79.0882,9.4,Moderate,22.8,82.8,Monsoon,0,Unknown,8,310,265.5,4.83,5372,Moderate,2022,7,July,No Flood,Normal,Light,No Flood
2022-07-21,Pune,Maharashtra,18.5204,73.8567,11.0,Moderate,25.2,88.6,Monsoon,0,Unknown,11,560,351.0,5.91,9827,Moderate,2022,7,July,No Flood,Normal,Light,No Flood
2022-07-21,Pune,Maharashtra,18.5204,73.8567,0.0,No Rain,22.6,80.6,Monsoon,0,Unknown,11,560,199.0,4.28,9837,Low,2022,7,July,No Flood,Normal,No Rain,No Flood
2022-07-22,Satara,Maharashtra,17.6805,73.9997,26.9,Moderate,26.2,93.3,Monsoon,0,Unknown,9,742,645.5,10.29,2857,Moderate,2022,7,July,No Flood,Normal,Moderate,No Flood
2022-07-22,Ratnagiri,Maharashtra,16.9902,73.312,9.0,Moderate,31.0,92.2,Monsoon,0,Unknown,15,11,319.7,2.78,1668,Moderate,2022,7,July,No Flood,Normal,Light,No Flood
2022-07-22,Jalgaon,Maharashtra,21.0077,75.5626,48.8,Heavy,22.6,93.7,Monsoon,1,Very High,6,209,1198.9,11.6,3341,Very High,2022,7,July,Flood,Normal,Moderate,July
2022-07-23,Belagavi,Karnataka,15.8497,74.4977,58.8,Heavy,23.4,88.6,Monsoon,0,Unknown,10,762,1319.0,14.53,3262,High,2022,7,July,No Flood,Normal,Heavy,No Flood
2022-07-23,Kolhapur,Maharashtra,16.705,74.2433,16.6,Moderate,22.1,81.0,Monsoon,0,Unknown,14,569,492.2,9.99,6074,Moderate,2022,7,July,No Flood,Normal,Light,No Flood
2022-07-23,Mumbai,Maharashtra,19.076,72.8777,40.6,Heavy,29.1,91.0,Monsoon,0,Unknown,20,8,801.3,5.03,22022,Very High,2022,7,July,No Flood,Normal,Moderate,No Flood
2022-07-23,Nashik,Maharashtra,19.9975,73.7898,28.5,Moderate,23.5,87.6,Monsoon,1,Moderate,8,600,827.7,11.09,4323,High,2022,7,July,Flood,Normal,Moderate,July
2022-07-23,Pune,Maharashtra,18.5204,73.8567,24.6,Moderate,26.5,82.3,Monsoon,0,Unknown,11,560,500.7,7.22,9850,Moderate,2022,7,July,No Flood,Normal,Moderate,No Flood
2022-07-23,Raigad,Maharashtra,18.5158,73.1822,38.4,Heavy,24.1,88.9,Monsoon,0,Unknown,16,45,1137.7,6.01,1908,High,2022,7,July,No Flood,Normal,Moderate,No Flood
2022-07-23,Sangli,Maharashtra,16.8524,74.5815,48.2,Heavy,26.0,91.2,Monsoon,1,Very High,13,549,1495.3,14.76,5119,Very High,2022,7,July,Flood,Normal,Moderate,July
2022-07-24,Satara,Maharashtra,17.6805,73.9997,0.0,No Rain,22.6,77.3,Monsoon,0,Unknown,9,742,144.5,4.91,2820,Low,2022,7,July,No Flood,Normal,No Rain,No Flood
2022-07-24,Satara,Maharashtra,17.6805,73.9997,14.6,Moderate,23.8,77.9,Monsoon,0,Unknown,9,742,389.4,8.76,2819,Moderate,2022,7,July,No Flood,Normal,Light,No Flood
2022-07-24,Mumbai,Maharashtra,19.076,72.8777,0.0,No Rain,28.7,84.4,Monsoon,0,Unknown,20,8,118.9,1.78,22027,Low,2022,7,July,No Flood,Normal,No Rain,No Flood
2022-07-24,Nagpur,Maharashtra,21.1458,79.0882,12.1,Moderate,24.6,83.7,Monsoon,0,Unknown,8,310,366.2,4.94,5370,Moderate,2022,7,July,No Flood,Normal,Light,No Flood
2022-07-25,Raigad,Maharashtra,18.5158,73.1822,143.3,Extreme,23.8,99.0,Monsoon,1,Very High,16,45,5896.1,8.99,1873,Very High,2022,7,July,Flood,Extreme,Very Heavy,July
2022-07-25,Sangli,Maharashtra,16.8524,74.5815,11.1,Moderate,24.8,92.7,Monsoon,0,Unknown,13,549,370.0,7.15,5156,Moderate,2022,7,July,No Flood,Normal,Light,No Flood
2022-07-26,Ratnagiri,Maharashtra,16.9902,73.312,22.7,Moderate,26.4,96.6,Monsoon,0,Unknown,15,11,670.7,4.61,1685,High,2022,7,July,No Flood,Normal,Moderate,No Flood
2022-07-27,Jalgaon,Maharashtra,21.0077,75.5626,97.3,Very Heavy,24.6,91.3,Monsoon,1,Very High,6,209,3960.7,11.6,3370,Very High,2022,7,July,Flood,Extreme,Heavy,July
2022-07-27,Nashik,Maharashtra,19.9975,73.7898,0.0,No Rain,22.0,83.3,Monsoon,0,Unknown,8,600,173.4,4.58,4324,Low,2022,7,July,No Flood,Normal,No Rain,No Flood
2022-07-27,Pune,Maharashtra,18.5204,73.8567,199.9,Extreme,24.2,99.0,Monsoon,1,Very High,11,560,7858.0,13.78,9858,Very High,2022,7,July,Flood,Extreme,Very Heavy,July
2022-07-27,Ratnagiri,Maharashtra,16.9902,73.312,21.9,Moderate,23.8,96.2,Monsoon,0,Unknown,15,11,568.4,4.32,1658,High,2022,7,July,No Flood,Normal,Moderate,No Flood
2022-07-28,Pune,Maharashtra,18.5204,73.8567,45.2,Heavy,29.6,79.3,Monsoon,1,High,11,560,1162.5,10.92,9849,Very High,2022,7,July,Flood,Normal,Moderate,July
2022-07-28,Pune,Maharashtra,18.5204,73.8567,44.7,Heavy,24.3,79.0,Monsoon,1,Very High,11,560,1307.2,11.86,9843,Very High,2022,7,July,Flood,Normal,Moderate,July
2022-07-28,Pune,Maharashtra,18.5204,73.8567,220.7,Extreme,25.1,99.0,Monsoon,1,Very High,11,560,10963.2,13.78,9877,Very High,2022,7,July,Flood,Extreme,Extreme,July
2022-07-28,Raigad,Maharashtra,18.5158,73.1822,39.1,Heavy,26.3,79.4,Monsoon,0,Unknown,16,45,1195.7,6.24,1902,High,2022,7,July,No Flood,Normal,Moderate,No Flood
2022-07-28,Sangli,Maharashtra,16.8524,74.5815,75.4,Very Heavy,22.1,99.0,Monsoon,1,Very High,13,549,2363.0,18.56,5116,Very High,2022,7,July,Flood,Extreme,Heavy,July
2022-07-29,Kolhapur,Maharashtra,16.705,74.2433,68.6,Very Heavy,29.8,91.5,Monsoon,1,Very High,14,569,2002.1,19.57,6061,Very High,2022,7,July,Flood,Extreme,Heavy,July
2022-07-29,Kolhapur,Maharashtra,16.705,74.2433,49.1,Heavy,22.8,91.8,Monsoon,0,Unknown,14,569,1215.0,15.25,6063,High,2022,7,July,No Flood,Normal,Moderate,No Flood
2022-07-29,Kolhapur,Maharashtra,16.705,74.2433,20.9,Moderate,27.2,98.1,Monsoon,0,Unknown,14,569,510.1,10.04,6071,Moderate,2022,7,July,No Flood,Normal,Moderate,No Flood
2022-07-30,Mumbai,Maharashtra,19.076,72.8777,96.3,Very Heavy,25.2,91.0,Monsoon,1,Very High,20,8,2557.1,6.96,22005,Very High,2022,7,July,Flood,Extreme,Heavy,July
2022-07-30,Ratnagiri,Maharashtra,16.9902,73.312,0.0,No Rain,20.9,85.3,Monsoon,0,Unknown,15,11,212.9,2.3,1672,Low,2022,7,July,No Flood,Normal,No Rain,No Flood
2022-07-31,Kolhapur,Maharashtra,16.705,74.2433,47.0,Heavy,26.0,97.9,Monsoon,1,Very High,14,569,1493.6,17.89,6062,Very High,2022,7,July,Flood,Normal,Moderate,July
2022-07-31,Kolhapur,Maharashtra,16.705,74.2433,29.3,Moderate,21.9,80.4,Monsoon,0,Unknown,14,569,679.9,11.42,6069,High,2022,7,July,No Flood,Normal,Moderate,No Flood
2022-08-01,Raigad,Maharashtra,18.5158,73.1822,9.1,Moderate,26.7,74.3,Monsoon,0,Unknown,16,45,358.3,3.45,1909,Moderate,2022,8,August,No Flood,Normal,Light,No Flood
2022-08-01,Pune,Maharashtra,18.5204,73.8567,12.4,Moderate,24.4,79.0,Monsoon,0,Unknown,11,560,337.7,5.88,9851,Moderate,2022,8,August,No Flood,Normal,Light,No Flood
2022-08-01,Solapur,Maharashtra,17.6599,75.9064,9.1,Moderate,22.2,79.8,Monsoon,0,Unknown,7,458,226.7,5.8,4005,Low,2022,8,August,No Flood,Normal,Light,No Flood
2022-08-01,Belagavi,Karnataka,15.8497,74.4977,0.0,No Rain,27.5,82.1,Monsoon,0,Unknown,10,762,188.0,5.71,3263,Low,2022,8,August,No Flood,Normal,No Rain,No Flood
2022-08-01,Kolhapur,Maharashtra,16.705,74.2433,1.1,Light,25.8,87.4,Monsoon,0,Unknown,14,569,219.0,6.38,6104,Low,2022,8,August,No Flood,Normal,Light,No Flood
2022-08-02,Kolhapur,Maharashtra,16.705,74.2433,126.6,Extreme,26.4,99.0,Monsoon,1,Very High,14,569,3611.5,19.57,6098,Very High,2022,8,August,Flood,Extreme,Very Heavy,August
2022-08-02,Panaji,Goa,15.4909,73.8278,117.9,Very Heavy,24.0,99.0,Monsoon,1,Very High,9,7,4288.0,6.52,2390,Very High,2022,8,August,Flood,Extreme,Very Heavy,August
2022-08-02,Sangli,Maharashtra,16.8524,74.5815,0.0,No Rain,24.1,82.8,Monsoon,0,Unknown,13,549,236.1,5.91,5120,Low,2022,8,August,No Flood,Normal,No Rain,No Flood
2022-08-02,Satara,Maharashtra,17.6805,73.9997,68.8,Very Heavy,23.1,98.0,Monsoon,1,Very High,9,742,1856.6,15.95,2813,Very High,2022,8,August,Flood,Extreme,Heavy,August
2022-08-02,Satara,Maharashtra,17.6805,73.9997,5.7,Light,20.4,88.1,Monsoon,0,Unknown,9,742,207.0,5.69,2839,Low,2022,8,August,No Flood,Normal,Light,No Flood
2022-08-03,Kolhapur,Maharashtra,16.705,74.2433,18.7,Moderate,25.0,86.3,Monsoon,0,Unknown,14,569,427.1,9.03,6054,Moderate,2022,8,August,No Flood,Normal,Light,No Flood
2022-08-03,Mumbai,Maharashtra,19.076,72.8777,169.5,Extreme,25.2,94.5,Monsoon,1,Very High,20,8,6489.8,6.96,22035,Very High,2022,8,August,Flood,Extreme,Very Heavy,August
2022-08-03,Nagpur,Maharashtra,21.1458,79.0882,41.4,Heavy,25.6,95.3,Monsoon,0,Unknown,8,310,1174.7,10.07,5317,High,2022,8,August,No Flood,Normal,Moderate,No Flood
2022-08-03,Pune,Maharashtra,18.5204,73.8567,3.3,Light,28.2,84.9,Monsoon,0,Unknown,11,560,208.0,3.96,9865,Low,2022,8,August,No Flood,Normal,Light,No Flood
2022-08-03,Pune,Maharashtra,18.5204,73.8567,0.0,No Rain,22.1,71.8,Monsoon,0,Unknown,11,560,202.6,4.46,9864,Low,2022,8,August,No Flood,Normal,No Rain,No Flood
2022-08-03,Raigad,Maharashtra,18.5158,73.1822,0.0,No Rain,27.2,86.8,Monsoon,0,Unknown,16,45,241.0,2.62,1874,Low,2022,8,August,No Flood,Normal,No Rain,No Flood
2022-08-04,Belagavi,Karnataka,15.8497,74.4977,10.5,Moderate,26.9,72.5,Monsoon,0,Unknown,10,762,269.0,7.09,3275,Moderate,2022,8,August,No Flood,Normal,Light,No Flood
2022-08-04,Ratnagiri,Maharashtra,16.9902,73.312,15.0,Moderate,23.5,83.8,Monsoon,0,Unknown,15,11,490.5,3.96,1657,High,2022,8,August,No Flood,Normal,Light,No Flood
2022-08-04,Sangli,Maharashtra,16.8524,74.5815,0.0,No Rain,26.3,87.9,Monsoon,0,Unknown,13,549,244.1,5.57,5130,Low,2022,8,August,No Flood,Normal,No Rain,No Flood
2022-08-05,Satara,Maharashtra,17.6805,73.9997,26.1,Moderate,28.1,92.4,Monsoon,0,Unknown,9,742,528.0,9.29,2854,Moderate,2022,8,August,No Flood,Normal,Moderate,No Flood
2022-08-05,Pune,Maharashtra,18.5204,73.8567,37.9,Heavy,25.8,82.0,Monsoon,1,High,11,560,999.3,9.8,9849,Very High,2022,8,August,Flood,Normal,Moderate,August
2022-08-05,Panaji,Goa,15.4909,73.8278,30.4,Moderate,27.4,81.2,Monsoon,0,Unknown,9,7,701.0,3.93,2423,High,2022,8,August,No Flood,Normal,Moderate,No Flood
2022-08-05,Mumbai,Maharashtra,19.076,72.8777,98.1,Very Heavy,24.8,94.6,Monsoon,1,Very High,20,8,3092.4,6.96,22033,Very High,2022,8,August,Flood,Extreme,Heavy,August
2022-08-05,Belagavi,Karnataka,15.8497,74.4977,104.9,Very Heavy,27.0,99.0,Monsoon,1,Very High,10,762,4028.8,16.68,3242,Very High,2022,8,August,Flood,Extreme,Very Heavy,August
2022-08-06,Mumbai,Maharashtra,19.076,72.8777,40.6,Heavy,26.8,76.6,Monsoon,0,Unknown,20,8,982.2,5.99,22032,Very High,2022,8,August,No Flood,Normal,Moderate,No Flood
2022-08-06,Mumbai,Maharashtra,19.076,72.8777,67.0,Very Heavy,23.7,88.8,Monsoon,1,Very High,20,8,2048.0,6.96,22037,Very High,2022,8,August,Flood,Extreme,Heavy,August
2022-08-07,Pune,Maharashtra,18.5204,73.8567,0.0,No Rain,25.4,72.1,Monsoon,0,Unknown,11,560,212.2,4.81,9840,Low,2022,8,August,No Flood,Normal,No Rain,No Flood
2022-08-07,Pune,Maharashtra,18.5204,73.8567,12.8,Moderate,27.7,87.4,Monsoon,0,Unknown,11,560,353.2,5.96,9862,Moderate,2022,8,August,No Flood,Normal,Light,No Flood
2022-08-07,Ratnagiri,Maharashtra,16.9902,73.312,24.6,Moderate,26.6,88.6,Monsoon,0,Unknown,15,11,585.9,4.66,1668,High,2022,8,August,No Flood,Normal,Moderate,No Flood
2022-08-08,Pune,Maharashtra,18.5204,73.8567,2.4,Light,27.1,85.1,Monsoon,0,Unknown,11,560,207.9,4.34,9840,Low,2022,8,August,No Flood,Normal,Light,No Flood
2022-08-08,Nashik,Maharashtra,19.9975,73.7898,0.0,No Rain,23.7,84.0,Monsoon,0,Unknown,8,600,175.6,4.81,4277,Low,2022,8,August,No Flood,Normal,No Rain,No Flood
2022-08-08,Jalgaon,Maharashtra,21.0077,75.5626,0.0,No Rain,28.1,89.2,Monsoon,0,Unknown,6,209,148.5,4.25,3375,Low,2022,8,August,No Flood,Normal,No Rain,No Flood
2022-08-09,Pune,Maharashtra,18.5204,73.8567,22.7,Moderate,28.9,88.6,Monsoon,0,Unknown,11,560,627.3,7.79,9844,Moderate,2022,8,August,No Flood,Normal,Moderate,No Flood
2022-08-09,Raigad,Maharashtra,18.5158,73.1822,24.9,Moderate,21.6,89.5,Monsoon,0,Unknown,16,45,802.7,5.39,1862,High,2022,8,August,No Flood,Normal,Moderate,No Flood
2022-08-09,Ratnagiri,Maharashtra,16.9902,73.312,131.4,Extreme,27.4,99.0,Monsoon,1,Very High,15,11,4552.1,7.97,1675,Very High,2022,8,August,Flood,Extreme,Very Heavy,August
2022-08-09,Satara,Maharashtra,17.6805,73.9997,0.0,No Rain,23.8,81.7,Monsoon,0,Unknown,9,742,169.3,5.57,2847,Low,2022,8,August,No Flood,Normal,No Rain,No Flood
2022-08-10,Satara,Maharashtra,17.6805,73.9997,127.0,Extreme,22.2,91.0,Monsoon,1,Very High,9,742,5111.3,15.95,2813,Very High,2022,8,August,Flood,Extreme,Very Heavy,August
2022-08-10,Raigad,Maharashtra,18.5158,73.1822,36.7,Heavy,25.4,87.5,Monsoon,0,Unknown,16,45,1188.3,6.61,1864,Very High,2022,8,August,No Flood,Normal,Moderate,No Flood
2022-08-10,Pune,Maharashtra,18.5204,73.8567,21.1,Moderate,23.8,85.9,Monsoon,0,Unknown,11,560,481.0,7.15,9828,Moderate,2022,8,August,No Flood,Normal,Moderate,No Flood
2022-08-10,Solapur,Maharashtra,17.6599,75.9064,129.2,Extreme,24.5,94.6,Monsoon,1,Very High,7,458,4189.8,13.05,3965,Very High,2022,8,August,Flood,Extreme,Very Heavy,August
2022-08-10,Mumbai,Maharashtra,19.076,72.8777,161.0,Extreme,28.4,99.0,Monsoon,1,Very High,20,8,4913.4,6.96,22030,Very High,2022,8,August,Flood,Extreme,Very Heavy,August
2022-08-10,Mumbai,Maharashtra,19.076,72.8777,4.3,Light,28.8,85.1,Monsoon,0,Unknown,20,8,181.4,2.78,22031,Moderate,2022,8,August,No Flood,Normal,Light,No Flood
2022-08-10,Belagavi,Karnataka,15.8497,74.4977,26.6,Moderate,24.5,79.6,Monsoon,0,Unknown,10,762,759.6,11.36,3255,High,2022,8,August,No Flood,Normal,Moderate,No Flood
2022-08-10,Panaji,Goa,15.4909,73.8278,59.7,Heavy,29.6,89.3,Monsoon,0,Unknown,9,7,1879.1,6.52,2433,Very High,2022,8,August,No Flood,Normal,Heavy,No Flood
2022-08-11,Sangli,Maharashtra,16.8524,74.5815,20.0,Moderate,25.9,76.5,Monsoon,0,Unknown,13,549,538.4,8.88,5134,Moderate,2022,8,August,No Flood,Normal,Moderate,No Flood
2022-08-12,Kolhapur,Maharashtra,16.705,74.2433,4.0,Light,25.4,78.0,Monsoon,0,Unknown,14,569,267.7,6.69,6099,Low,2022,8,August,No Flood,Normal,Light,No Flood
2022-08-12,Kolhapur,Maharashtra,16.705,74.2433,188.9,Extreme,25.3,99.0,Monsoon,1,Very High,14,569,6503.2,19.57,6064,Very High,2022,8,August,Flood,Extreme,Very Heavy,August
2022-08-12,Mumbai,Maharashtra,19.076,72.8777,0.0,No Rain,28.5,76.1,Monsoon,0,Unknown,20,8,114.0,2.22,21988,Low,2022,8,August,No Flood,Normal,No Rain,No Flood
2022-08-12,Satara,Maharashtra,17.6805,73.9997,0.0,No Rain,24.9,90.3,Monsoon,0,Unknown,9,742,170.4,5.14,2836,Low,2022,8,August,No Flood,Normal,No Rain,No Flood
2022-08-13,Satara,Maharashtra,17.6805,73.9997,169.9,Extreme,25.1,99.0,Monsoon,1,Very High,9,742,5073.8,15.95,2855,Very High,2022,8,August,Flood,Extreme,Very Heavy,August
2022-08-13,Sangli,Maharashtra,16.8524,74.5815,7.3,Light,24.5,78.2,Monsoon,0,Unknown,13,549,307.8,6.49,5133,Low,2022,8,August,No Flood,Normal,Light,No Flood
2022-08-13,Raigad,Maharashtra,18.5158,73.1822,31.1,Moderate,25.0,81.1,Monsoon,0,Unknown,16,45,719.0,4.78,1867,High,2022,8,August,No Flood,Normal,Moderate,No Flood
2022-08-13,Belagavi,Karnataka,15.8497,74.4977,14.8,Moderate,23.8,83.0,Monsoon,0,Unknown,10,762,410.3,8.67,3222,Moderate,2022,8,August,No Flood,Normal,Light,No Flood
2022-08-14,Mumbai,Maharashtra,19.076,72.8777,0.0,No Rain,22.0,82.5,Monsoon,0,Unknown,20,8,148.9,2.2,22020,Low,2022,8,August,No Flood,Normal,No Rain,No Flood
2022-08-14,Mumbai,Maharashtra,19.076,72.8777,364.9,Extreme,26.2,99.0,Monsoon,1,Very High,20,8,21921.8,6.96,22034,Very High,2022,8,August,Flood,Extreme,Extreme,August
2022-08-14,Nashik,Maharashtra,19.9975,73.7898,5.5,Light,28.0,89.1,Monsoon,0,Unknown,8,600,228.7,5.43,4322,Low,2022,8,August,No Flood,Normal,Light,No Flood
2022-08-15,Kolhapur,Maharashtra,16.705,74.2433,94.9,Very Heavy,25.5,90.8,Monsoon,1,Very High,14,569,3208.4,19.57,6085,Very High,2022,8,August,Flood,Extreme,Heavy,August
2022-08-15,Satara,Maharashtra,17.6805,73.9997,21.1,Moderate,24.2,84.2,Monsoon,0,Unknown,9,742,549.0,9.36,2850,Moderate,2022,8,August,No Flood,Normal,Moderate,No Flood
2022-08-16,Solapur,Maharashtra,17.6599,75.9064,24.3,Moderate,26.5,78.1,Monsoon,0,Unknown,7,458,516.5,9.03,3958,Moderate,2022,8,August,No Flood,Normal,Moderate,No Flood
2022-08-16,Solapur,Maharashtra,17.6599,75.9064,43.9,Heavy,28.6,71.7,Monsoon,0,Unknown,7,458,1147.8,13.05,3982,High,2022,8,August,No Flood,Normal,Moderate,No Flood
2022-08-16,Satara,Maharashtra,17.6805,73.9997,0.0,No Rain,20.8,80.2,Monsoon,0,Unknown,9,742,151.1,5.2,2830,Low,2022,8,August,No Flood,Normal,No Rain,No Flood
2022-08-16,Ratnagiri,Maharashtra,16.9902,73.312,11.3,Moderate,24.4,84.6,Monsoon,0,Unknown,15,11,351.9,2.77,1701,Moderate,2022,8,August,No Flood,Normal,Light,No Flood
2022-08-16,Raigad,Maharashtra,18.5158,73.1822,22.4,Moderate,26.5,94.9,Monsoon,0,Unknown,16,45,700.9,4.96,1894,High,2022,8,August,No Flood,Normal,Moderate,No Flood
2022-08-16,Mumbai,Maharashtra,19.076,72.8777,77.0,Very Heavy,25.5,95.3,Monsoon,1,Very High,20,8,2407.6,6.96,22028,Very High,2022,8,August,Flood,Extreme,Heavy,August
2022-08-16,Belagavi,Karnataka,15.8497,74.4977,0.0,No Rain,22.2,84.3,Monsoon,0,Unknown,10,762,182.4,5.75,3270,Low,2022,8,August,No Flood,Normal,No Rain,No Flood
2022-08-16,Ratnagiri,Maharashtra,16.9902,73.312,0.0,No Rain,26.5,85.2,Monsoon,0,Unknown,15,11,239.8,2.62,1688,Low,2022,8,August,No Flood,Normal,No Rain,No Flood
2022-08-17,Kolhapur,Maharashtra,16.705,74.2433,132.7,Extreme,21.7,94.0,Monsoon,1,Very High,14,569,3604.4,19.57,6080,Very High,2022,8,August,Flood,Extreme,Very Heavy,August
2022-08-17,Mumbai,Maharashtra,19.076,72.8777,35.7,Heavy,25.7,73.8,Monsoon,0,Unknown,20,8,984.9,6.42,21998,Very High,2022,8,August,No Flood,Normal,Moderate,No Flood
2022-08-17,Raigad,Maharashtra,18.5158,73.1822,52.1,Heavy,22.4,99.0,Monsoon,1,Very High,16,45,1800.1,8.0,1884,Very High,2022,8,August,Flood,Normal,Heavy,August
2022-08-17,Ratnagiri,Maharashtra,16.9902,73.312,63.5,Heavy,28.6,94.5,Monsoon,1,Very High,15,11,1394.0,6.32,1653,Very High,2022,8,August,Flood,Normal,Heavy,August
2022-08-17,Sangli,Maharashtra,16.8524,74.5815,0.0,No Rain,24.9,79.2,Monsoon,0,Unknown,13,549,256.8,6.11,5155,Low,2022,8,August,No Flood,Normal,No Rain,No Flood
2022-08-17,Solapur,Maharashtra,17.6599,75.9064,0.0,No Rain,25.9,79.1,Monsoon,0,Unknown,7,458,115.9,4.19,3996,Low,2022,8,August,No Flood,Normal,No Rain,No Flood
2022-08-18,Satara,Maharashtra,17.6805,73.9997,112.1,Very Heavy,26.1,98.9,Monsoon,1,Very High,9,742,3786.3,15.95,2853,Very High,2022,8,August,Flood,Extreme,Very Heavy,August
2022-08-18,Sangli,Maharashtra,16.8524,74.5815,26.9,Moderate,26.8,85.8,Monsoon,0,Unknown,13,549,692.3,10.55,5128,Moderate,2022,8,August,No Flood,Normal,Moderate,No Flood
2022-08-18,Raigad,Maharashtra,18.5158,73.1822,0.0,No Rain,20.4,75.5,Monsoon,0,Unknown,16,45,256.6,2.79,1897,Moderate,2022,8,August,No Flood,Normal,No Rain,No Flood
2022-08-18,Kolhapur,Maharashtra,16.705,74.2433,0.0,No Rain,25.1,79.7,Monsoon,0,Unknown,14,569,222.7,6.45,6082,Low,2022,8,August,No Flood,Normal,No Rain,No Flood
2022-08-18,Mumbai,Maharashtra,19.076,72.8777,39.9,Heavy,25.9,84.7,Monsoon,1,High,20,8,1122.6,6.52,21987,Very High,2022,8,August,Flood,Normal,Moderate,August
2022-08-18,Mumbai,Maharashtra,19.076,72.8777,213.3,Extreme,27.6,99.0,Monsoon,1,Very High,20,8,9708.0,6.96,21984,Very High,2022,8,August,Flood,Extreme,Extreme,August
2022-08-18,Mumbai,Maharashtra,19.076,72.8777,0.0,No Rain,26.1,85.8,Monsoon,0,Unknown,20,8,153.5,2.28,22002,Low,2022,8,August,No Flood,Normal,No Rain,No Flood
2022-08-19,Nagpur,Maharashtra,21.1458,79.0882,7.3,Light,25.8,99.0,Monsoon,0,Unknown,8,310,249.5,4.75,5324,Low,2022,8,August,No Flood,Normal,Light,No Flood
2022-08-20,Satara,Maharashtra,17.6805,73.9997,3.0,Light,20.6,89.4,Monsoon,0,Unknown,9,742,183.7,5.37,2837,Low,2022,8,August,No Flood,Normal,Light,No Flood
2022-08-20,Ratnagiri,Maharashtra,16.9902,73.312,10.7,Moderate,28.5,88.7,Monsoon,0,Unknown,15,11,346.3,3.28,1684,Moderate,2022,8,August,No Flood,Normal,Light,No Flood
2022-08-20,Nashik,Maharashtra,19.9975,73.7898,0.0,No Rain,24.4,96.7,Monsoon,0,Unknown,8,600,156.9,4.7,4291,Low,2022,8,August,No Flood,Normal,No Rain,No Flood
2022-08-20,Nagpur,Maharashtra,21.1458,79.0882,19.3,Moderate,24.6,81.6,Monsoon,0,Unknown,8,310,416.4,6.07,5320,Moderate,2022,8,August,No Flood,Normal,Light,No Flood
2022-08-20,Panaji,Goa,15.4909,73.8278,0.0,No Rain,22.7,81.9,Monsoon,0,Unknown,9,7,213.2,2.18,2392,Low,2022,8,August,No Flood,Normal,No Rain,No Flood
2022-08-21,Pune,Maharashtra,18.5204,73.8567,125.4,Extreme,23.6,92.5,Monsoon,1,Very High,11,560,4029.7,13.78,9855,Very High,2022,8,August,Flood,Extreme,Very Heavy,August
2022-08-21,Raigad,Maharashtra,18.5158,73.1822,0.0,No Rain,22.9,92.6,Monsoon,0,Unknown,16,45,282.4,3.2,1864,Moderate,2022,8,August,No Flood,Normal,No Rain,No Flood
2022-08-21,Ratnagiri,Maharashtra,16.9902,73.312,0.0,No Rain,27.3,94.1,Monsoon,0,Unknown,15,11,238.0,2.23,1702,Low,2022,8,August,No Flood,Normal,No Rain,No Flood
2022-08-21,Sangli,Maharashtra,16.8524,74.5815,58.6,Heavy,24.3,91.3,Monsoon,0,Unknown,13,549,2037.2,17.39,5128,High,2022,8,August,No Flood,Normal,Heavy,No Flood
2022-08-21,Sangli,Maharashtra,16.8524,74.5815,11.1,Moderate,22.7,95.6,Monsoon,0,Unknown,13,549,390.3,7.51,5126,Moderate,2022,8,August,No Flood,Normal,Light,No Flood
2022-08-22,Sangli,Maharashtra,16.8524,74.5815,10.4,Moderate,26.4,92.5,Monsoon,0,Unknown,13,549,404.3,7.38,5116,Moderate,2022,8,August,No Flood,Normal,Light,No Flood
2022-08-22,Satara,Maharashtra,17.6805,73.9997,5.8,Light,24.9,88.8,Monsoon,0,Unknown,9,742,234.5,6.01,2845,Low,2022,8,August,No Flood,Normal,Light,No Flood
2022-08-22,Raigad,Maharashtra,18.5158,73.1822,42.3,Heavy,24.0,80.4,Monsoon,0,Unknown,16,45,1359.2,6.44,1872,Very High,2022,8,August,No Flood,Normal,Moderate,No Flood
2022-08-22,Ratnagiri,Maharashtra,16.9902,73.312,18.9,Moderate,28.7,89.7,Monsoon,0,Unknown,15,11,494.9,3.82,1690,High,2022,8,August,No Flood,Normal,Light,No Flood
2022-08-23,Kolhapur,Maharashtra,16.705,74.2433,0.0,No Rain,23.5,86.8,Monsoon,0,Unknown,14,569,218.9,6.16,6102,Low,2022,8,August,No Flood,Normal,No Rain,No Flood
2022-08-23,Kolhapur,Maharashtra,16.705,74.2433,203.3,Extreme,26.8,93.1,Monsoon,1,Very High,14,569,11167.8,19.57,6094,Very High,2022,8,August,Flood,Extreme,Extreme,August
2022-08-23,Mumbai,Maharashtra,19.076,72.8777,109.4,Very Heavy,22.9,99.0,Monsoon,1,Very High,20,8,4687.0,6.96,22015,Very High,2022,8,August,Flood,Extreme,Very Heavy,August
2022-08-23,Sangli,Maharashtra,16.8524,74.5815,22.5,Moderate,25.2,89.3,Monsoon,0,Unknown,13,549,663.5,10.01,5141,Moderate,2022,8,August,No Flood,Normal,Moderate,No Flood
2022-08-23,Satara,Maharashtra,17.6805,73.9997,15.1,Moderate,24.0,78.8,Monsoon,0,Unknown,9,742,358.1,7.65,2846,Moderate,2022,8,August,No Flood,Normal,Light,No Flood
2022-08-24,Raigad,Maharashtra,18.5158,73.1822,0.0,No Rain,22.9,84.0,Monsoon,0,Unknown,16,45,265.3,2.74,1864,Moderate,2022,8,August,No Flood,Normal,No Rain,No Flood
2022-08-24,Satara,Maharashtra,17.6805,73.9997,35.6,Heavy,21.3,78.7,Monsoon,1,Moderate,9,742,748.7,11.29,2853,High,2022,8,August,Flood,Normal,Moderate,August
2022-08-24,Satara,Maharashtra,17.6805,73.9997,15.5,Moderate,24.9,93.5,Monsoon,0,Unknown,9,742,375.6,7.88,2826,Moderate,2022,8,August,No Flood,Normal,Light,No Flood
2022-08-24,Raigad,Maharashtra,18.5158,73.1822,7.1,Light,24.3,84.1,Monsoon,0,Unknown,16,45,337.8,2.82,1890,Moderate,2022,8,August,No Flood,Normal,Light,No Flood
2022-08-24,Nashik,Maharashtra,19.9975,73.7898,16.8,Moderate,24.9,98.7,Monsoon,0,Unknown,8,600,387.6,7.03,4291,Moderate,2022,8,August,No Flood,Normal,Light,No Flood
2022-08-24,Pune,Maharashtra,18.5204,73.8567,17.0,Moderate,26.8,72.1,Monsoon,0,Unknown,11,560,387.9,6.23,9822,Moderate,2022,8,August,No Flood,Normal,Light,No Flood
2022-08-24,Kolhapur,Maharashtra,16.705,74.2433,3.8,Light,25.4,81.1,Monsoon,0,Unknown,14,569,252.2,6.67,6096,Low,2022,8,August,No Flood,Normal,Light,No Flood
2022-08-24,Pune,Maharashtra,18.5204,73.8567,0.0,No Rain,25.6,86.7,Monsoon,0,Unknown,11,560,172.0,4.55,9852,Low,2022,8,August,No Flood,Normal,No Rain,No Flood
2022-08-24,Nagpur,Maharashtra,21.1458,79.0882,10.9,Moderate,22.6,90.6,Monsoon,0,Unknown,8,310,325.4,4.97,5317,Moderate,2022,8,August,No Flood,Normal,Light,No Flood
2022-08-25,Ratnagiri,Maharashtra,16.9902,73.312,0.0,No Rain,26.7,90.4,Monsoon,0,Unknown,15,11,236.7,2.65,1699,Low,2022,8,August,No Flood,Normal,No Rain,No Flood
2022-08-25,Ratnagiri,Maharashtra,16.9902,73.312,0.0,No Rain,23.3,80.9,Monsoon,0,Unknown,15,11,239.5,2.83,1657,Low,2022,8,August,No Flood,Normal,No Rain,No Flood
2022-08-25,Sangli,Maharashtra,16.8524,74.5815,57.8,Heavy,24.1,86.2,Monsoon,1,Very High,13,549,1867.9,16.77,5124,Very High,2022,8,August,Flood,Normal,Heavy,August
2022-08-26,Mumbai,Maharashtra,19.076,72.8777,24.2,Moderate,24.5,86.6,Monsoon,0,Unknown,20,8,629.2,4.53,21982,High,2022,8,August,No Flood,Normal,Moderate,No Flood
2022-08-26,Satara,Maharashtra,17.6805,73.9997,72.5,Very Heavy,19.8,82.9,Monsoon,0,Unknown,9,742,2005.3,15.95,2812,Very High,2022,8,August,No Flood,Extreme,Heavy,No Flood
2022-08-27,Ratnagiri,Maharashtra,16.9902,73.312,52.6,Heavy,22.5,86.1,Monsoon,0,Unknown,15,11,1686.5,6.91,1701,Very High,2022,8,August,No Flood,Normal,Heavy,No Flood
2022-08-27,Belagavi,Karnataka,15.8497,74.4977,9.3,Moderate,23.2,87.2,Monsoon,0,Unknown,10,762,284.8,6.86,3242,Moderate,2022,8,August,No Flood,Normal,Light,No Flood
2022-08-27,Mumbai,Maharashtra,19.076,72.8777,57.1,Heavy,30.1,95.8,Monsoon,1,Very High,20,8,1917.9,6.96,21984,Very High,2022,8,August,Flood,Normal,Heavy,August
2022-08-27,Mumbai,Maharashtra,19.076,72.8777,8.8,Moderate,28.7,85.0,Monsoon,0,Unknown,20,8,238.9,2.71,22016,Moderate,2022,8,August,No Flood,Normal,Light,No Flood
2022-08-27,Panaji,Goa,15.4909,73.8278,6.1,Light,24.9,85.9,Monsoon,0,Unknown,9,7,269.7,2.14,2415,Moderate,2022,8,August,No Flood,Normal,Light,No Flood
2022-08-28,Sangli,Maharashtra,16.8524,74.5815,22.7,Moderate,20.0,83.7,Monsoon,0,Unknown,13,549,692.9,9.88,5138,Moderate,2022,8,August,No Flood,Normal,Moderate,No Flood
2022-08-28,Sangli,Maharashtra,16.8524,74.5815,88.9,Very Heavy,22.6,99.0,Monsoon,1,Very High,13,549,2711.3,18.56,5124,Very High,2022,8,August,Flood,Extreme,Heavy,August
2022-08-28,Mumbai,Maharashtra,19.076,72.8777,64.3,Heavy,25.5,99.0,Monsoon,1,Very High,20,8,1835.3,6.96,22011,Very High,2022,8,August,Flood,Normal,Heavy,August
2022-08-28,Raigad,Maharashtra,18.5158,73.1822,8.3,Moderate,21.6,79.4,Monsoon,0,Unknown,16,45,365.4,3.72,1883,Moderate,2022,8,August,No Flood,Normal,Light,No Flood
2022-08-29,Kolhapur,Maharashtra,16.705,74.2433,21.2,Moderate,25.0,72.8,Monsoon,0,Unknown,14,569,625.0,10.7,6057,Moderate,2022,8,August,No Flood,Normal,Moderate,No Flood
2022-08-29,Kolhapur,Maharashtra,16.705,74.2433,16.1,Moderate,23.5,79.2,Monsoon,0,Unknown,14,569,384.5,8.48,6081,Moderate,2022,8,August,No Flood,Normal,Light,No Flood
2022-08-29,Kolhapur,Maharashtra,16.705,74.2433,0.0,No Rain,25.2,73.2,Monsoon,0,Unknown,14,569,202.2,5.75,6072,Low,2022,8,August,No Flood,Normal,No Rain,No Flood
2022-08-29,Pune,Maharashtra,18.5204,73.8567,16.2,Moderate,17.5,90.9,Monsoon,0,Unknown,11,560,480.8,6.94,9865,Moderate,2022,8,August,No Flood,Normal,Light,No Flood
2022-08-30,Pune,Maharashtra,18.5204,73.8567,17.2,Moderate,25.5,89.1,Monsoon,0,Unknown,11,560,483.4,7.39,9832,Moderate,2022,8,August,No Flood,Normal,Light,No Flood
2022-08-30,Raigad,Maharashtra,18.5158,73.1822,21.1,Moderate,27.9,89.2,Monsoon,0,Unknown,16,45,585.1,3.93,1884,Moderate,2022,8,August,No Flood,Normal,Moderate,No Flood
2022-08-30,Raigad,Maharashtra,18.5158,73.1822,19.0,Moderate,22.3,85.4,Monsoon,0,Unknown,16,45,526.3,3.76,1866,Moderate,2022,8,August,No Flood,Normal,Light,No Flood
2022-08-31,Nashik,Maharashtra,19.9975,73.7898,19.3,Moderate,23.5,76.4,Monsoon,0,Unknown,8,600,528.7,8.41,4312,Moderate,2022,8,August,No Flood,Normal,Light,No Flood
2022-09-01,Kolhapur,Maharashtra,16.705,74.2433,25.5,Moderate,25.8,86.2,Monsoon,0,Unknown,14,569,706.9,10.87,6084,Moderate,2022,9,September,No Flood,Normal,Moderate,No Flood
2022-09-01,Mumbai,Maharashtra,19.076,72.8777,21.1,Moderate,24.7,88.4,Monsoon,0,Unknown,20,8,560.0,4.48,22002,High,2022,9,September,No Flood,Normal,Moderate,No Flood
2022-09-02,Pune,Maharashtra,18.5204,73.8567,10.5,Moderate,22.5,88.3,Monsoon,0,Unknown,11,560,291.9,5.48,9871,Moderate,2022,9,September,No Flood,Normal,Light,No Flood
2022-09-02,Sangli,Maharashtra,16.8524,74.5815,32.3,Moderate,24.0,99.0,Monsoon,0,Unknown,13,549,740.9,10.47,5105,Moderate,2022,9,September,No Flood,Normal,Moderate,No Flood
2022-09-02,Solapur,Maharashtra,17.6599,75.9064,44.1,Heavy,26.6,89.2,Monsoon,1,High,7,458,867.1,12.05,3956,Very High,2022,9,September,Flood,Normal,Moderate,September
2022-09-03,Kolhapur,Maharashtra,16.705,74.2433,7.3,Light,23.9,99.0,Monsoon,0,Unknown,14,569,300.3,7.74,6088,Moderate,2022,9,September,No Flood,Normal,Light,No Flood
2022-09-03,Nashik,Maharashtra,19.9975,73.7898,19.5,Moderate,24.5,82.2,Monsoon,0,Unknown,8,600,563.1,8.47,4282,Moderate,2022,9,September,No Flood,Normal,Light,No Flood
2022-09-03,Nashik,Maharashtra,19.9975,73.7898,14.9,Moderate,22.8,87.3,Monsoon,0,Unknown,8,600,333.1,6.04,4301,Moderate,2022,9,September,No Flood,Normal,Light,No Flood
2022-09-03,Ratnagiri,Maharashtra,16.9902,73.312,0.0,No Rain,28.1,70.7,Monsoon,0,Unknown,15,11,231.9,2.59,1658,Low,2022,9,September,No Flood,Normal,No Rain,No Flood
2022-09-04,Sangli,Maharashtra,16.8524,74.5815,10.8,Moderate,24.0,84.9,Monsoon,0,Unknown,13,549,320.3,6.74,5113,Moderate,2022,9,September,No Flood,Normal,Light,No Flood
2022-09-05,Jalgaon,Maharashtra,21.0077,75.5626,54.7,Heavy,26.8,96.5,Monsoon,1,Very High,6,209,1250.8,11.6,3364,Very High,2022,9,September,Flood,Normal,Heavy,September
2022-09-05,Nashik,Maharashtra,19.9975,73.7898,28.5,Moderate,22.8,90.7,Monsoon,1,Moderate,8,600,731.8,9.83,4317,High,2022,9,September,Flood,Normal,Moderate,September
2022-09-05,Ratnagiri,Maharashtra,16.9902,73.312,12.8,Moderate,27.6,90.6,Monsoon,0,Unknown,15,11,390.6,3.58,1703,Moderate,2022,9,September,No Flood,Normal,Light,No Flood
2022-09-06,Belagavi,Karnataka,15.8497,74.4977,66.1,Very Heavy,26.2,90.7,Monsoon,0,Unknown,10,762,1744.4,16.68,3221,Very High,2022,9,September,No Flood,Extreme,Heavy,No Flood
2022-09-06,Nagpur,Maharashtra,21.1458,79.0882,12.8,Moderate,25.2,99.0,Monsoon,0,Unknown,8,310,400.2,5.93,5338,Moderate,2022,9,September,No Flood,Normal,Light,No Flood
2022-09-06,Nashik,Maharashtra,19.9975,73.7898,126.5,Extreme,23.9,89.2,Monsoon,1,Very High,8,600,3822.4,14.79,4299,Very High,2022,9,September,Flood,Extreme,Very Heavy,September
2022-09-06,Satara,Maharashtra,17.6805,73.9997,4.1,Light,26.9,78.1,Monsoon,0,Unknown,9,742,207.3,5.92,2814,Low,2022,9,September,No Flood,Normal,Light,No Flood
2022-09-07,Nashik,Maharashtra,19.9975,73.7898,12.2,Moderate,22.9,77.1,Monsoon,0,Unknown,8,600,294.0,6.31,4298,Moderate,2022,9,September,No Flood,Normal,Light,No Flood
2022-09-07,Mumbai,Maharashtra,19.076,72.8777,9.9,Moderate,27.6,92.0,Monsoon,0,Unknown,20,8,249.3,2.93,22001,Moderate,2022,9,September,No Flood,Normal,Light,No Flood
2022-09-07,Kolhapur,Maharashtra,16.705,74.2433,102.2,Very Heavy,24.6,98.5,Monsoon,1,Very High,14,569,2947.8,19.57,6056,Very High,2022,9,September,Flood,Extreme,Very Heavy,September
2022-09-07,Kolhapur,Maharashtra,16.705,74.2433,28.0,Moderate,22.4,78.2,Monsoon,0,Unknown,14,569,874.6,13.23,6074,High,2022,9,September,No Flood,Normal,Moderate,No Flood
2022-09-07,Kolhapur,Maharashtra,16.705,74.2433,95.6,Very Heavy,22.8,99.0,Monsoon,1,Very High,14,569,3856.0,19.57,6078,Very High,2022,9,September,Flood,Extreme,Heavy,September
2022-09-08,Ratnagiri,Maharashtra,16.9902,73.312,22.2,Moderate,27.7,86.4,Monsoon,0,Unknown,15,11,568.2,3.69,1663,Moderate,2022,9,September,No Flood,Normal,Moderate,No Flood
2022-09-08,Satara,Maharashtra,17.6805,73.9997,0.0,No Rain,23.4,77.0,Monsoon,0,Unknown,9,742,151.9,4.69,2815,Low,2022,9,September,No Flood,Normal,No Rain,No Flood
2022-09-08,Solapur,Maharashtra,17.6599,75.9064,78.5,Very Heavy,27.8,85.1,Monsoon,0,Unknown,7,458,1707.8,13.05,4005,High,2022,9,September,No Flood,Extreme,Heavy,No Flood
2022-09-09,Nashik,Maharashtra,19.9975,73.7898,11.5,Moderate,23.5,80.3,Monsoon,0,Unknown,8,600,276.6,6.43,4312,Moderate,2022,9,September,No Flood,Normal,Light,No Flood
2022-09-09,Pune,Maharashtra,18.5204,73.8567,0.0,No Rain,22.6,91.4,Monsoon,0,Unknown,11,560,206.5,4.69,9850,Low,2022,9,September,No Flood,Normal,No Rain,No Flood
2022-09-10,Sangli,Maharashtra,16.8524,74.5815,0.0,No Rain,20.7,87.0,Monsoon,0,Unknown,13,549,247.2,5.99,5133,Low,2022,9,September,No Flood,Normal,No Rain,No Flood
2022-09-10,Satara,Maharashtra,17.6805,73.9997,0.0,No Rain,21.6,86.7,Monsoon,0,Unknown,9,742,159.6,5.46,2801,Low,2022,9,September,No Flood,Normal,No Rain,No Flood
2022-09-10,Nashik,Maharashtra,19.9975,73.7898,0.0,No Rain,24.1,91.2,Monsoon,0,Unknown,8,600,174.0,5.02,4305,Low,2022,9,September,No Flood,Normal,No Rain,No Flood
2022-09-10,Kolhapur,Maharashtra,16.705,74.2433,4.0,Light,26.5,77.6,Monsoon,0,Unknown,14,569,238.8,6.22,6088,Low,2022,9,September,No Flood,Normal,Light,No Flood
2022-09-10,Nagpur,Maharashtra,21.1458,79.0882,22.8,Moderate,26.2,84.9,Monsoon,0,Unknown,8,310,571.3,6.88,5326,Moderate,2022,9,September,No Flood,Normal,Moderate,No Flood
2022-09-11,Jalgaon,Maharashtra,21.0077,75.5626,13.9,Moderate,25.9,90.3,Monsoon,0,Unknown,6,209,351.5,5.93,3347,Moderate,2022,9,September,No Flood,Normal,Light,No Flood
2022-09-11,Kolhapur,Maharashtra,16.705,74.2433,7.7,Moderate,21.6,87.9,Monsoon,0,Unknown,14,569,293.3,7.32,6099,Moderate,2022,9,September,No Flood,Normal,Light,No Flood
2022-09-11,Mumbai,Maharashtra,19.076,72.8777,212.4,Extreme,26.8,99.0,Monsoon,1,Very High,20,8,9764.8,6.96,21988,Very High,2022,9,September,Flood,Extreme,Extreme,September
2022-09-11,Panaji,Goa,15.4909,73.8278,14.6,Moderate,32.1,83.3,Monsoon,0,Unknown,9,7,436.1,3.26,2421,High,2022,9,September,No Flood,Normal,Light,No Flood
2022-09-11,Pune,Maharashtra,18.5204,73.8567,0.0,No Rain,24.2,95.9,Monsoon,0,Unknown,11,560,209.8,4.45,9841,Low,2022,9,September,No Flood,Normal,No Rain,No Flood
2022-09-12,Jalgaon,Maharashtra,21.0077,75.5626,61.2,Heavy,24.8,88.5,Monsoon,1,Very High,6,209,1800.7,11.6,3379,Very High,2022,9,September,Flood,Normal,Heavy,September
2022-09-12,Pune,Maharashtra,18.5204,73.8567,0.0,No Rain,20.6,84.7,Monsoon,0,Unknown,11,560,207.2,4.72,9851,Low,2022,9,September,No Flood,Normal,No Rain,No Flood
2022-09-12,Sangli,Maharashtra,16.8524,74.5815,47.7,Heavy,23.4,98.0,Monsoon,0,Unknown,13,549,1466.5,14.71,5128,High,2022,9,September,No Flood,Normal,Moderate,No Flood
2022-09-13,Belagavi,Karnataka,15.8497,74.4977,3.3,Light,22.6,93.2,Monsoon,0,Unknown,10,762,196.4,5.52,3231,Low,2022,9,September,No Flood,Normal,Light,No Flood
2022-09-13,Kolhapur,Maharashtra,16.705,74.2433,0.0,No Rain,21.4,79.8,Monsoon,0,Unknown,14,569,216.0,6.68,6067,Low,2022,9,September,No Flood,Normal,No Rain,No Flood
2022-09-13,Raigad,Maharashtra,18.5158,73.1822,8.4,Moderate,21.7,84.6,Monsoon,0,Unknown,16,45,324.9,2.96,1890,Moderate,2022,9,September,No Flood,Normal,Light,No Flood
2022-09-13,Ratnagiri,Maharashtra,16.9902,73.312,7.2,Light,29.0,94.1,Monsoon,0,Unknown,15,11,325.7,2.76,1665,Moderate,2022,9,September,No Flood,Normal,Light,No Flood
2022-09-13,Ratnagiri,Maharashtra,16.9902,73.312,0.0,No Rain,25.6,77.7,Monsoon,0,Unknown,15,11,225.5,2.12,1704,Low,2022,9,September,No Flood,Normal,No Rain,No Flood
2022-09-14,Sangli,Maharashtra,16.8524,74.5815,69.7,Very Heavy,24.2,91.8,Monsoon,0,Unknown,13,549,2062.4,17.74,5131,Very High,2022,9,September,No Flood,Extreme,Heavy,No Flood
2022-09-14,Solapur,Maharashtra,17.6599,75.9064,20.5,Moderate,28.6,80.6,Monsoon,0,Unknown,7,458,504.6,9.23,3977,Moderate,2022,9,September,No Flood,Normal,Moderate,No Flood
2022-09-14,Mumbai,Maharashtra,19.076,72.8777,0.0,No Rain,28.3,86.5,Monsoon,0,Unknown,20,8,143.3,2.51,21998,Low,2022,9,September,No Flood,Normal,No Rain,No Flood
2022-09-14,Raigad,Maharashtra,18.5158,73.1822,11.4,Moderate,26.5,80.7,Monsoon,0,Unknown,16,45,434.1,3.64,1906,Moderate,2022,9,September,No Flood,Normal,Light,No Flood
2022-09-15,Pune,Maharashtra,18.5204,73.8567,8.4,Moderate,22.7,99.0,Monsoon,0,Unknown,11,560,291.1,5.11,9858,Moderate,2022,9,September,No Flood,Normal,Light,No Flood
2022-09-15,Solapur,Maharashtra,17.6599,75.9064,14.2,Moderate,24.6,76.1,Monsoon,0,Unknown,7,458,271.2,6.35,4011,Moderate,2022,9,September,No Flood,Normal,Light,No Flood
2022-09-16,Kolhapur,Maharashtra,16.705,74.2433,0.0,No Rain,24.4,73.8,Monsoon,0,Unknown,14,569,215.2,5.92,6088,Low,2022,9,September,No Flood,Normal,No Rain,No Flood
2022-09-16,Pune,Maharashtra,18.5204,73.8567,8.2,Moderate,29.2,94.5,Monsoon,0,Unknown,11,560,309.6,5.6,9845,Moderate,2022,9,September,No Flood,Normal,Light,No Flood
2022-09-16,Satara,Maharashtra,17.6805,73.9997,25.9,Moderate,27.3,83.8,Monsoon,0,Unknown,9,742,623.2,10.4,2804,Moderate,2022,9,September,No Flood,Normal,Moderate,No Flood
2022-09-17,Sangli,Maharashtra,16.8524,74.5815,15.9,Moderate,26.7,87.6,Monsoon,0,Unknown,13,549,428.4,7.79,5105,Moderate,2022,9,September,No Flood,Normal,Light,No Flood
2022-09-17,Satara,Maharashtra,17.6805,73.9997,16.4,Moderate,25.4,87.0,Monsoon,0,Unknown,9,742,374.7,8.07,2824,Moderate,2022,9,September,No Flood,Normal,Light,No Flood
2022-09-17,Belagavi,Karnataka,15.8497,74.4977,155.2,Extreme,27.5,97.3,Monsoon,1,Very High,10,762,6387.9,16.68,3261,Very High,2022,9,September,Flood,Extreme,Very Heavy,September
2022-09-18,Jalgaon,Maharashtra,21.0077,75.5626,47.6,Heavy,24.7,79.0,Monsoon,0,Unknown,6,209,1322.7,11.6,3333,High,2022,9,September,No Flood,Normal,Moderate,No Flood
2022-09-18,Mumbai,Maharashtra,19.076,72.8777,64.4,Heavy,27.8,98.1,Monsoon,1,Very High,20,8,1947.5,6.96,21995,Very High,2022,9,September,Flood,Normal,Heavy,September
2022-09-18,Raigad,Maharashtra,18.5158,73.1822,42.4,Heavy,24.2,93.4,Monsoon,1,High,16,45,1355.9,6.53,1863,Very High,2022,9,September,Flood,Normal,Moderate,September
2022-09-18,Raigad,Maharashtra,18.5158,73.1822,33.5,Moderate,28.4,81.2,Monsoon,0,Unknown,16,45,925.2,5.4,1905,High,2022,9,September,No Flood,Normal,Moderate,No Flood
2022-09-19,Satara,Maharashtra,17.6805,73.9997,2.4,Light,26.4,88.8,Monsoon,0,Unknown,9,742,178.1,5.0,2836,Low,2022,9,September,No Flood,Normal,Light,No Flood
2022-09-19,Satara,Maharashtra,17.6805,73.9997,24.2,Moderate,24.9,79.2,Monsoon,0,Unknown,9,742,591.4,9.8,2813,Moderate,2022,9,September,No Flood,Normal,Moderate,No Flood
2022-09-20,Sangli,Maharashtra,16.8524,74.5815,16.1,Moderate,22.8,84.6,Monsoon,0,Unknown,13,549,466.6,8.09,5106,Moderate,2022,9,September,No Flood,Normal,Light,No Flood
2022-09-20,Nagpur,Maharashtra,21.1458,79.0882,22.6,Moderate,24.4,83.7,Monsoon,0,Unknown,8,310,558.2,7.31,5337,High,2022,9,September,No Flood,Normal,Moderate,No Flood
2022-09-20,Raigad,Maharashtra,18.5158,73.1822,42.0,Heavy,23.8,84.2,Monsoon,1,Very High,16,45,1432.8,6.56,1876,Very High,2022,9,September,Flood,Normal,Moderate,September
2022-09-21,Satara,Maharashtra,17.6805,73.9997,12.9,Moderate,25.4,85.1,Monsoon,0,Unknown,9,742,335.5,7.85,2814,Moderate,2022,9,September,No Flood,Normal,Light,No Flood
2022-09-21,Sangli,Maharashtra,16.8524,74.5815,16.8,Moderate,26.6,91.0,Monsoon,0,Unknown,13,549,505.8,8.97,5158,Moderate,2022,9,September,No Flood,Normal,Light,No Flood
2022-09-21,Panaji,Goa,15.4909,73.8278,5.1,Light,28.3,87.8,Monsoon,0,Unknown,9,7,237.1,2.59,2415,Low,2022,9,September,No Flood,Normal,Light,No Flood
2022-09-21,Kolhapur,Maharashtra,16.705,74.2433,0.0,No Rain,25.1,88.6,Monsoon,0,Unknown,14,569,216.4,6.33,6098,Low,2022,9,September,No Flood,Normal,No Rain,No Flood
2022-09-22,Kolhapur,Maharashtra,16.705,74.2433,0.0,No Rain,22.2,83.8,Monsoon,0,Unknown,14,569,213.6,6.2,6062,Low,2022,9,September,No Flood,Normal,No Rain,No Flood
2022-09-22,Mumbai,Maharashtra,19.076,72.8777,65.7,Very Heavy,28.0,83.1,Monsoon,0,Unknown,20,8,1524.2,6.96,22015,Very High,2022,9,September,No Flood,Extreme,Heavy,No Flood
2022-09-22,Ratnagiri,Maharashtra,16.9902,73.312,0.0,No Rain,21.9,79.8,Monsoon,0,Unknown,15,11,224.8,2.71,1683,Low,2022,9,September,No Flood,Normal,No Rain,No Flood
2022-09-22,Ratnagiri,Maharashtra,16.9902,73.312,18.1,Moderate,27.0,80.9,Monsoon,0,Unknown,15,11,507.8,3.65,1650,Moderate,2022,9,September,No Flood,Normal,Light,No Flood
2022-09-22,Sangli,Maharashtra,16.8524,74.5815,88.4,Very Heavy,23.6,95.0,Monsoon,1,Very High,13,549,2536.0,18.56,5144,Very High,2022,9,September,Flood,Extreme,Heavy,September
2022-09-23,Belagavi,Karnataka,15.8497,74.4977,0.0,No Rain,21.7,89.1,Monsoon,0,Unknown,10,762,188.7,5.65,3235,Low,2022,9,September,No Flood,Normal,No Rain,No Flood
2022-09-24,Satara,Maharashtra,17.6805,73.9997,8.5,Moderate,25.1,86.1,Monsoon,0,Unknown,9,742,274.0,7.22,2803,Moderate,2022,9,September,No Flood,Normal,Light,No Flood
2022-09-25,Satara,Maharashtra,17.6805,73.9997,0.0,No Rain,24.2,80.7,Monsoon,0,Unknown,9,742,168.8,4.98,2839,Low,2022,9,September,No Flood,Normal,No Rain,No Flood
2022-09-25,Ratnagiri,Maharashtra,16.9902,73.312,19.2,Moderate,23.8,75.2,Monsoon,0,Unknown,15,11,525.6,4.1,1653,High,2022,9,September,No Flood,Normal,Light,No Flood
2022-09-25,Raigad,Maharashtra,18.5158,73.1822,71.7,Very Heavy,19.1,89.8,Monsoon,1,Very High,16,45,1965.4,8.05,1873,Very High,2022,9,September,Flood,Extreme,Heavy,September
2022-09-25,Belagavi,Karnataka,15.8497,74.4977,36.9,Heavy,24.3,99.0,Monsoon,0,Unknown,10,762,872.0,11.95,3272,High,2022,9,September,No Flood,Normal,Moderate,No Flood
2022-09-25,Mumbai,Maharashtra,19.076,72.8777,0.0,No Rain,25.8,78.7,Monsoon,0,Unknown,20,8,144.1,2.24,22003,Low,2022,9,September,No Flood,Normal,No Rain,No Flood
2022-09-25,Kolhapur,Maharashtra,16.705,74.2433,32.8,Moderate,21.8,87.3,Monsoon,0,Unknown,14,569,674.9,11.35,6065,High,2022,9,September,No Flood,Normal,Moderate,No Flood
2022-09-25,Panaji,Goa,15.4909,73.8278,83.2,Very Heavy,28.3,99.0,Monsoon,1,Very High,9,7,2407.4,6.52,2390,Very High,2022,9,September,Flood,Extreme,Heavy,September
2022-09-26,Belagavi,Karnataka,15.8497,74.4977,10.5,Moderate,23.1,83.1,Monsoon,0,Unknown,10,762,286.2,6.45,3262,Moderate,2022,9,September,No Flood,Normal,Light,No Flood
2022-09-27,Satara,Maharashtra,17.6805,73.9997,49.0,Heavy,25.5,79.5,Monsoon,1,Very High,9,742,1547.1,15.95,2829,Very High,2022,9,September,Flood,Normal,Moderate,September
2022-09-27,Solapur,Maharashtra,17.6599,75.9064,92.7,Very Heavy,22.7,87.9,Monsoon,1,Very High,7,458,2244.4,13.05,3968,Very High,2022,9,September,Flood,Extreme,Heavy,September
2022-09-28,Jalgaon,Maharashtra,21.0077,75.5626,0.0,No Rain,23.4,71.5,Monsoon,0,Unknown,6,209,109.7,3.46,3334,Low,2022,9,September,No Flood,Normal,No Rain,No Flood
2022-09-29,Jalgaon,Maharashtra,21.0077,75.5626,40.1,Heavy,27.9,85.5,Monsoon,0,Unknown,6,209,1026.9,11.21,3328,High,2022,9,September,No Flood,Normal,Moderate,No Flood
2022-09-29,Kolhapur,Maharashtra,16.705,74.2433,101.3,Very Heavy,24.6,99.0,Monsoon,1,Very High,14,569,4108.2,19.57,6086,Very High,2022,9,September,Flood,Extreme,Very Heavy,September
2022-09-29,Sangli,Maharashtra,16.8524,74.5815,0.0,No Rain,26.8,86.0,Monsoon,0,Unknown,13,549,254.0,6.26,5157,Low,2022,9,September,No Flood,Normal,No Rain,No Flood
2022-09-30,Mumbai,Maharashtra,19.076,72.8777,14.4,Moderate,27.8,94.1,Monsoon,0,Unknown,20,8,303.5,3.44,22006,Moderate,2022,9,September,No Flood,Normal,Light,No Flood
2022-09-30,Panaji,Goa,15.4909,73.8278,107.4,Very Heavy,23.4,94.6,Monsoon,1,Very High,9,7,3317.5,6.52,2393,Very High,2022,9,September,Flood,Extreme,Very Heavy,September
2022-09-30,Panaji,Goa,15.4909,73.8278,27.9,Moderate,26.8,93.3,Monsoon,0,Unknown,9,7,558.4,3.72,2423,High,2022,9,September,No Flood,Normal,Moderate,No Flood
2022-09-30,Ratnagiri,Maharashtra,16.9902,73.312,34.1,Moderate,27.1,78.5,Monsoon,1,Moderate,15,11,895.6,5.21,1647,High,2022,9,September,Flood,Normal,Moderate,September
2022-10-02,Sangli,Maharashtra,16.8524,74.5815,0.0,No Rain,24.0,63.8,Post-Monsoon,0,Unknown,13,549,94.6,3.6,5121,Low,2022,10,October,No Flood,Normal,No Rain,No Flood
2022-10-02,Kolhapur,Maharashtra,16.705,74.2433,28.3,Moderate,25.3,61.1,Post-Monsoon,0,Unknown,14,569,701.7,11.34,6063,High,2022,10,October,No Flood,Normal,Moderate,No Flood
2022-10-02,Jalgaon,Maharashtra,21.0077,75.5626,0.0,No Rain,26.9,63.2,Post-Monsoon,0,Unknown,6,209,35.9,1.62,3382,Low,2022,10,October,No Flood,Normal,No Rain,No Flood
2022-10-03,Jalgaon,Maharashtra,21.0077,75.5626,0.0,No Rain,27.5,65.3,Post-Monsoon,0,Unknown,6,209,42.9,2.0,3372,Low,2022,10,October,No Flood,Normal,No Rain,No Flood
2022-10-03,Panaji,Goa,15.4909,73.8278,0.0,No Rain,23.1,71.2,Post-Monsoon,0,Unknown,9,7,93.8,1.24,2394,Low,2022,10,October,No Flood,Normal,No Rain,No Flood
2022-10-03,Pune,Maharashtra,18.5204,73.8567,0.0,No Rain,28.2,64.0,Post-Monsoon,0,Unknown,11,560,47.1,2.25,9880,Low,2022,10,October,No Flood,Normal,No Rain,No Flood
2022-10-05,Satara,Maharashtra,17.6805,73.9997,0.0,No Rain,26.9,65.7,Post-Monsoon,0,Unknown,9,742,56.7,3.04,2839,Low,2022,10,October,No Flood,Normal,No Rain,No Flood
2022-10-06,Mumbai,Maharashtra,19.076,72.8777,0.0,No Rain,32.5,71.4,Post-Monsoon,0,Unknown,20,8,69.4,1.33,21991,Low,2022,10,October,No Flood,Normal,No Rain,No Flood
2022-10-06,Pune,Maharashtra,18.5204,73.8567,0.0,No Rain,22.2,62.2,Post-Monsoon,0,Unknown,11,560,71.6,2.32,9872,Low,2022,10,October,No Flood,Normal,No Rain,No Flood
2022-10-06,Satara,Maharashtra,17.6805,73.9997,0.0,No Rain,22.9,60.1,Post-Monsoon,0,Unknown,9,742,64.4,3.47,2845,Low,2022,10,October,No Flood,Normal,No Rain,No Flood
2022-10-07,Mumbai,Maharashtra,19.076,72.8777,0.0,No Rain,28.2,63.9,Post-Monsoon,0,Unknown,20,8,38.2,1.22,21979,Low,2022,10,October,No Flood,Normal,No Rain,No Flood
2022-10-07,Solapur,Maharashtra,17.6599,75.9064,0.0,No Rain,27.1,58.2,Post-Monsoon,0,Unknown,7,458,23.9,2.0,3976,Low,2022,10,October,No Flood,Normal,No Rain,No Flood
2022-10-09,Pune,Maharashtra,18.5204,73.8567,0.0,No Rain,24.0,80.9,Post-Monsoon,0,Unknown,11,560,84.5,2.59,9850,Low,2022,10,October,No Flood,Normal,No Rain,No Flood
2022-10-09,Kolhapur,Maharashtra,16.705,74.2433,0.0,No Rain,19.8,54.7,Post-Monsoon,0,Unknown,14,569,63.9,3.51,6099,Low,2022,10,October,No Flood,Normal,No Rain,No Flood
2022-10-14,Pune,Maharashtra,18.5204,73.8567,0.0,No Rain,22.6,67.9,Post-Monsoon,0,Unknown,11,560,84.3,2.86,9831,Low,2022,10,October,No Flood,Normal,No Rain,No Flood
2022-10-14,Ratnagiri,Maharashtra,16.9902,73.312,14.8,Moderate,29.6,66.3,Post-Monsoon,0,Unknown,15,11,272.2,2.6,1679,Moderate,2022,10,October,No Flood,Normal,Light,No Flood
2022-10-15,Jalgaon,Maharashtra,21.0077,75.5626,0.0,No Rain,28.9,60.2,Post-Monsoon,0,Unknown,6,209,52.6,2.23,3372,Low,2022,10,October,No Flood,Normal,No Rain,No Flood
2022-10-16,Mumbai,Maharashtra,19.076,72.8777,0.0,No Rain,24.7,55.3,Post-Monsoon,0,Unknown,20,8,75.7,1.32,22017,Low,2022,10,October,No Flood,Normal,No Rain,No Flood
2022-10-16,Pune,Maharashtra,18.5204,73.8567,0.0,No Rain,27.0,65.2,Post-Monsoon,0,Unknown,11,560,71.2,2.27,9837,Low,2022,10,October,No Flood,Normal,No Rain,No Flood
2022-10-17,Nagpur,Maharashtra,21.1458,79.0882,0.0,No Rain,28.4,74.6,Post-Monsoon,0,Unknown,8,310,86.8,2.71,5326,Low,2022,10,October,No Flood,Normal,No Rain,No Flood
2022-10-17,Sangli,Maharashtra,16.8524,74.5815,0.0,No Rain,28.6,76.4,Post-Monsoon,0,Unknown,13,549,125.2,3.77,5164,Low,2022,10,October,No Flood,Normal,No Rain,No Flood
2022-10-18,Sangli,Maharashtra,16.8524,74.5815,0.0,No Rain,26.2,62.6,Post-Monsoon,0,Unknown,13,549,112.3,3.4,5131,Low,2022,10,October,No Flood,Normal,No Rain,No Flood
2022-10-18,Satara,Maharashtra,17.6805,73.9997,0.0,No Rain,24.2,64.6,Post-Monsoon,0,Unknown,9,742,18.9,1.5,2830,Low,2022,10,October,No Flood,Normal,No Rain,No Flood
2022-10-19,Nashik,Maharashtra,19.9975,73.7898,2.8,Light,22.4,60.5,Post-Monsoon,0,Unknown,8,600,90.2,3.51,4268,Low,2022,10,October,No Flood,Normal,Light,No Flood
2022-10-20,Pune,Maharashtra,18.5204,73.8567,0.0,No Rain,23.7,57.4,Post-Monsoon,0,Unknown,11,560,89.0,2.88,9838,Low,2022,10,October,No Flood,Normal,No Rain,No Flood
2022-10-22,Belagavi,Karnataka,15.8497,74.4977,9.3,Moderate,19.3,66.8,Post-Monsoon,0,Unknown,10,762,193.3,5.65,3271,Low,2022,10,October,No Flood,Normal,Light,No Flood
2022-10-22,Belagavi,Karnataka,15.8497,74.4977,0.0,No Rain,26.0,62.1,Post-Monsoon,0,Unknown,10,762,73.8,3.2,3257,Low,2022,10,October,No Flood,Normal,No Rain,No Flood
2022-10-23,Sangli,Maharashtra,16.8524,74.5815,0.0,No Rain,22.1,68.2,Post-Monsoon,0,Unknown,13,549,91.6,3.51,5152,Low,2022,10,October,No Flood,Normal,No Rain,No Flood
2022-10-24,Jalgaon,Maharashtra,21.0077,75.5626,0.0,No Rain,29.0,67.4,Post-Monsoon,0,Unknown,6,209,53.7,2.13,3354,Low,2022,10,October,No Flood,Normal,No Rain,No Flood
2022-10-24,Ratnagiri,Maharashtra,16.9902,73.312,0.0,No Rain,25.3,70.6,Post-Monsoon,0,Unknown,15,11,76.5,1.16,1688,Low,2022,10,October,No Flood,Normal,No Rain,No Flood
2022-10-27,Mumbai,Maharashtra,19.076,72.8777,20.2,Moderate,32.5,59.0,Post-Monsoon,0,Unknown,20,8,356.1,3.49,22003,Moderate,2022,10,October,No Flood,Normal,Moderate,No Flood
2022-10-28,Kolhapur,Maharashtra,16.705,74.2433,0.0,No Rain,28.9,50.6,Post-Monsoon,0,Unknown,14,569,94.8,3.84,6098,Low,2022,10,October,No Flood,Normal,No Rain,No Flood
2022-10-28,Kolhapur,Maharashtra,16.705,74.2433,0.0,No Rain,29.5,71.1,Post-Monsoon,0,Unknown,14,569,96.5,4.29,6065,Low,2022,10,October,No Flood,Normal,No Rain,No Flood
2022-10-30,Sangli,Maharashtra,16.8524,74.5815,0.0,No Rain,27.0,62.1,Post-Monsoon,0,Unknown,13,549,113.4,4.08,5106,Low,2022,10,October,No Flood,Normal,No Rain,No Flood
2022-10-30,Nashik,Maharashtra,19.9975,73.7898,3.1,Light,24.1,58.6,Post-Monsoon,0,Unknown,8,600,104.3,3.49,4287,Low,2022,10,October,No Flood,Normal,Light,No Flood
2022-10-30,Nashik,Maharashtra,19.9975,73.7898,1.8,Light,23.3,70.3,Post-Monsoon,0,Unknown,8,600,69.0,2.71,4270,Low,2022,10,October,No Flood,Normal,Light,No Flood
2022-10-31,Panaji,Goa,15.4909,73.8278,8.1,Moderate,24.6,67.3,Post-Monsoon,0,Unknown,9,7,150.1,1.62,2392,Low,2022,10,October,No Flood,Normal,Light,No Flood
2022-10-31,Raigad,Maharashtra,18.5158,73.1822,34.8,Moderate,25.9,67.9,Post-Monsoon,0,Unknown,16,45,873.3,5.06,1907,High,2022,10,October,No Flood,Normal,Moderate,No Flood
2022-11-02,Jalgaon,Maharashtra,21.0077,75.5626,0.0,No Rain,24.3,62.7,Post-Monsoon,0,Unknown,6,209,40.8,2.05,3347,Low,2022,11,November,No Flood,Normal,No Rain,No Flood
2022-11-02,Satara,Maharashtra,17.6805,73.9997,0.0,No Rain,24.9,58.7,Post-Monsoon,0,Unknown,9,742,39.3,2.09,2850,Low,2022,11,November,No Flood,Normal,No Rain,No Flood
2022-11-06,Panaji,Goa,15.4909,73.8278,1.8,Light,27.5,69.1,Post-Monsoon,0,Unknown,9,7,72.2,1.25,2422,Low,2022,11,November,No Flood,Normal,Light,No Flood
2022-11-06,Sangli,Maharashtra,16.8524,74.5815,0.0,No Rain,23.4,64.5,Post-Monsoon,0,Unknown,13,549,127.4,4.26,5124,Low,2022,11,November,No Flood,Normal,No Rain,No Flood
2022-11-07,Jalgaon,Maharashtra,21.0077,75.5626,0.0,No Rain,24.2,70.4,Post-Monsoon,0,Unknown,6,209,40.1,2.06,3333,Low,2022,11,November,No Flood,Normal,No Rain,No Flood
2022-11-07,Sangli,Maharashtra,16.8524,74.5815,0.0,No Rain,25.6,59.9,Post-Monsoon,0,Unknown,13,549,101.3,3.52,5115,Low,2022,11,November,No Flood,Normal,No Rain,No Flood
2022-11-08,Kolhapur,Maharashtra,16.705,74.2433,8.7,Moderate,25.5,60.7,Post-Monsoon,0,Unknown,14,569,174.1,5.7,6076,Moderate,2022,11,November,No Flood,Normal,Light,No Flood
2022-11-08,Nashik,Maharashtra,19.9975,73.7898,0.0,No Rain,26.1,56.0,Post-Monsoon,0,Unknown,8,600,58.4,2.31,4323,Low,2022,11,November,No Flood,Normal,No Rain,No Flood
2022-11-10,Jalgaon,Maharashtra,21.0077,75.5626,4.8,Light,25.3,62.5,Post-Monsoon,0,Unknown,6,209,100.0,3.5,3329,Low,2022,11,November,No Flood,Normal,Light,No Flood
2022-11-10,Mumbai,Maharashtra,19.076,72.8777,0.0,No Rain,31.4,60.7,Post-Monsoon,0,Unknown,20,8,84.7,1.9,22021,Low,2022,11,November,No Flood,Normal,No Rain,No Flood
2022-11-10,Nashik,Maharashtra,19.9975,73.7898,1.2,Light,25.6,63.0,Post-Monsoon,0,Unknown,8,600,60.5,3.09,4284,Low,2022,11,November,No Flood,Normal,Light,No Flood
2022-11-12,Raigad,Maharashtra,18.5158,73.1822,0.0,No Rain,22.4,68.9,Post-Monsoon,0,Unknown,16,45,98.5,1.75,1864,Low,2022,11,November,No Flood,Normal,No Rain,No Flood
2022-11-13,Kolhapur,Maharashtra,16.705,74.2433,46.2,Heavy,22.0,65.8,Post-Monsoon,0,Unknown,14,569,911.6,13.08,6068,High,2022,11,November,No Flood,Normal,Moderate,No Flood
2022-11-14,Kolhapur,Maharashtra,16.705,74.2433,30.1,Moderate,26.8,62.5,Post-Monsoon,0,Unknown,14,569,655.8,11.06,6077,Moderate,2022,11,November,No Flood,Normal,Moderate,No Flood
2022-11-15,Satara,Maharashtra,17.6805,73.9997,0.9,Light,20.1,67.9,Post-Monsoon,0,Unknown,9,742,43.2,2.5,2805,Low,2022,11,November,No Flood,Normal,Light,No Flood
2022-11-15,Raigad,Maharashtra,18.5158,73.1822,0.0,No Rain,28.9,56.0,Post-Monsoon,0,Unknown,16,45,94.5,1.65,1899,Low,2022,11,November,No Flood,Normal,No Rain,No Flood
2022-11-15,Kolhapur,Maharashtra,16.705,74.2433,0.0,No Rain,26.0,72.8,Post-Monsoon,0,Unknown,14,569,61.0,3.72,6073,Low,2022,11,November,No Flood,Normal,No Rain,No Flood
2022-11-15,Pune,Maharashtra,18.5204,73.8567,0.0,No Rain,29.6,61.4,Post-Monsoon,0,Unknown,11,560,89.0,2.88,9864,Low,2022,11,November,No Flood,Normal,No Rain,No Flood
2022-11-18,Panaji,Goa,15.4909,73.8278,0.0,No Rain,24.9,49.2,Post-Monsoon,0,Unknown,9,7,58.0,0.95,2420,Low,2022,11,November,No Flood,Normal,No Rain,No Flood
2022-11-20,Kolhapur,Maharashtra,16.705,74.2433,0.0,No Rain,30.4,66.6,Post-Monsoon,0,Unknown,14,569,99.0,3.74,6091,Low,2022,11,November,No Flood,Normal,No Rain,No Flood
2022-11-20,Raigad,Maharashtra,18.5158,73.1822,0.0,No Rain,24.4,77.3,Post-Monsoon,0,Unknown,16,45,98.2,1.83,1874,Low,2022,11,November,No Flood,Normal,No Rain,No Flood
2022-11-20,Ratnagiri,Maharashtra,16.9902,73.312,0.0,No Rain,26.3,63.7,Post-Monsoon,0,Unknown,15,11,84.1,1.24,1705,Low,2022,11,November,No Flood,Normal,No Rain,No Flood
2022-11-20,Solapur,Maharashtra,17.6599,75.9064,1.3,Light,21.0,66.1,Post-Monsoon,0,Unknown,7,458,30.0,2.08,4005,Low,2022,11,November,No Flood,Normal,Light,No Flood
2022-11-22,Sangli,Maharashtra,16.8524,74.5815,0.0,No Rain,27.0,58.4,Post-Monsoon,0,Unknown,13,549,89.9,3.36,5125,Low,2022,11,November,No Flood,Normal,No Rain,No Flood
2022-11-24,Solapur,Maharashtra,17.6599,75.9064,0.0,No Rain,25.4,51.3,Post-Monsoon,0,Unknown,7,458,62.4,3.31,3978,Low,2022,11,November,No Flood,Normal,No Rain,No Flood
2022-11-25,Satara,Maharashtra,17.6805,73.9997,0.0,No Rain,24.4,71.3,Post-Monsoon,0,Unknown,9,742,59.3,3.24,2822,Low,2022,11,November,No Flood,Normal,No Rain,No Flood
2022-11-26,Pune,Maharashtra,18.5204,73.8567,0.0,No Rain,24.0,61.7,Post-Monsoon,0,Unknown,11,560,76.1,2.56,9879,Low,2022,11,November,No Flood,Normal,No Rain,No Flood
2022-11-26,Ratnagiri,Maharashtra,16.9902,73.312,0.0,No Rain,28.2,79.4,Post-Monsoon,0,Unknown,15,11,91.3,1.32,1651,Low,2022,11,November,No Flood,Normal,No Rain,No Flood
2022-11-26,Sangli,Maharashtra,16.8524,74.5815,0.0,No Rain,25.1,48.0,Post-Monsoon,0,Unknown,13,549,92.9,3.68,5130,Low,2022,11,November,No Flood,Normal,No Rain,No Flood
2022-11-26,Satara,Maharashtra,17.6805,73.9997,0.0,No Rain,29.4,56.9,Post-Monsoon,0,Unknown,9,742,80.9,3.66,2856,Low,2022,11,November,No Flood,Normal,No Rain,No Flood
2022-11-28,Nashik,Maharashtra,19.9975,73.7898,0.0,No Rain,27.7,64.2,Post-Monsoon,0,Unknown,8,600,49.2,2.32,4268,Low,2022,11,November,No Flood,Normal,No Rain,No Flood
2022-11-28,Raigad,Maharashtra,18.5158,73.1822,4.2,Light,29.3,53.5,Post-Monsoon,0,Unknown,16,45,116.9,2.54,1890,Low,2022,11,November,No Flood,Normal,Light,No Flood
2022-11-29,Raigad,Maharashtra,18.5158,73.1822,0.0,No Rain,25.8,46.2,Post-Monsoon,0,Unknown,16,45,113.7,2.06,1905,Low,2022,11,November,No Flood,Normal,No Rain,No Flood
2022-11-30,Nashik,Maharashtra,19.9975,73.7898,13.6,Moderate,27.4,64.3,Post-Monsoon,0,Unknown,8,600,241.0,5.79,4298,Moderate,2022,11,November,No Flood,Normal,Light,No Flood
2022-12-01,Pune,Maharashtra,18.5204,73.8567,0.0,No Rain,26.7,73.3,Winter,0,Unknown,11,560,94.3,2.87,9830,Low,2022,12,December,No Flood,Normal,No Rain,No Flood
2022-12-02,Belagavi,Karnataka,15.8497,74.4977,0.0,No Rain,29.8,66.8,Winter,0,Unknown,10,762,106.5,4.02,3246,Low,2022,12,December,No Flood,Normal,No Rain,No Flood
2022-12-03,Pune,Maharashtra,18.5204,73.8567,10.4,Moderate,29.8,74.8,Winter,0,Unknown,11,560,170.1,3.91,9860,Moderate,2022,12,December,No Flood,Normal,Light,No Flood
2022-12-05,Raigad,Maharashtra,18.5158,73.1822,0.0,No Rain,27.0,70.7,Winter,0,Unknown,16,45,114.0,1.54,1905,Low,2022,12,December,No Flood,Normal,No Rain,No Flood
2022-12-05,Ratnagiri,Maharashtra,16.9902,73.312,0.0,No Rain,26.7,61.0,Winter,0,Unknown,15,11,93.1,1.46,1704,Low,2022,12,December,No Flood,Normal,No Rain,No Flood
2022-12-11,Ratnagiri,Maharashtra,16.9902,73.312,0.0,No Rain,27.7,61.1,Winter,0,Unknown,15,11,68.7,0.94,1704,Low,2022,12,December,No Flood,Normal,No Rain,No Flood
2022-12-13,Mumbai,Maharashtra,19.076,72.8777,0.0,No Rain,24.7,53.9,Winter,0,Unknown,20,8,49.7,1.19,22006,Low,2022,12,December,No Flood,Normal,No Rain,No Flood
2022-12-13,Sangli,Maharashtra,16.8524,74.5815,1.5,Light,21.8,63.8,Winter,0,Unknown,13,549,106.8,4.06,5107,Low,2022,12,December,No Flood,Normal,Light,No Flood
2022-12-15,Nashik,Maharashtra,19.9975,73.7898,0.0,No Rain,23.6,45.5,Winter,0,Unknown,8,600,61.9,2.89,4314,Low,2022,12,December,No Flood,Normal,No Rain,No Flood
2022-12-15,Pune,Maharashtra,18.5204,73.8567,0.0,No Rain,27.1,73.7,Winter,0,Unknown,11,560,69.1,2.23,9864,Low,2022,12,December,No Flood,Normal,No Rain,No Flood
2022-12-16,Sangli,Maharashtra,16.8524,74.5815,0.4,Light,28.3,72.3,Winter,0,Unknown,13,549,96.4,3.54,5124,Low,2022,12,December,No Flood,Normal,Light,No Flood
2022-12-17,Pune,Maharashtra,18.5204,73.8567,0.0,No Rain,26.4,75.6,Winter,0,Unknown,11,560,105.2,2.88,9877,Low,2022,12,December,No Flood,Normal,No Rain,No Flood
2022-12-17,Sangli,Maharashtra,16.8524,74.5815,26.6,Moderate,24.0,57.9,Winter,0,Unknown,13,549,575.7,9.3,5151,Moderate,2022,12,December,No Flood,Normal,Moderate,No Flood
2022-12-19,Satara,Maharashtra,17.6805,73.9997,0.0,No Rain,28.7,67.5,Winter,0,Unknown,9,742,60.2,3.45,2817,Low,2022,12,December,No Flood,Normal,No Rain,No Flood
2022-12-20,Belagavi,Karnataka,15.8497,74.4977,4.8,Light,32.1,77.5,Winter,0,Unknown,10,762,103.4,3.74,3239,Low,2022,12,December,No Flood,Normal,Light,No Flood
2022-12-20,Kolhapur,Maharashtra,16.705,74.2433,0.0,No Rain,23.2,78.1,Winter,0,Unknown,14,569,80.2,3.63,6079,Low,2022,12,December,No Flood,Normal,No Rain,No Flood
2022-12-22,Nagpur,Maharashtra,21.1458,79.0882,0.0,No Rain,29.0,60.8,Winter,0,Unknown,8,310,53.4,1.85,5339,Low,2022,12,December,No Flood,Normal,No Rain,No Flood
2022-12-22,Sangli,Maharashtra,16.8524,74.5815,0.6,Light,23.1,54.5,Winter,0,Unknown,13,549,110.0,3.85,5112,Low,2022,12,December,No Flood,Normal,Light,No Flood
2022-12-23,Satara,Maharashtra,17.6805,73.9997,0.0,No Rain,25.4,71.3,Winter,0,Unknown,9,742,58.1,2.92,2835,Low,2022,12,December,No Flood,Normal,No Rain,No Flood
2022-12-24,Sangli,Maharashtra,16.8524,74.5815,7.9,Moderate,26.3,64.6,Winter,0,Unknown,13,549,153.1,4.51,5129,Low,2022,12,December,No Flood,Normal,Light,No Flood
2022-12-24,Pune,Maharashtra,18.5204,73.8567,0.0,No Rain,26.7,76.5,Winter,0,Unknown,11,560,61.1,2.09,9846,Low,2022,12,December,No Flood,Normal,No Rain,No Flood
2022-12-25,Ratnagiri,Maharashtra,16.9902,73.312,0.0,No Rain,24.0,77.8,Winter,0,Unknown,15,11,69.6,1.22,1698,Low,2022,12,December,No Flood,Normal,No Rain,No Flood
2022-12-26,Ratnagiri,Maharashtra,16.9902,73.312,0.0,No Rain,30.1,58.5,Winter,0,Unknown,15,11,79.5,1.01,1661,Low,2022,12,December,No Flood,Normal,No Rain,No Flood
2022-12-26,Ratnagiri,Maharashtra,16.9902,73.312,31.5,Moderate,31.0,60.1,Winter,0,Unknown,15,11,720.7,4.09,1657,High,2022,12,December,No Flood,Normal,Moderate,No Flood
2022-12-29,Panaji,Goa,15.4909,73.8278,0.0,No Rain,31.9,61.0,Winter,0,Unknown,9,7,97.7,1.1,2387,Low,2022,12,December,No Flood,Normal,No Rain,No Flood
2022-12-29,Solapur,Maharashtra,17.6599,75.9064,16.2,Moderate,24.5,77.0,Winter,0,Unknown,7,458,284.5,6.69,3961,Moderate,2022,12,December,No Flood,Normal,Light,No Flood
2022-12-30,Ratnagiri,Maharashtra,16.9902,73.312,0.0,No Rain,24.5,51.4,Winter,0,Unknown,15,11,97.0,1.99,1646,Low,2022,12,December,No Flood,Normal,No Rain,No Flood
2022-12-31,Belagavi,Karnataka,15.8497,74.4977,1.2,Light,22.2,71.3,Winter,0,Unknown,10,762,82.2,3.61,3272,Low,2022,12,December,No Flood,Normal,Light,No Flood
2023-01-03,Satara,Maharashtra,17.6805,73.9997,0.0,No Rain,12.0,39.8,Winter,0,Unknown,9,742,76.4,3.89,2847,Low,2023,1,January,No Flood,Normal,No Rain,No Flood
2023-01-04,Solapur,Maharashtra,17.6599,75.9064,0.0,No Rain,21.8,47.1,Winter,0,Unknown,7,458,18.0,1.82,4036,Low,2023,1,January,No Flood,Normal,No Rain,No Flood
2023-01-05,Sangli,Maharashtra,16.8524,74.5815,0.3,Light,14.3,64.5,Winter,0,Unknown,13,549,71.3,2.93,5187,Low,2023,1,January,No Flood,Normal,Light,No Flood
2023-01-06,Ratnagiri,Maharashtra,16.9902,73.312,0.0,No Rain,22.5,45.2,Winter,0,Unknown,15,11,85.5,1.93,1677,Low,2023,1,January,No Flood,Normal,No Rain,No Flood
2023-01-07,Ratnagiri,Maharashtra,16.9902,73.312,0.0,No Rain,25.2,43.2,Winter,0,Unknown,15,11,79.2,1.64,1670,Low,2023,1,January,No Flood,Normal,No Rain,No Flood
2023-01-07,Sangli,Maharashtra,16.8524,74.5815,0.0,No Rain,14.0,46.4,Winter,0,Unknown,13,549,83.9,3.02,5207,Low,2023,1,January,No Flood,Normal,No Rain,No Flood
2023-01-09,Raigad,Maharashtra,18.5158,73.1822,0.0,No Rain,19.4,50.1,Winter,0,Unknown,16,45,138.0,1.77,1923,Low,2023,1,January,No Flood,Normal,No Rain,No Flood
2023-01-10,Pune,Maharashtra,18.5204,73.8567,0.0,No Rain,20.1,53.4,Winter,0,Unknown,11,560,88.4,2.68,9938,Low,2023,1,January,No Flood,Normal,No Rain,No Flood
2023-01-12,Raigad,Maharashtra,18.5158,73.1822,0.0,No Rain,23.1,43.0,Winter,0,Unknown,16,45,71.2,1.18,1905,Low,2023,1,January,No Flood,Normal,No Rain,No Flood
2023-01-17,Ratnagiri,Maharashtra,16.9902,73.312,0.0,No Rain,21.1,56.5,Winter,0,Unknown,15,11,90.4,1.62,1674,Low,2023,1,January,No Flood,Normal,No Rain,No Flood
2023-01-19,Solapur,Maharashtra,17.6599,75.9064,0.0,No Rain,21.6,41.3,Winter,0,Unknown,7,458,25.2,2.34,4033,Low,2023,1,January,No Flood,Normal,No Rain,No Flood
2023-01-19,Nashik,Maharashtra,19.9975,73.7898,0.0,No Rain,21.8,45.3,Winter,0,Unknown,8,600,77.4,3.75,4319,Low,2023,1,January,No Flood,Normal,No Rain,No Flood
2023-01-20,Kolhapur,Maharashtra,16.705,74.2433,0.0,No Rain,18.9,35.9,Winter,0,Unknown,14,569,98.0,4.25,6171,Low,2023,1,January,No Flood,Normal,No Rain,No Flood
2023-01-20,Nagpur,Maharashtra,21.1458,79.0882,0.0,No Rain,16.4,46.0,Winter,0,Unknown,8,310,71.5,2.55,5410,Low,2023,1,January,No Flood,Normal,No Rain,No Flood
2023-01-22,Solapur,Maharashtra,17.6599,75.9064,0.0,No Rain,17.4,51.5,Winter,0,Unknown,7,458,21.2,1.64,4047,Low,2023,1,January,No Flood,Normal,No Rain,No Flood
2023-01-25,Raigad,Maharashtra,18.5158,73.1822,0.0,No Rain,18.2,35.7,Winter,0,Unknown,16,45,114.9,1.75,1890,Low,2023,1,January,No Flood,Normal,No Rain,No Flood
2023-01-29,Satara,Maharashtra,17.6805,73.9997,0.0,No Rain,19.5,52.0,Winter,0,Unknown,9,742,73.0,3.17,2843,Low,2023,1,January,No Flood,Normal,No Rain,No Flood
2023-02-01,Jalgaon,Maharashtra,21.0077,75.5626,0.0,No Rain,18.1,52.6,Winter,0,Unknown,6,209,88.0,2.85,3395,Low,2023,2,February,No Flood,Normal,No Rain,No Flood
2023-02-02,Ratnagiri,Maharashtra,16.9902,73.312,0.0,No Rain,23.8,51.6,Winter,0,Unknown,15,11,102.2,1.74,1699,Low,2023,2,February,No Flood,Normal,No Rain,No Flood
2023-02-04,Satara,Maharashtra,17.6805,73.9997,0.0,No Rain,14.4,47.8,Winter,0,Unknown,9,742,53.4,2.96,2844,Low,2023,2,February,No Flood,Normal,No Rain,No Flood
2023-02-06,Nashik,Maharashtra,19.9975,73.7898,0.0,No Rain,15.8,33.8,Winter,0,Unknown,8,600,76.1,3.61,4339,Low,2023,2,February,No Flood,Normal,No Rain,No Flood
2023-02-07,Mumbai,Maharashtra,19.076,72.8777,0.0,No Rain,22.1,41.5,Winter,0,Unknown,20,8,51.1,1.12,22286,Low,2023,2,February,No Flood,Normal,No Rain,No Flood
2023-02-12,Pune,Maharashtra,18.5204,73.8567,0.0,No Rain,20.6,50.7,Winter,0,Unknown,11,560,88.2,2.27,9972,Low,2023,2,February,No Flood,Normal,No Rain,No Flood
2023-02-14,Raigad,Maharashtra,18.5158,73.1822,0.0,No Rain,21.4,42.9,Winter,0,Unknown,16,45,121.9,2.08,1928,Low,2023,2,February,No Flood,Normal,No Rain,No Flood
2023-02-15,Kolhapur,Maharashtra,16.705,74.2433,0.0,No Rain,20.8,32.4,Winter,0,Unknown,14,569,86.2,3.76,6149,Low,2023,2,February,No Flood,Normal,No Rain,No Flood
2023-02-15,Raigad,Maharashtra,18.5158,73.1822,0.0,No Rain,18.2,29.3,Winter,0,Unknown,16,45,95.0,1.95,1904,Low,2023,2,February,No Flood,Normal,No Rain,No Flood
2023-02-15,Satara,Maharashtra,17.6805,73.9997,0.0,No Rain,18.5,47.2,Winter,0,Unknown,9,742,100.7,4.04,2848,Low,2023,2,February,No Flood,Normal,No Rain,No Flood
2023-02-16,Jalgaon,Maharashtra,21.0077,75.5626,0.0,No Rain,20.1,40.6,Winter,0,Unknown,6,209,56.1,1.96,3384,Low,2023,2,February,No Flood,Normal,No Rain,No Flood
2023-02-16,Solapur,Maharashtra,17.6599,75.9064,0.0,No Rain,17.2,51.1,Winter,0,Unknown,7,458,48.3,2.95,4039,Low,2023,2,February,No Flood,Normal,No Rain,No Flood
2023-02-17,Mumbai,Maharashtra,19.076,72.8777,0.0,No Rain,20.6,51.7,Winter,0,Unknown,20,8,63.0,1.47,22288,Low,2023,2,February,No Flood,Normal,No Rain,No Flood
2023-02-19,Kolhapur,Maharashtra,16.705,74.2433,0.0,No Rain,20.2,45.1,Winter,0,Unknown,14,569,87.3,3.47,6119,Low,2023,2,February,No Flood,Normal,No Rain,No Flood
2023-02-19,Kolhapur,Maharashtra,16.705,74.2433,0.0,No Rain,16.2,53.9,Winter,0,Unknown,14,569,92.8,4.07,6155,Low,2023,2,February,No Flood,Normal,No Rain,No Flood
2023-02-22,Jalgaon,Maharashtra,21.0077,75.5626,0.0,No Rain,22.6,42.2,Winter,0,Unknown,6,209,37.2,2.45,3404,Low,2023,2,February,No Flood,Normal,No Rain,No Flood
2023-02-22,Kolhapur,Maharashtra,16.705,74.2433,0.0,No Rain,13.8,52.6,Winter,0,Unknown,14,569,90.7,3.93,6152,Low,2023,2,February,No Flood,Normal,No Rain,No Flood
2023-02-22,Raigad,Maharashtra,18.5158,73.1822,0.0,No Rain,26.0,55.6,Winter,0,Unknown,16,45,109.8,2.11,1924,Low,2023,2,February,No Flood,Normal,No Rain,No Flood
2023-02-23,Nashik,Maharashtra,19.9975,73.7898,0.0,No Rain,19.5,50.5,Winter,0,Unknown,8,600,33.8,1.94,4353,Low,2023,2,February,No Flood,Normal,No Rain,No Flood
2023-02-23,Sangli,Maharashtra,16.8524,74.5815,2.1,Light,16.9,45.1,Winter,0,Unknown,13,549,115.7,3.98,5171,Low,2023,2,February,No Flood,Normal,Light,No Flood
2023-02-24,Kolhapur,Maharashtra,16.705,74.2433,0.0,No Rain,18.6,45.0,Winter,0,Unknown,14,569,76.5,3.22,6139,Low,2023,2,February,No Flood,Normal,No Rain,No Flood
2023-02-25,Mumbai,Maharashtra,19.076,72.8777,0.0,No Rain,20.0,56.6,Winter,0,Unknown,20,8,42.8,1.08,22262,Low,2023,2,February,No Flood,Normal,No Rain,No Flood
2023-02-28,Pune,Maharashtra,18.5204,73.8567,0.0,No Rain,20.7,43.3,Winter,0,Unknown,11,560,66.4,2.3,9970,Low,2023,2,February,No Flood,Normal,No Rain,No Flood
2023-02-28,Belagavi,Karnataka,15.8497,74.4977,0.0,No Rain,15.1,45.2,Winter,0,Unknown,10,762,72.4,3.02,3280,Low,2023,2,February,No Flood,Normal,No Rain,No Flood
2023-03-02,Mumbai,Maharashtra,19.076,72.8777,2.5,Light,35.2,40.0,Summer,0,Unknown,20,8,86.7,1.64,22232,Low,2023,3,March,No Flood,Normal,Light,No Flood
2023-03-02,Satara,Maharashtra,17.6805,73.9997,0.0,No Rain,29.2,53.4,Summer,0,Unknown,9,742,57.5,3.5,2854,Low,2023,3,March,No Flood,Normal,No Rain,No Flood
2023-03-03,Raigad,Maharashtra,18.5158,73.1822,0.0,No Rain,36.8,32.7,Summer,0,Unknown,16,45,103.2,1.7,1924,Low,2023,3,March,No Flood,Normal,No Rain,No Flood
2023-03-03,Satara,Maharashtra,17.6805,73.9997,0.0,No Rain,30.1,56.1,Summer,0,Unknown,9,742,71.4,3.35,2867,Low,2023,3,March,No Flood,Normal,No Rain,No Flood
2023-03-04,Satara,Maharashtra,17.6805,73.9997,0.3,Light,40.4,51.7,Summer,0,Unknown,9,742,63.1,3.25,2880,Low,2023,3,March,No Flood,Normal,Light,No Flood
2023-03-06,Mumbai,Maharashtra,19.076,72.8777,0.0,No Rain,32.4,43.3,Summer,0,Unknown,20,8,62.2,1.9,22259,Low,2023,3,March,No Flood,Normal,No Rain,No Flood
2023-03-07,Solapur,Maharashtra,17.6599,75.9064,0.0,No Rain,32.2,29.9,Summer,0,Unknown,7,458,15.0,1.53,4043,Low,2023,3,March,No Flood,Normal,No Rain,No Flood
2023-03-07,Nashik,Maharashtra,19.9975,73.7898,0.0,No Rain,36.0,27.5,Summer,0,Unknown,8,600,72.8,2.7,4347,Low,2023,3,March,No Flood,Normal,No Rain,No Flood
2023-03-09,Pune,Maharashtra,18.5204,73.8567,0.0,No Rain,33.7,38.4,Summer,0,Unknown,11,560,98.4,3.07,9971,Low,2023,3,March,No Flood,Normal,No Rain,No Flood
2023-03-10,Kolhapur,Maharashtra,16.705,74.2433,0.0,No Rain,28.3,48.9,Summer,0,Unknown,14,569,87.9,3.91,6152,Low,2023,3,March,No Flood,Normal,No Rain,No Flood
2023-03-11,Kolhapur,Maharashtra,16.705,74.2433,0.0,No Rain,33.9,37.8,Summer,0,Unknown,14,569,104.8,4.13,6162,Low,2023,3,March,No Flood,Normal,No Rain,No Flood
2023-03-12,Nashik,Maharashtra,19.9975,73.7898,0.0,No Rain,29.5,29.8,Summer,0,Unknown,8,600,73.3,2.97,4316,Low,2023,3,March,No Flood,Normal,No Rain,No Flood
2023-03-13,Belagavi,Karnataka,15.8497,74.4977,1.6,Light,35.6,50.6,Summer,0,Unknown,10,762,84.0,3.72,3303,Low,2023,3,March,No Flood,Normal,Light,No Flood
2023-03-14,Kolhapur,Maharashtra,16.705,74.2433,0.0,No Rain,34.6,39.8,Summer,0,Unknown,14,569,78.4,3.73,6122,Low,2023,3,March,No Flood,Normal,No Rain,No Flood
2023-03-16,Ratnagiri,Maharashtra,16.9902,73.312,2.6,Light,37.0,36.7,Summer,0,Unknown,15,11,90.9,2.07,1720,Low,2023,3,March,No Flood,Normal,Light,No Flood
2023-03-18,Kolhapur,Maharashtra,16.705,74.2433,37.9,Heavy,29.0,55.3,Summer,1,High,14,569,934.7,13.64,6119,Very High,2023,3,March,Flood,Normal,Moderate,March
2023-03-20,Ratnagiri,Maharashtra,16.9902,73.312,0.0,No Rain,38.3,50.2,Summer,0,Unknown,15,11,76.7,1.47,1716,Low,2023,3,March,No Flood,Normal,No Rain,No Flood
2023-03-20,Satara,Maharashtra,17.6805,73.9997,0.0,No Rain,38.0,31.6,Summer,0,Unknown,9,742,61.5,2.81,2886,Low,2023,3,March,No Flood,Normal,No Rain,No Flood
2023-03-21,Satara,Maharashtra,17.6805,73.9997,0.0,No Rain,38.1,50.0,Summer,0,Unknown,9,742,85.8,4.1,2879,Low,2023,3,March,No Flood,Normal,No Rain,No Flood
2023-03-22,Ratnagiri,Maharashtra,16.9902,73.312,1.5,Light,37.0,60.7,Summer,0,Unknown,15,11,104.1,1.43,1688,Low,2023,3,March,No Flood,Normal,Light,No Flood
2023-03-23,Nashik,Maharashtra,19.9975,73.7898,0.0,No Rain,32.9,42.6,Summer,0,Unknown,8,600,84.9,3.72,4330,Low,2023,3,March,No Flood,Normal,No Rain,No Flood
2023-03-23,Sangli,Maharashtra,16.8524,74.5815,0.0,No Rain,30.6,43.3,Summer,0,Unknown,13,549,118.1,3.65,5210,Low,2023,3,March,No Flood,Normal,No Rain,No Flood
2023-03-23,Satara,Maharashtra,17.6805,73.9997,0.0,No Rain,33.2,33.2,Summer,0,Unknown,9,742,84.6,3.58,2862,Low,2023,3,March,No Flood,Normal,No Rain,No Flood
2023-03-24,Nashik,Maharashtra,19.9975,73.7898,37.3,Heavy,39.8,36.3,Summer,0,Unknown,8,600,663.6,9.7,4365,High,2023,3,March,No Flood,Normal,Moderate,No Flood
2023-03-24,Raigad,Maharashtra,18.5158,73.1822,0.0,No Rain,34.9,33.0,Summer,0,Unknown,16,45,125.7,1.87,1897,Low,2023,3,March,No Flood,Normal,No Rain,No Flood
2023-03-25,Belagavi,Karnataka,15.8497,74.4977,0.0,No Rain,29.0,33.3,Summer,0,Unknown,10,762,80.2,3.79,3269,Low,2023,3,March,No Flood,Normal,No Rain,No Flood
2023-03-27,Sangli,Maharashtra,16.8524,74.5815,0.0,No Rain,30.5,44.1,Summer,0,Unknown,13,549,99.3,3.62,5214,Low,2023,3,March,No Flood,Normal,No Rain,No Flood
2023-03-29,Satara,Maharashtra,17.6805,73.9997,0.0,No Rain,33.2,46.3,Summer,0,Unknown,9,742,50.9,2.84,2876,Low,2023,3,March,No Flood,Normal,No Rain,No Flood
2023-03-31,Nagpur,Maharashtra,21.1458,79.0882,0.0,No Rain,32.7,27.2,Summer,0,Unknown,8,310,66.3,2.42,5382,Low,2023,3,March,No Flood,Normal,No Rain,No Flood
2023-04-01,Kolhapur,Maharashtra,16.705,74.2433,0.0,No Rain,33.1,45.2,Summer,0,Unknown,14,569,103.3,4.22,6142,Low,2023,4,April,No Flood,Normal,No Rain,No Flood
2023-04-02,Kolhapur,Maharashtra,16.705,74.2433,0.0,No Rain,34.8,56.6,Summer,0,Unknown,14,569,88.0,3.76,6143,Low,2023,4,April,No Flood,Normal,No Rain,No Flood
2023-04-02,Mumbai,Maharashtra,19.076,72.8777,0.0,No Rain,41.1,47.2,Summer,0,Unknown,20,8,26.1,1.13,22269,Low,2023,4,April,No Flood,Normal,No Rain,No Flood
2023-04-08,Raigad,Maharashtra,18.5158,73.1822,0.0,No Rain,29.7,53.1,Summer,0,Unknown,16,45,106.4,1.43,1896,Low,2023,4,April,No Flood,Normal,No Rain,No Flood
2023-04-12,Satara,Maharashtra,17.6805,73.9997,0.0,No Rain,34.9,43.5,Summer,0,Unknown,9,742,47.1,2.12,2863,Low,2023,4,April,No Flood,Normal,No Rain,No Flood
2023-04-22,Sangli,Maharashtra,16.8524,74.5815,0.0,No Rain,37.4,21.8,Summer,0,Unknown,13,549,94.6,3.37,5222,Low,2023,4,April,No Flood,Normal,No Rain,No Flood
2023-04-23,Kolhapur,Maharashtra,16.705,74.2433,0.0,No Rain,30.7,38.2,Summer,0,Unknown,14,569,60.1,3.11,6125,Low,2023,4,April,No Flood,Normal,No Rain,No Flood
2023-04-24,Belagavi,Karnataka,15.8497,74.4977,0.0,No Rain,35.5,46.7,Summer,0,Unknown,10,762,65.1,3.55,3256,Low,2023,4,April,No Flood,Normal,No Rain,No Flood
2023-04-25,Nagpur,Maharashtra,21.1458,79.0882,0.0,No Rain,30.3,53.4,Summer,0,Unknown,8,310,81.8,2.79,5430,Low,2023,4,April,No Flood,Normal,No Rain,No Flood
2023-04-25,Mumbai,Maharashtra,19.076,72.8777,0.0,No Rain,35.4,49.5,Summer,0,Unknown,20,8,90.7,1.55,22242,Low,2023,4,April,No Flood,Normal,No Rain,No Flood
2023-04-25,Nagpur,Maharashtra,21.1458,79.0882,0.0,No Rain,28.6,27.4,Summer,0,Unknown,8,310,49.4,1.88,5424,Low,2023,4,April,No Flood,Normal,No Rain,No Flood
2023-04-26,Sangli,Maharashtra,16.8524,74.5815,0.0,No Rain,32.6,35.8,Summer,0,Unknown,13,549,109.8,4.09,5172,Low,2023,4,April,No Flood,Normal,No Rain,No Flood
2023-04-29,Satara,Maharashtra,17.6805,73.9997,0.0,No Rain,34.7,22.0,Summer,0,Unknown,9,742,36.3,2.69,2887,Low,2023,4,April,No Flood,Normal,No Rain,No Flood
2023-05-01,Kolhapur,Maharashtra,16.705,74.2433,0.0,No Rain,33.4,35.6,Summer,0,Unknown,14,569,96.2,3.93,6169,Low,2023,5,May,No Flood,Normal,No Rain,No Flood
2023-05-01,Sangli,Maharashtra,16.8524,74.5815,0.0,No Rain,37.0,41.7,Summer,0,Unknown,13,549,87.4,3.52,5192,Low,2023,5,May,No Flood,Normal,No Rain,No Flood
2023-05-02,Satara,Maharashtra,17.6805,73.9997,1.8,Light,34.3,40.8,Summer,0,Unknown,9,742,73.1,3.29,2858,Low,2023,5,May,No Flood,Normal,Light,No Flood
2023-05-03,Satara,Maharashtra,17.6805,73.9997,0.0,No Rain,32.6,39.0,Summer,0,Unknown,9,742,66.4,3.49,2833,Low,2023,5,May,No Flood,Normal,No Rain,No Flood
2023-05-05,Ratnagiri,Maharashtra,16.9902,73.312,0.0,No Rain,38.3,46.8,Summer,0,Unknown,15,11,88.6,1.65,1679,Low,2023,5,May,No Flood,Normal,No Rain,No Flood
2023-05-06,Pune,Maharashtra,18.5204,73.8567,0.9,Light,38.3,34.2,Summer,0,Unknown,11,560,92.0,2.99,9988,Low,2023,5,May,No Flood,Normal,Light,No Flood
2023-05-07,Mumbai,Maharashtra,19.076,72.8777,0.0,No Rain,34.4,50.5,Summer,0,Unknown,20,8,46.4,1.74,22234,Low,2023,5,May,No Flood,Normal,No Rain,No Flood
2023-05-08,Kolhapur,Maharashtra,16.705,74.2433,0.0,No Rain,32.8,42.9,Summer,0,Unknown,14,569,80.8,3.68,6146,Low,2023,5,May,No Flood,Normal,No Rain,No Flood
2023-05-09,Nashik,Maharashtra,19.9975,73.7898,0.0,No Rain,34.8,25.5,Summer,0,Unknown,8,600,73.0,2.86,4340,Low,2023,5,May,No Flood,Normal,No Rain,No Flood
2023-05-12,Sangli,Maharashtra,16.8524,74.5815,0.0,No Rain,31.4,40.5,Summer,0,Unknown,13,549,89.7,3.82,5185,Low,2023,5,May,No Flood,Normal,No Rain,No Flood
2023-05-14,Belagavi,Karnataka,15.8497,74.4977,0.0,No Rain,42.0,50.6,Summer,0,Unknown,10,762,70.5,3.17,3295,Low,2023,5,May,No Flood,Normal,No Rain,No Flood
2023-05-16,Sangli,Maharashtra,16.8524,74.5815,0.0,No Rain,34.7,34.2,Summer,0,Unknown,13,549,92.8,3.42,5202,Low,2023,5,May,No Flood,Normal,No Rain,No Flood
2023-05-17,Raigad,Maharashtra,18.5158,73.1822,0.0,No Rain,37.4,38.4,Summer,0,Unknown,16,45,99.0,1.93,1884,Low,2023,5,May,No Flood,Normal,No Rain,No Flood
2023-05-17,Ratnagiri,Maharashtra,16.9902,73.312,0.0,No Rain,36.4,44.2,Summer,0,Unknown,15,11,66.7,1.12,1688,Low,2023,5,May,No Flood,Normal,No Rain,No Flood
2023-05-18,Satara,Maharashtra,17.6805,73.9997,0.0,No Rain,35.7,43.3,Summer,0,Unknown,9,742,39.8,2.69,2837,Low,2023,5,May,No Flood,Normal,No Rain,No Flood
2023-05-22,Mumbai,Maharashtra,19.076,72.8777,0.0,No Rain,35.1,59.9,Summer,0,Unknown,20,8,53.2,1.33,22236,Low,2023,5,May,No Flood,Normal,No Rain,No Flood
2023-05-23,Nashik,Maharashtra,19.9975,73.7898,0.0,No Rain,35.4,41.3,Summer,0,Unknown,8,600,73.7,3.39,4375,Low,2023,5,May,No Flood,Normal,No Rain,No Flood
2023-05-25,Pune,Maharashtra,18.5204,73.8567,0.0,No Rain,29.8,41.9,Summer,0,Unknown,11,560,60.4,2.07,9955,Low,2023,5,May,No Flood,Normal,No Rain,No Flood
2023-05-26,Pune,Maharashtra,18.5204,73.8567,0.0,No Rain,37.1,30.6,Summer,0,Unknown,11,560,98.9,3.1,9993,Low,2023,5,May,No Flood,Normal,No Rain,No Flood
2023-05-27,Kolhapur,Maharashtra,16.705,74.2433,0.0,No Rain,31.2,39.6,Summer,0,Unknown,14,569,77.1,3.78,6173,Low,2023,5,May,No Flood,Normal,No Rain,No Flood
2023-05-28,Sangli,Maharashtra,16.8524,74.5815,0.0,No Rain,35.3,34.3,Summer,0,Unknown,13,549,118.8,3.8,5197,Low,2023,5,May,No Flood,Normal,No Rain,No Flood
2023-05-28,Sangli,Maharashtra,16.8524,74.5815,0.0,No Rain,30.7,43.2,Summer,0,Unknown,13,549,108.5,4.07,5213,Low,2023,5,May,No Flood,Normal,No Rain,No Flood
2023-05-28,Sangli,Maharashtra,16.8524,74.5815,0.0,No Rain,28.8,47.9,Summer,0,Unknown,13,549,125.0,4.02,5193,Low,2023,5,May,No Flood,Normal,No Rain,No Flood
2023-05-29,Kolhapur,Maharashtra,16.705,74.2433,0.0,No Rain,30.3,36.6,Summer,0,Unknown,14,569,93.4,4.69,6139,Low,2023,5,May,No Flood,Normal,No Rain,No Flood
2023-05-30,Ratnagiri,Maharashtra,16.9902,73.312,0.0,No Rain,38.7,50.0,Summer,0,Unknown,15,11,98.0,1.55,1687,Low,2023,5,May,No Flood,Normal,No Rain,No Flood
2023-05-30,Kolhapur,Maharashtra,16.705,74.2433,0.0,No Rain,35.2,38.4,Summer,0,Unknown,14,569,84.2,3.98,6143,Low,2023,5,May,No Flood,Normal,No Rain,No Flood
2023-05-31,Panaji,Goa,15.4909,73.8278,0.0,No Rain,30.5,29.5,Summer,0,Unknown,9,7,87.3,0.8,2446,Low,2023,5,May,No Flood,Normal,No Rain,No Flood
2023-06-01,Sangli,Maharashtra,16.8524,74.5815,20.4,Moderate,22.7,99.0,Monsoon,0,Unknown,13,549,696.0,10.14,5205,Moderate,2023,6,June,No Flood,Normal,Moderate,No Flood
2023-06-03,Solapur,Maharashtra,17.6599,75.9064,6.0,Light,25.2,90.0,Monsoon,0,Unknown,7,458,195.6,5.2,4000,Low,2023,6,June,No Flood,Normal,Light,No Flood
2023-06-04,Ratnagiri,Maharashtra,16.9902,73.312,99.3,Very Heavy,26.1,94.2,Monsoon,1,Very High,15,11,3911.7,7.97,1667,Very High,2023,6,June,Flood,Extreme,Heavy,June
2023-06-04,Satara,Maharashtra,17.6805,73.9997,35.9,Heavy,26.5,89.9,Monsoon,0,Unknown,9,742,692.4,10.7,2842,High,2023,6,June,No Flood,Normal,Moderate,No Flood
2023-06-05,Satara,Maharashtra,17.6805,73.9997,52.6,Heavy,23.6,99.0,Monsoon,1,Very High,9,742,1458.9,15.77,2868,Very High,2023,6,June,Flood,Normal,Heavy,June
2023-06-05,Raigad,Maharashtra,18.5158,73.1822,145.9,Extreme,27.4,99.0,Monsoon,1,Very High,16,45,4758.8,8.99,1936,Very High,2023,6,June,Flood,Extreme,Very Heavy,June
2023-06-05,Satara,Maharashtra,17.6805,73.9997,47.8,Heavy,26.7,84.5,Monsoon,0,Unknown,9,742,1550.0,15.95,2867,High,2023,6,June,No Flood,Normal,Moderate,No Flood
2023-06-05,Mumbai,Maharashtra,19.076,72.8777,0.0,No Rain,27.1,79.1,Monsoon,0,Unknown,20,8,136.6,2.28,22233,Low,2023,6,June,No Flood,Normal,No Rain,No Flood
2023-06-05,Jalgaon,Maharashtra,21.0077,75.5626,38.9,Heavy,21.4,90.4,Monsoon,0,Unknown,6,209,802.2,9.8,3408,High,2023,6,June,No Flood,Normal,Moderate,No Flood
2023-06-05,Panaji,Goa,15.4909,73.8278,45.7,Heavy,25.5,85.8,Monsoon,0,Unknown,9,7,1100.9,4.84,2414,Very High,2023,6,June,No Flood,Normal,Moderate,No Flood
2023-06-06,Kolhapur,Maharashtra,16.705,74.2433,3.8,Light,24.9,91.3,Monsoon,0,Unknown,14,569,257.3,7.31,6141,Low,2023,6,June,No Flood,Normal,Light,No Flood
2023-06-06,Sangli,Maharashtra,16.8524,74.5815,3.2,Light,28.7,89.8,Monsoon,0,Unknown,13,549,282.1,6.37,5167,Low,2023,6,June,No Flood,Normal,Light,No Flood
2023-06-06,Sangli,Maharashtra,16.8524,74.5815,0.0,No Rain,25.2,82.3,Monsoon,0,Unknown,13,549,266.9,6.4,5223,Low,2023,6,June,No Flood,Normal,No Rain,No Flood
2023-06-07,Sangli,Maharashtra,16.8524,74.5815,0.0,No Rain,29.2,81.5,Monsoon,0,Unknown,13,549,262.9,6.31,5221,Low,2023,6,June,No Flood,Normal,No Rain,No Flood
2023-06-07,Nashik,Maharashtra,19.9975,73.7898,0.0,No Rain,23.5,73.5,Monsoon,0,Unknown,8,600,187.6,4.56,4349,Low,2023,6,June,No Flood,Normal,No Rain,No Flood
2023-06-07,Pune,Maharashtra,18.5204,73.8567,97.8,Very Heavy,22.3,92.0,Monsoon,1,Very High,11,560,3158.8,13.78,9940,Very High,2023,6,June,Flood,Extreme,Heavy,June
2023-06-07,Ratnagiri,Maharashtra,16.9902,73.312,14.9,Moderate,25.9,83.6,Monsoon,0,Unknown,15,11,492.7,3.58,1714,Moderate,2023,6,June,No Flood,Normal,Light,No Flood
2023-06-08,Satara,Maharashtra,17.6805,73.9997,28.6,Moderate,25.4,83.5,Monsoon,0,Unknown,9,742,588.2,10.37,2874,Moderate,2023,6,June,No Flood,Normal,Moderate,No Flood
2023-06-08,Nagpur,Maharashtra,21.1458,79.0882,9.7,Moderate,26.2,77.9,Monsoon,0,Unknown,8,310,318.9,4.91,5426,Moderate,2023,6,June,No Flood,Normal,Light,No Flood
2023-06-08,Nashik,Maharashtra,19.9975,73.7898,19.8,Moderate,23.8,81.2,Monsoon,0,Unknown,8,600,562.2,8.8,4349,Moderate,2023,6,June,No Flood,Normal,Light,No Flood
2023-06-09,Nagpur,Maharashtra,21.1458,79.0882,76.0,Very Heavy,27.2,92.5,Monsoon,1,Very High,8,310,2062.4,12.32,5405,Very High,2023,6,June,Flood,Extreme,Heavy,June
2023-06-09,Nashik,Maharashtra,19.9975,73.7898,16.6,Moderate,22.4,81.4,Monsoon,0,Unknown,8,600,494.6,8.29,4366,Moderate,2023,6,June,No Flood,Normal,Light,No Flood
2023-06-10,Kolhapur,Maharashtra,16.705,74.2433,19.9,Moderate,26.1,95.6,Monsoon,0,Unknown,14,569,545.5,10.12,6175,Moderate,2023,6,June,No Flood,Normal,Light,No Flood
2023-06-10,Nashik,Maharashtra,19.9975,73.7898,0.0,No Rain,24.6,82.5,Monsoon,0,Unknown,8,600,180.6,4.7,4367,Low,2023,6,June,No Flood,Normal,No Rain,No Flood
2023-06-10,Ratnagiri,Maharashtra,16.9902,73.312,30.6,Moderate,28.4,90.9,Monsoon,0,Unknown,15,11,843.6,5.16,1690,High,2023,6,June,No Flood,Normal,Moderate,No Flood
2023-06-11,Satara,Maharashtra,17.6805,73.9997,0.0,No Rain,23.9,79.2,Monsoon,0,Unknown,9,742,148.2,4.69,2884,Low,2023,6,June,No Flood,Normal,No Rain,No Flood
2023-06-11,Pune,Maharashtra,18.5204,73.8567,96.5,Very Heavy,27.8,99.0,Monsoon,1,Very High,11,560,2450.4,13.78,9989,Very High,2023,6,June,Flood,Extreme,Heavy,June
2023-06-11,Ratnagiri,Maharashtra,16.9902,73.312,14.4,Moderate,23.9,92.7,Monsoon,0,Unknown,15,11,401.2,3.47,1695,Moderate,2023,6,June,No Flood,Normal,Light,No Flood
2023-06-12,Kolhapur,Maharashtra,16.705,74.2433,9.2,Moderate,24.9,83.6,Monsoon,0,Unknown,14,569,348.8,8.07,6151,Moderate,2023,6,June,No Flood,Normal,Light,No Flood
2023-06-12,Ratnagiri,Maharashtra,16.9902,73.312,7.3,Light,25.2,78.6,Monsoon,0,Unknown,15,11,310.4,3.67,1715,Moderate,2023,6,June,No Flood,Normal,Light,No Flood
2023-06-13,Raigad,Maharashtra,18.5158,73.1822,146.5,Extreme,23.3,98.6,Monsoon,1,Very High,16,45,7019.2,8.99,1888,Very High,2023,6,June,Flood,Extreme,Very Heavy,June
2023-06-13,Sangli,Maharashtra,16.8524,74.5815,0.0,No Rain,19.9,79.0,Monsoon,0,Unknown,13,549,261.8,6.3,5204,Low,2023,6,June,No Flood,Normal,No Rain,No Flood
2023-06-15,Mumbai,Maharashtra,19.076,72.8777,11.1,Moderate,22.4,82.1,Monsoon,0,Unknown,20,8,291.3,3.15,22232,Moderate,2023,6,June,No Flood,Normal,Light,No Flood
2023-06-15,Raigad,Maharashtra,18.5158,73.1822,15.5,Moderate,25.1,81.5,Monsoon,0,Unknown,16,45,499.8,3.65,1927,Moderate,2023,6,June,No Flood,Normal,Light,No Flood
2023-06-15,Jalgaon,Maharashtra,21.0077,75.5626,17.2,Moderate,23.1,82.8,Monsoon,0,Unknown,6,209,327.5,5.69,3378,Moderate,2023,6,June,No Flood,Normal,Light,No Flood
2023-06-15,Sangli,Maharashtra,16.8524,74.5815,10.0,Moderate,23.2,82.6,Monsoon,0,Unknown,13,549,346.3,6.82,5220,Moderate,2023,6,June,No Flood,Normal,Light,No Flood
2023-06-16,Pune,Maharashtra,18.5204,73.8567,60.8,Heavy,24.8,99.0,Monsoon,1,Very High,11,560,1907.9,13.78,9935,Very High,2023,6,June,Flood,Normal,Heavy,June
2023-06-16,Pune,Maharashtra,18.5204,73.8567,16.9,Moderate,22.1,85.1,Monsoon,0,Unknown,11,560,429.9,6.44,9963,Moderate,2023,6,June,No Flood,Normal,Light,No Flood
2023-06-17,Jalgaon,Maharashtra,21.0077,75.5626,0.0,No Rain,26.6,85.1,Monsoon,0,Unknown,6,209,121.8,3.41,3376,Low,2023,6,June,No Flood,Normal,No Rain,No Flood
2023-06-17,Jalgaon,Maharashtra,21.0077,75.5626,4.4,Light,24.1,83.5,Monsoon,0,Unknown,6,209,154.9,4.43,3389,Low,2023,6,June,No Flood,Normal,Light,No Flood
2023-06-19,Nagpur,Maharashtra,21.1458,79.0882,0.0,No Rain,29.7,80.7,Monsoon,0,Unknown,8,310,187.5,3.97,5429,Low,2023,6,June,No Flood,Normal,No Rain,No Flood
2023-06-19,Nashik,Maharashtra,19.9975,73.7898,14.4,Moderate,19.8,79.9,Monsoon,0,Unknown,8,600,401.0,7.1,4370,Moderate,2023,6,June,No Flood,Normal,Light,No Flood
2023-06-19,Sangli,Maharashtra,16.8524,74.5815,58.7,Heavy,24.4,86.9,Monsoon,1,Very High,13,549,1644.3,15.85,5182,Very High,2023,6,June,Flood,Normal,Heavy,June
2023-06-19,Satara,Maharashtra,17.6805,73.9997,49.5,Heavy,20.7,90.5,Monsoon,1,High,9,742,1104.8,13.46,2852,Very High,2023,6,June,Flood,Normal,Moderate,June
2023-06-20,Satara,Maharashtra,17.6805,73.9997,8.9,Moderate,23.9,95.8,Monsoon,0,Unknown,9,742,278.5,6.57,2889,Moderate,2023,6,June,No Flood,Normal,Light,No Flood
2023-06-20,Raigad,Maharashtra,18.5158,73.1822,29.2,Moderate,31.3,92.9,Monsoon,0,Unknown,16,45,720.4,4.61,1882,High,2023,6,June,No Flood,Normal,Moderate,No Flood
2023-06-20,Raigad,Maharashtra,18.5158,73.1822,79.5,Very Heavy,28.4,99.0,Monsoon,1,Very High,16,45,3076.6,8.99,1919,Very High,2023,6,June,Flood,Extreme,Heavy,June
2023-06-20,Mumbai,Maharashtra,19.076,72.8777,0.0,No Rain,25.1,91.5,Monsoon,0,Unknown,20,8,148.4,2.28,22256,Low,2023,6,June,No Flood,Normal,No Rain,No Flood
2023-06-20,Jalgaon,Maharashtra,21.0077,75.5626,66.8,Very Heavy,26.9,87.7,Monsoon,0,Unknown,6,209,1666.8,11.6,3367,High,2023,6,June,No Flood,Extreme,Heavy,No Flood
2023-06-20,Nashik,Maharashtra,19.9975,73.7898,55.0,Heavy,26.3,91.5,Monsoon,0,Unknown,8,600,1709.4,14.79,4339,High,2023,6,June,No Flood,Normal,Heavy,No Flood
2023-06-21,Ratnagiri,Maharashtra,16.9902,73.312,19.2,Moderate,24.5,80.0,Monsoon,0,Unknown,15,11,597.3,3.88,1671,High,2023,6,June,No Flood,Normal,Light,No Flood
2023-06-21,Satara,Maharashtra,17.6805,73.9997,4.1,Light,26.3,86.6,Monsoon,0,Unknown,9,742,186.3,5.43,2836,Low,2023,6,June,No Flood,Normal,Light,No Flood
2023-06-22,Ratnagiri,Maharashtra,16.9902,73.312,0.0,No Rain,25.9,82.4,Monsoon,0,Unknown,15,11,259.4,2.9,1669,Moderate,2023,6,June,No Flood,Normal,No Rain,No Flood
2023-06-22,Satara,Maharashtra,17.6805,73.9997,12.3,Moderate,21.0,82.0,Monsoon,0,Unknown,9,742,379.1,8.16,2856,Moderate,2023,6,June,No Flood,Normal,Light,No Flood
2023-06-22,Satara,Maharashtra,17.6805,73.9997,7.4,Light,22.6,91.5,Monsoon,0,Unknown,9,742,247.1,6.81,2854,Low,2023,6,June,No Flood,Normal,Light,No Flood
2023-06-23,Pune,Maharashtra,18.5204,73.8567,14.4,Moderate,25.4,95.6,Monsoon,0,Unknown,11,560,339.9,6.01,9945,Moderate,2023,6,June,No Flood,Normal,Light,No Flood
2023-06-23,Satara,Maharashtra,17.6805,73.9997,4.5,Light,24.7,72.3,Monsoon,0,Unknown,9,742,190.3,5.27,2842,Low,2023,6,June,No Flood,Normal,Light,No Flood
2023-06-23,Sangli,Maharashtra,16.8524,74.5815,7.2,Light,26.9,88.6,Monsoon,0,Unknown,13,549,335.9,7.24,5211,Low,2023,6,June,No Flood,Normal,Light,No Flood
2023-06-23,Mumbai,Maharashtra,19.076,72.8777,0.0,No Rain,29.7,85.3,Monsoon,0,Unknown,20,8,133.5,1.5,22262,Low,2023,6,June,No Flood,Normal,No Rain,No Flood
2023-06-23,Mumbai,Maharashtra,19.076,72.8777,67.8,Very Heavy,27.2,81.3,Monsoon,1,Very High,20,8,1968.4,6.96,22264,Very High,2023,6,June,Flood,Extreme,Heavy,June
2023-06-23,Belagavi,Karnataka,15.8497,74.4977,216.2,Extreme,25.0,99.0,Monsoon,1,Very High,10,762,10256.6,16.68,3302,Very High,2023,6,June,Flood,Extreme,Extreme,June
2023-06-23,Panaji,Goa,15.4909,73.8278,0.0,No Rain,27.6,81.4,Monsoon,0,Unknown,9,7,194.7,1.95,2463,Low,2023,6,June,No Flood,Normal,No Rain,No Flood
2023-06-24,Nashik,Maharashtra,19.9975,73.7898,128.7,Extreme,23.7,99.0,Monsoon,1,Very High,8,600,3604.6,14.79,4357,Very High,2023,6,June,Flood,Extreme,Very Heavy,June
2023-06-24,Nashik,Maharashtra,19.9975,73.7898,220.8,Extreme,25.5,99.0,Monsoon,1,Very High,8,600,11048.6,14.79,4335,Very High,2023,6,June,Flood,Extreme,Extreme,June
2023-06-24,Ratnagiri,Maharashtra,16.9902,73.312,166.0,Extreme,27.2,92.1,Monsoon,1,Very High,15,11,6434.3,7.97,1668,Very High,2023,6,June,Flood,Extreme,Very Heavy,June
2023-06-24,Sangli,Maharashtra,16.8524,74.5815,12.7,Moderate,22.5,86.2,Monsoon,0,Unknown,13,549,368.3,7.47,5165,Moderate,2023,6,June,No Flood,Normal,Light,No Flood
2023-06-24,Satara,Maharashtra,17.6805,73.9997,0.0,No Rain,23.4,87.8,Monsoon,0,Unknown,9,742,193.5,5.43,2846,Low,2023,6,June,No Flood,Normal,No Rain,No Flood
2023-06-25,Belagavi,Karnataka,15.8497,74.4977,4.9,Light,24.3,91.3,Monsoon,0,Unknown,10,762,202.5,5.72,3299,Low,2023,6,June,No Flood,Normal,Light,No Flood
2023-06-25,Jalgaon,Maharashtra,21.0077,75.5626,56.9,Heavy,28.4,90.7,Monsoon,0,Unknown,6,209,1327.5,11.6,3419,High,2023,6,June,No Flood,Normal,Heavy,No Flood
2023-06-25,Sangli,Maharashtra,16.8524,74.5815,0.0,No Rain,23.3,90.4,Monsoon,0,Unknown,13,549,257.0,5.91,5173,Low,2023,6,June,No Flood,Normal,No Rain,No Flood
2023-06-25,Sangli,Maharashtra,16.8524,74.5815,12.9,Moderate,28.4,82.2,Monsoon,0,Unknown,13,549,421.1,8.06,5191,Moderate,2023,6,June,No Flood,Normal,Light,No Flood
2023-06-26,Nashik,Maharashtra,19.9975,73.7898,35.2,Moderate,22.3,97.8,Monsoon,0,Unknown,8,600,927.5,11.59,4357,High,2023,6,June,No Flood,Normal,Moderate,No Flood
2023-06-26,Pune,Maharashtra,18.5204,73.8567,57.4,Heavy,23.0,95.1,Monsoon,1,Very High,11,560,1463.2,12.38,9982,Very High,2023,6,June,Flood,Normal,Heavy,June
2023-06-27,Nashik,Maharashtra,19.9975,73.7898,0.0,No Rain,23.0,84.1,Monsoon,0,Unknown,8,600,170.1,4.66,4330,Low,2023,6,June,No Flood,Normal,No Rain,No Flood
2023-06-28,Nashik,Maharashtra,19.9975,73.7898,43.8,Heavy,23.7,87.4,Monsoon,1,Very High,8,600,1302.7,13.68,4342,Very High,2023,6,June,Flood,Normal,Moderate,June
2023-06-29,Ratnagiri,Maharashtra,16.9902,73.312,26.1,Moderate,24.2,98.0,Monsoon,0,Unknown,15,11,798.7,5.33,1690,High,2023,6,June,No Flood,Normal,Moderate,No Flood
2023-06-29,Pune,Maharashtra,18.5204,73.8567,10.3,Moderate,27.9,95.9,Monsoon,0,Unknown,11,560,313.3,5.08,9955,Moderate,2023,6,June,No Flood,Normal,Light,No Flood
2023-06-29,Satara,Maharashtra,17.6805,73.9997,0.0,No Rain,28.2,89.2,Monsoon,0,Unknown,9,742,169.4,5.17,2888,Low,2023,6,June,No Flood,Normal,No Rain,No Flood
2023-06-29,Pune,Maharashtra,18.5204,73.8567,15.3,Moderate,26.4,80.1,Monsoon,0,Unknown,11,560,456.0,6.97,9958,Moderate,2023,6,June,No Flood,Normal,Light,No Flood
2023-06-29,Mumbai,Maharashtra,19.076,72.8777,151.4,Extreme,24.7,99.0,Monsoon,1,Very High,20,8,4822.4,6.96,22244,Very High,2023,6,June,Flood,Extreme,Very Heavy,June
2023-06-29,Mumbai,Maharashtra,19.076,72.8777,25.5,Moderate,24.1,92.6,Monsoon,0,Unknown,20,8,565.5,4.13,22248,High,2023,6,June,No Flood,Normal,Moderate,No Flood
2023-06-29,Jalgaon,Maharashtra,21.0077,75.5626,0.0,No Rain,25.4,76.8,Monsoon,0,Unknown,6,209,126.9,4.03,3409,Low,2023,6,June,No Flood,Normal,No Rain,No Flood
2023-06-29,Nashik,Maharashtra,19.9975,73.7898,21.6,Moderate,26.2,88.4,Monsoon,0,Unknown,8,600,590.1,8.82,4316,Moderate,2023,6,June,No Flood,Normal,Moderate,No Flood
2023-06-30,Kolhapur,Maharashtra,16.705,74.2433,30.2,Moderate,23.4,89.2,Monsoon,0,Unknown,14,569,712.8,11.46,6167,High,2023,6,June,No Flood,Normal,Moderate,No Flood
2023-06-30,Pune,Maharashtra,18.5204,73.8567,35.2,Moderate,23.3,86.0,Monsoon,0,Unknown,11,560,1000.3,10.62,9967,High,2023,6,June,No Flood,Normal,Moderate,No Flood
2023-06-30,Raigad,Maharashtra,18.5158,73.1822,0.0,No Rain,27.4,99.0,Monsoon,0,Unknown,16,45,270.2,2.8,1891,Moderate,2023,6,June,No Flood,Normal,No Rain,No Flood
2023-07-01,Kolhapur,Maharashtra,16.705,74.2433,6.8,Light,22.1,88.4,Monsoon,0,Unknown,14,569,280.7,7.22,6130,Low,2023,7,July,No Flood,Normal,Light,No Flood
2023-07-01,Pune,Maharashtra,18.5204,73.8567,0.0,No Rain,23.3,97.7,Monsoon,0,Unknown,11,560,190.8,4.41,9976,Low,2023,7,July,No Flood,Normal,No Rain,No Flood
2023-07-01,Ratnagiri,Maharashtra,16.9902,73.312,46.5,Heavy,30.1,84.7,Monsoon,0,Unknown,15,11,1072.5,5.61,1722,High,2023,7,July,No Flood,Normal,Moderate,No Flood
2023-07-01,Sangli,Maharashtra,16.8524,74.5815,18.1,Moderate,24.1,82.8,Monsoon,0,Unknown,13,549,546.9,8.55,5185,Moderate,2023,7,July,No Flood,Normal,Light,No Flood
2023-07-01,Sangli,Maharashtra,16.8524,74.5815,0.0,No Rain,25.6,82.7,Monsoon,0,Unknown,13,549,259.0,6.35,5198,Low,2023,7,July,No Flood,Normal,No Rain,No Flood
2023-07-01,Sangli,Maharashtra,16.8524,74.5815,7.3,Light,21.5,83.8,Monsoon,0,Unknown,13,549,290.1,6.78,5223,Low,2023,7,July,No Flood,Normal,Light,No Flood
2023-07-01,Satara,Maharashtra,17.6805,73.9997,11.9,Moderate,24.0,82.4,Monsoon,0,Unknown,9,742,327.9,7.14,2861,Moderate,2023,7,July,No Flood,Normal,Light,No Flood
2023-07-02,Satara,Maharashtra,17.6805,73.9997,13.0,Moderate,24.1,94.0,Monsoon,0,Unknown,9,742,346.5,7.68,2885,Moderate,2023,7,July,No Flood,Normal,Light,No Flood
2023-07-02,Sangli,Maharashtra,16.8524,74.5815,2.1,Light,21.1,90.8,Monsoon,0,Unknown,13,549,266.0,5.91,5164,Low,2023,7,July,No Flood,Normal,Light,No Flood
2023-07-02,Nashik,Maharashtra,19.9975,73.7898,12.4,Moderate,22.3,88.2,Monsoon,0,Unknown,8,600,338.2,7.08,4371,Moderate,2023,7,July,No Flood,Normal,Light,No Flood
2023-07-02,Jalgaon,Maharashtra,21.0077,75.5626,0.0,No Rain,26.1,82.3,Monsoon,0,Unknown,6,209,112.6,3.61,3380,Low,2023,7,July,No Flood,Normal,No Rain,No Flood
2023-07-02,Kolhapur,Maharashtra,16.705,74.2433,83.0,Very Heavy,20.5,92.3,Monsoon,1,Very High,14,569,2559.8,19.57,6166,Very High,2023,7,July,Flood,Extreme,Heavy,July
2023-07-03,Mumbai,Maharashtra,19.076,72.8777,103.5,Very Heavy,21.7,95.9,Monsoon,1,Very High,20,8,3483.1,6.96,22286,Very High,2023,7,July,Flood,Extreme,Very Heavy,July
2023-07-03,Raigad,Maharashtra,18.5158,73.1822,0.0,No Rain,23.7,79.6,Monsoon,0,Unknown,16,45,288.1,2.88,1905,Moderate,2023,7,July,No Flood,Normal,No Rain,No Flood
2023-07-03,Ratnagiri,Maharashtra,16.9902,73.312,12.3,Moderate,25.4,82.9,Monsoon,0,Unknown,15,11,382.2,3.17,1706,Moderate,2023,7,July,No Flood,Normal,Light,No Flood
2023-07-03,Ratnagiri,Maharashtra,16.9902,73.312,106.5,Very Heavy,22.5,96.3,Monsoon,1,Very High,15,11,4081.1,7.97,1696,Very High,2023,7,July,Flood,Extreme,Very Heavy,July
2023-07-03,Sangli,Maharashtra,16.8524,74.5815,34.7,Moderate,26.7,86.3,Monsoon,0,Unknown,13,549,1128.3,13.01,5200,High,2023,7,July,No Flood,Normal,Moderate,No Flood
2023-07-05,Belagavi,Karnataka,15.8497,74.4977,4.5,Light,24.1,92.0,Monsoon,0,Unknown,10,762,244.9,6.3,3271,Low,2023,7,July,No Flood,Normal,Light,No Flood
2023-07-05,Kolhapur,Maharashtra,16.705,74.2433,0.0,No Rain,22.9,84.0,Monsoon,0,Unknown,14,569,206.7,6.01,6134,Low,2023,7,July,No Flood,Normal,No Rain,No Flood
2023-07-05,Kolhapur,Maharashtra,16.705,74.2433,37.1,Heavy,27.7,80.2,Monsoon,0,Unknown,14,569,857.1,12.86,6133,High,2023,7,July,No Flood,Normal,Moderate,No Flood
2023-07-05,Kolhapur,Maharashtra,16.705,74.2433,0.0,No Rain,22.7,81.2,Monsoon,0,Unknown,14,569,224.2,6.71,6161,Low,2023,7,July,No Flood,Normal,No Rain,No Flood
2023-07-05,Mumbai,Maharashtra,19.076,72.8777,59.0,Heavy,26.7,82.8,Monsoon,1,Very High,20,8,2002.1,6.96,22277,Very High,2023,7,July,Flood,Normal,Heavy,July
2023-07-05,Mumbai,Maharashtra,19.076,72.8777,99.6,Very Heavy,24.2,95.0,Monsoon,1,Very High,20,8,3885.0,6.96,22287,Very High,2023,7,July,Flood,Extreme,Heavy,July
2023-07-06,Ratnagiri,Maharashtra,16.9902,73.312,39.6,Heavy,27.2,83.4,Monsoon,1,Moderate,15,11,913.2,4.85,1669,High,2023,7,July,Flood,Normal,Moderate,July
2023-07-06,Nagpur,Maharashtra,21.1458,79.0882,15.7,Moderate,25.7,84.0,Monsoon,0,Unknown,8,310,379.7,5.8,5425,Moderate,2023,7,July,No Flood,Normal,Light,No Flood
2023-07-06,Pune,Maharashtra,18.5204,73.8567,22.5,Moderate,26.5,87.3,Monsoon,0,Unknown,11,560,478.2,6.99,9942,Moderate,2023,7,July,No Flood,Normal,Moderate,No Flood
2023-07-06,Belagavi,Karnataka,15.8497,74.4977,12.0,Moderate,21.2,84.9,Monsoon,0,Unknown,10,762,363.8,8.0,3284,Moderate,2023,7,July,No Flood,Normal,Light,No Flood
2023-07-06,Mumbai,Maharashtra,19.076,72.8777,66.0,Very Heavy,25.4,88.3,Monsoon,0,Unknown,20,8,2377.3,6.96,22259,Very High,2023,7,July,No Flood,Extreme,Heavy,No Flood
2023-07-07,Satara,Maharashtra,17.6805,73.9997,0.0,No Rain,27.2,78.1,Monsoon,0,Unknown,9,742,147.8,4.77,2865,Low,2023,7,July,No Flood,Normal,No Rain,No Flood
2023-07-07,Satara,Maharashtra,17.6805,73.9997,0.0,No Rain,22.0,94.4,Monsoon,0,Unknown,9,742,137.7,5.26,2883,Low,2023,7,July,No Flood,Normal,No Rain,No Flood
2023-07-07,Sangli,Maharashtra,16.8524,74.5815,14.8,Moderate,26.7,86.8,Monsoon,0,Unknown,13,549,477.7,8.48,5220,Moderate,2023,7,July,No Flood,Normal,Light,No Flood
2023-07-07,Mumbai,Maharashtra,19.076,72.8777,0.0,No Rain,22.7,89.7,Monsoon,0,Unknown,20,8,160.5,2.64,22280,Low,2023,7,July,No Flood,Normal,No Rain,No Flood
2023-07-07,Mumbai,Maharashtra,19.076,72.8777,19.3,Moderate,28.9,91.1,Monsoon,0,Unknown,20,8,400.0,3.52,22263,Moderate,2023,7,July,No Flood,Normal,Light,No Flood
2023-07-07,Raigad,Maharashtra,18.5158,73.1822,0.0,No Rain,26.0,86.3,Monsoon,0,Unknown,16,45,288.7,2.7,1920,Moderate,2023,7,July,No Flood,Normal,No Rain,No Flood
2023-07-08,Belagavi,Karnataka,15.8497,74.4977,63.9,Heavy,22.9,86.6,Monsoon,1,Very High,10,762,1866.7,16.68,3296,Very High,2023,7,July,Flood,Normal,Heavy,July
2023-07-08,Kolhapur,Maharashtra,16.705,74.2433,19.7,Moderate,23.1,93.8,Monsoon,0,Unknown,14,569,541.6,10.38,6156,Moderate,2023,7,July,No Flood,Normal,Light,No Flood
2023-07-08,Mumbai,Maharashtra,19.076,72.8777,8.2,Moderate,25.4,87.0,Monsoon,0,Unknown,20,8,231.1,2.82,22235,Moderate,2023,7,July,No Flood,Normal,Light,No Flood
2023-07-08,Sangli,Maharashtra,16.8524,74.5815,3.5,Light,28.8,85.4,Monsoon,0,Unknown,13,549,270.9,6.5,5211,Low,2023,7,July,No Flood,Normal,Light,No Flood
2023-07-08,Satara,Maharashtra,17.6805,73.9997,12.7,Moderate,20.8,94.4,Monsoon,0,Unknown,9,742,311.7,6.53,2853,Moderate,2023,7,July,No Flood,Normal,Light,No Flood
2023-07-09,Nashik,Maharashtra,19.9975,73.7898,4.0,Light,26.9,82.5,Monsoon,0,Unknown,8,600,203.2,5.18,4316,Low,2023,7,July,No Flood,Normal,Light,No Flood
2023-07-10,Mumbai,Maharashtra,19.076,72.8777,0.0,No Rain,27.0,85.0,Monsoon,0,Unknown,20,8,149.7,2.02,22257,Low,2023,7,July,No Flood,Normal,No Rain,No Flood
2023-07-10,Nashik,Maharashtra,19.9975,73.7898,0.0,No Rain,22.1,79.7,Monsoon,0,Unknown,8,600,182.4,4.62,4334,Low,2023,7,July,No Flood,Normal,No Rain,No Flood
2023-07-10,Pune,Maharashtra,18.5204,73.8567,26.2,Moderate,22.7,85.1,Monsoon,0,Unknown,11,560,741.8,8.7,9949,High,2023,7,July,No Flood,Normal,Moderate,No Flood
2023-07-10,Ratnagiri,Maharashtra,16.9902,73.312,105.1,Very Heavy,25.7,97.8,Monsoon,1,Very High,15,11,3562.0,7.97,1673,Very High,2023,7,July,Flood,Extreme,Very Heavy,July
2023-07-11,Raigad,Maharashtra,18.5158,73.1822,77.0,Very Heavy,23.9,95.8,Monsoon,1,Very High,16,45,2084.4,8.09,1910,Very High,2023,7,July,Flood,Extreme,Heavy,July
2023-07-11,Pune,Maharashtra,18.5204,73.8567,12.0,Moderate,27.4,88.3,Monsoon,0,Unknown,11,560,377.3,6.55,9957,Moderate,2023,7,July,No Flood,Normal,Light,No Flood
2023-07-11,Solapur,Maharashtra,17.6599,75.9064,0.0,No Rain,24.6,83.9,Monsoon,0,Unknown,7,458,138.9,4.55,4038,Low,2023,7,July,No Flood,Normal,No Rain,No Flood
2023-07-11,Mumbai,Maharashtra,19.076,72.8777,12.2,Moderate,25.1,92.9,Monsoon,0,Unknown,20,8,311.8,3.32,22276,Moderate,2023,7,July,No Flood,Normal,Light,No Flood
2023-07-11,Mumbai,Maharashtra,19.076,72.8777,49.0,Heavy,22.2,88.1,Monsoon,0,Unknown,20,8,1328.5,6.96,22267,Very High,2023,7,July,No Flood,Normal,Moderate,No Flood
2023-07-11,Satara,Maharashtra,17.6805,73.9997,0.0,No Rain,23.8,87.2,Monsoon,0,Unknown,9,742,141.3,4.91,2836,Low,2023,7,July,No Flood,Normal,No Rain,No Flood
2023-07-11,Kolhapur,Maharashtra,16.705,74.2433,24.0,Moderate,27.7,84.4,Monsoon,0,Unknown,14,569,569.3,10.69,6172,Moderate,2023,7,July,No Flood,Normal,Moderate,No Flood
2023-07-12,Raigad,Maharashtra,18.5158,73.1822,0.0,No Rain,26.4,78.2,Monsoon,0,Unknown,16,45,279.7,3.21,1925,Moderate,2023,7,July,No Flood,Normal,No Rain,No Flood
2023-07-12,Sangli,Maharashtra,16.8524,74.5815,0.0,No Rain,25.8,90.9,Monsoon,0,Unknown,13,549,247.1,6.31,5167,Low,2023,7,July,No Flood,Normal,No Rain,No Flood
2023-07-12,Pune,Maharashtra,18.5204,73.8567,14.4,Moderate,25.3,95.6,Monsoon,0,Unknown,11,560,355.5,5.74,9934,Moderate,2023,7,July,No Flood,Normal,Light,No Flood
2023-07-12,Nashik,Maharashtra,19.9975,73.7898,4.3,Light,24.5,94.9,Monsoon,0,Unknown,8,600,228.3,5.81,4365,Low,2023,7,July,No Flood,Normal,Light,No Flood
2023-07-12,Panaji,Goa,15.4909,73.8278,60.8,Heavy,25.3,86.1,Monsoon,1,Very High,9,7,2045.5,6.52,2435,Very High,2023,7,July,Flood,Normal,Heavy,July
2023-07-12,Nagpur,Maharashtra,21.1458,79.0882,14.1,Moderate,25.6,84.9,Monsoon,0,Unknown,8,310,428.6,5.95,5388,Moderate,2023,7,July,No Flood,Normal,Light,No Flood
2023-07-12,Mumbai,Maharashtra,19.076,72.8777,145.6,Extreme,24.1,99.0,Monsoon,1,Very High,20,8,4245.8,6.96,22249,Very High,2023,7,July,Flood,Extreme,Very Heavy,July
2023-07-12,Mumbai,Maharashtra,19.076,72.8777,21.5,Moderate,25.9,76.8,Monsoon,0,Unknown,20,8,376.6,3.2,22251,Moderate,2023,7,July,No Flood,Normal,Moderate,No Flood
2023-07-12,Nashik,Maharashtra,19.9975,73.7898,0.0,No Rain,21.5,90.9,Monsoon,0,Unknown,8,600,184.7,5.02,4331,Low,2023,7,July,No Flood,Normal,No Rain,No Flood
2023-07-13,Kolhapur,Maharashtra,16.705,74.2433,41.3,Heavy,24.1,85.9,Monsoon,0,Unknown,14,569,951.1,13.29,6127,High,2023,7,July,No Flood,Normal,Moderate,No Flood
2023-07-13,Kolhapur,Maharashtra,16.705,74.2433,0.0,No Rain,23.3,96.7,Monsoon,0,Unknown,14,569,247.7,6.43,6140,Low,2023,7,July,No Flood,Normal,No Rain,No Flood
2023-07-13,Mumbai,Maharashtra,19.076,72.8777,78.6,Very Heavy,28.3,91.5,Monsoon,1,Very High,20,8,1763.4,6.96,22259,Very High,2023,7,July,Flood,Extreme,Heavy,July
2023-07-13,Mumbai,Maharashtra,19.076,72.8777,178.0,Extreme,24.1,99.0,Monsoon,1,Very High,20,8,7208.9,6.96,22243,Very High,2023,7,July,Flood,Extreme,Very Heavy,July
2023-07-13,Nashik,Maharashtra,19.9975,73.7898,18.1,Moderate,24.6,99.0,Monsoon,0,Unknown,8,600,376.0,7.13,4324,Moderate,2023,7,July,No Flood,Normal,Light,No Flood
2023-07-14,Ratnagiri,Maharashtra,16.9902,73.312,22.0,Moderate,25.4,80.4,Monsoon,0,Unknown,15,11,572.0,3.98,1710,High,2023,7,July,No Flood,Normal,Moderate,No Flood
2023-07-14,Satara,Maharashtra,17.6805,73.9997,0.0,No Rain,22.7,83.9,Monsoon,0,Unknown,9,742,161.6,5.53,2858,Low,2023,7,July,No Flood,Normal,No Rain,No Flood
2023-07-14,Mumbai,Maharashtra,19.076,72.8777,50.9,Heavy,28.1,99.0,Monsoon,1,Very High,20,8,1442.6,6.96,22248,Very High,2023,7,July,Flood,Normal,Heavy,July
2023-07-14,Kolhapur,Maharashtra,16.705,74.2433,21.6,Moderate,21.4,78.8,Monsoon,0,Unknown,14,569,508.8,9.63,6142,Moderate,2023,7,July,No Flood,Normal,Moderate,No Flood
2023-07-14,Ratnagiri,Maharashtra,16.9902,73.312,106.4,Very Heavy,27.7,98.9,Monsoon,1,Very High,15,11,3733.1,7.97,1689,Very High,2023,7,July,Flood,Extreme,Very Heavy,July
2023-07-15,Kolhapur,Maharashtra,16.705,74.2433,8.5,Moderate,23.3,81.1,Monsoon,0,Unknown,14,569,310.9,7.58,6123,Moderate,2023,7,July,No Flood,Normal,Light,No Flood
2023-07-15,Kolhapur,Maharashtra,16.705,74.2433,0.0,No Rain,25.0,80.1,Monsoon,0,Unknown,14,569,227.4,6.58,6177,Low,2023,7,July,No Flood,Normal,No Rain,No Flood
2023-07-16,Jalgaon,Maharashtra,21.0077,75.5626,24.6,Moderate,25.6,92.3,Monsoon,0,Unknown,6,209,669.4,9.0,3399,High,2023,7,July,No Flood,Normal,Moderate,No Flood
2023-07-16,Mumbai,Maharashtra,19.076,72.8777,0.0,No Rain,24.8,88.2,Monsoon,0,Unknown,20,8,137.2,2.31,22262,Low,2023,7,July,No Flood,Normal,No Rain,No Flood
2023-07-16,Raigad,Maharashtra,18.5158,73.1822,25.2,Moderate,25.1,96.3,Monsoon,0,Unknown,16,45,672.0,4.79,1885,High,2023,7,July,No Flood,Normal,Moderate,No Flood
2023-07-16,Raigad,Maharashtra,18.5158,73.1822,267.5,Extreme,24.5,99.0,Monsoon,1,Very High,16,45,11255.8,8.99,1932,Very High,2023,7,July,Flood,Extreme,Extreme,July
2023-07-16,Satara,Maharashtra,17.6805,73.9997,25.2,Moderate,25.7,79.6,Monsoon,0,Unknown,9,742,626.4,10.21,2860,Moderate,2023,7,July,No Flood,Normal,Moderate,No Flood
2023-07-17,Satara,Maharashtra,17.6805,73.9997,105.1,Very Heavy,22.9,99.0,Monsoon,1,Very High,9,742,2965.1,15.95,2868,Very High,2023,7,July,Flood,Extreme,Very Heavy,July
2023-07-17,Ratnagiri,Maharashtra,16.9902,73.312,0.0,No Rain,27.3,88.5,Monsoon,0,Unknown,15,11,258.3,3.01,1703,Moderate,2023,7,July,No Flood,Normal,No Rain,No Flood
2023-07-17,Pune,Maharashtra,18.5204,73.8567,37.2,Heavy,26.8,86.6,Monsoon,0,Unknown,11,560,1034.3,10.75,9939,High,2023,7,July,No Flood,Normal,Moderate,No Flood
2023-07-17,Belagavi,Karnataka,15.8497,74.4977,5.8,Light,21.5,95.9,Monsoon,0,Unknown,10,762,232.4,5.78,3278,Low,2023,7,July,No Flood,Normal,Light,No Flood
2023-07-17,Nashik,Maharashtra,19.9975,73.7898,57.9,Heavy,23.1,90.9,Monsoon,0,Unknown,8,600,1309.3,13.64,4344,High,2023,7,July,No Flood,Normal,Heavy,No Flood
2023-07-17,Kolhapur,Maharashtra,16.705,74.2433,51.1,Heavy,23.3,87.5,Monsoon,1,Very High,14,569,1565.4,17.58,6139,Very High,2023,7,July,Flood,Normal,Heavy,July
2023-07-17,Panaji,Goa,15.4909,73.8278,50.1,Heavy,26.5,79.9,Monsoon,1,Very High,9,7,1660.6,6.22,2467,Very High,2023,7,July,Flood,Normal,Heavy,July
2023-07-18,Ratnagiri,Maharashtra,16.9902,73.312,0.0,No Rain,29.8,82.9,Monsoon,0,Unknown,15,11,220.4,2.51,1667,Low,2023,7,July,No Flood,Normal,No Rain,No Flood
2023-07-18,Solapur,Maharashtra,17.6599,75.9064,86.2,Very Heavy,27.0,99.0,Monsoon,1,Very High,7,458,2969.1,13.05,4027,Very High,2023,7,July,Flood,Extreme,Heavy,July
2023-07-18,Satara,Maharashtra,17.6805,73.9997,23.2,Moderate,23.8,85.8,Monsoon,0,Unknown,9,742,417.5,8.14,2843,Moderate,2023,7,July,No Flood,Normal,Moderate,No Flood
2023-07-18,Pune,Maharashtra,18.5204,73.8567,84.4,Very Heavy,22.9,96.8,Monsoon,1,Very High,11,560,3251.8,13.78,9936,Very High,2023,7,July,Flood,Extreme,Heavy,July
2023-07-18,Jalgaon,Maharashtra,21.0077,75.5626,13.0,Moderate,25.1,93.0,Monsoon,0,Unknown,6,209,269.2,5.64,3398,Moderate,2023,7,July,No Flood,Normal,Light,No Flood
2023-07-18,Pune,Maharashtra,18.5204,73.8567,184.4,Extreme,22.7,99.0,Monsoon,1,Very High,11,560,6796.4,13.78,9959,Very High,2023,7,July,Flood,Extreme,Very Heavy,July
2023-07-18,Panaji,Goa,15.4909,73.8278,0.0,No Rain,23.0,80.1,Monsoon,0,Unknown,9,7,214.9,2.17,2427,Low,2023,7,July,No Flood,Normal,No Rain,No Flood
2023-07-18,Mumbai,Maharashtra,19.076,72.8777,27.6,Moderate,30.3,92.4,Monsoon,0,Unknown,20,8,657.0,4.97,22264,High,2023,7,July,No Flood,Normal,Moderate,No Flood
2023-07-18,Pune,Maharashtra,18.5204,73.8567,13.1,Moderate,24.4,91.0,Monsoon,0,Unknown,11,560,390.8,6.52,9955,Moderate,2023,7,July,No Flood,Normal,Light,No Flood
2023-07-19,Kolhapur,Maharashtra,16.705,74.2433,0.0,No Rain,24.7,79.7,Monsoon,0,Unknown,14,569,198.0,5.68,6157,Low,2023,7,July,No Flood,Normal,No Rain,No Flood
2023-07-19,Mumbai,Maharashtra,19.076,72.8777,22.0,Moderate,28.1,86.8,Monsoon,0,Unknown,20,8,485.1,4.15,22243,High,2023,7,July,No Flood,Normal,Moderate,No Flood
2023-07-19,Solapur,Maharashtra,17.6599,75.9064,5.6,Light,23.9,73.8,Monsoon,0,Unknown,7,458,172.3,5.28,4027,Low,2023,7,July,No Flood,Normal,Light,No Flood
2023-07-20,Mumbai,Maharashtra,19.076,72.8777,77.4,Very Heavy,29.6,95.2,Monsoon,1,Very High,20,8,2677.4,6.96,22258,Very High,2023,7,July,Flood,Extreme,Heavy,July
2023-07-20,Mumbai,Maharashtra,19.076,72.8777,74.1,Very Heavy,26.2,99.0,Monsoon,1,Very High,20,8,2211.8,6.96,22272,Very High,2023,7,July,Flood,Extreme,Heavy,July
2023-07-20,Nashik,Maharashtra,19.9975,73.7898,90.6,Very Heavy,24.8,98.4,Monsoon,1,Very High,8,600,2508.6,14.79,4360,Very High,2023,7,July,Flood,Extreme,Heavy,July
2023-07-21,Ratnagiri,Maharashtra,16.9902,73.312,228.8,Extreme,22.3,99.0,Monsoon,1,Very High,15,11,10176.3,7.97,1687,Very High,2023,7,July,Flood,Extreme,Extreme,July
2023-07-21,Ratnagiri,Maharashtra,16.9902,73.312,8.6,Moderate,25.1,81.5,Monsoon,0,Unknown,15,11,298.5,2.81,1706,Moderate,2023,7,July,No Flood,Normal,Light,No Flood
2023-07-21,Pune,Maharashtra,18.5204,73.8567,54.3,Heavy,23.7,83.2,Monsoon,1,Very High,11,560,1255.5,11.9,9993,Very High,2023,7,July,Flood,Normal,Heavy,July
2023-07-21,Sangli,Maharashtra,16.8524,74.5815,68.9,Very Heavy,23.0,81.7,Monsoon,1,Very High,13,549,2591.1,18.56,5180,Very High,2023,7,July,Flood,Extreme,Heavy,July
2023-07-21,Mumbai,Maharashtra,19.076,72.8777,90.4,Very Heavy,24.4,98.0,Monsoon,1,Very High,20,8,2889.0,6.96,22260,Very High,2023,7,July,Flood,Extreme,Heavy,July
2023-07-21,Kolhapur,Maharashtra,16.705,74.2433,79.4,Very Heavy,24.0,95.8,Monsoon,0,Unknown,14,569,1886.0,19.35,6130,Very High,2023,7,July,No Flood,Extreme,Heavy,No Flood
2023-07-21,Mumbai,Maharashtra,19.076,72.8777,14.7,Moderate,28.4,89.7,Monsoon,0,Unknown,20,8,292.2,3.23,22250,Moderate,2023,7,July,No Flood,Normal,Light,No Flood
2023-07-21,Satara,Maharashtra,17.6805,73.9997,15.8,Moderate,22.8,88.5,Monsoon,0,Unknown,9,742,459.1,8.7,2889,Moderate,2023,7,July,No Flood,Normal,Light,No Flood
2023-07-22,Pune,Maharashtra,18.5204,73.8567,10.1,Moderate,27.5,87.0,Monsoon,0,Unknown,11,560,353.5,6.06,9990,Moderate,2023,7,July,No Flood,Normal,Light,No Flood
2023-07-22,Nagpur,Maharashtra,21.1458,79.0882,5.1,Light,26.1,87.6,Monsoon,0,Unknown,8,310,223.7,4.4,5393,Low,2023,7,July,No Flood,Normal,Light,No Flood
2023-07-23,Nagpur,Maharashtra,21.1458,79.0882,0.0,No Rain,25.8,73.8,Monsoon,0,Unknown,8,310,193.4,4.66,5381,Low,2023,7,July,No Flood,Normal,No Rain,No Flood
2023-07-24,Kolhapur,Maharashtra,16.705,74.2433,45.8,Heavy,25.3,91.7,Monsoon,0,Unknown,14,569,1375.9,16.46,6127,High,2023,7,July,No Flood,Normal,Moderate,No Flood
2023-07-24,Nashik,Maharashtra,19.9975,73.7898,0.0,No Rain,26.4,85.9,Monsoon,0,Unknown,8,600,167.4,4.64,4356,Low,2023,7,July,No Flood,Normal,No Rain,No Flood
2023-07-24,Pune,Maharashtra,18.5204,73.8567,14.5,Moderate,23.7,94.3,Monsoon,0,Unknown,11,560,373.5,6.48,9949,Moderate,2023,7,July,No Flood,Normal,Light,No Flood
2023-07-24,Satara,Maharashtra,17.6805,73.9997,63.4,Heavy,24.5,82.3,Monsoon,1,Very High,9,742,1951.2,15.95,2854,Very High,2023,7,July,Flood,Normal,Heavy,July
2023-07-25,Mumbai,Maharashtra,19.076,72.8777,29.8,Moderate,22.5,85.3,Monsoon,0,Unknown,20,8,800.2,5.5,22288,Very High,2023,7,July,No Flood,Normal,Moderate,No Flood
2023-07-25,Satara,Maharashtra,17.6805,73.9997,56.2,Heavy,23.1,99.0,Monsoon,0,Unknown,9,742,1451.2,15.95,2886,High,2023,7,July,No Flood,Normal,Heavy,No Flood
2023-07-25,Jalgaon,Maharashtra,21.0077,75.5626,22.1,Moderate,24.9,89.2,Monsoon,0,Unknown,6,209,561.0,8.47,3395,Moderate,2023,7,July,No Flood,Normal,Moderate,No Flood
2023-07-25,Kolhapur,Maharashtra,16.705,74.2433,2.8,Light,24.0,90.5,Monsoon,0,Unknown,14,569,238.8,7.0,6156,Low,2023,7,July,No Flood,Normal,Light,No Flood
2023-07-26,Jalgaon,Maharashtra,21.0077,75.5626,0.0,No Rain,24.8,89.6,Monsoon,0,Unknown,6,209,111.6,3.5,3386,Low,2023,7,July,No Flood,Normal,No Rain,No Flood
2023-07-26,Kolhapur,Maharashtra,16.705,74.2433,4.6,Light,27.5,90.1,Monsoon,0,Unknown,14,569,230.9,6.32,6129,Low,2023,7,July,No Flood,Normal,Light,No Flood
2023-07-26,Nashik,Maharashtra,19.9975,73.7898,9.5,Moderate,22.8,85.0,Monsoon,0,Unknown,8,600,265.7,5.81,4368,Moderate,2023,7,July,No Flood,Normal,Light,No Flood
2023-07-26,Pune,Maharashtra,18.5204,73.8567,6.9,Light,23.1,81.5,Monsoon,0,Unknown,11,560,240.7,4.65,9991,Low,2023,7,July,No Flood,Normal,Light,No Flood
2023-07-27,Kolhapur,Maharashtra,16.705,74.2433,95.4,Very Heavy,21.2,96.4,Monsoon,1,Very High,14,569,3379.5,19.57,6162,Very High,2023,7,July,Flood,Extreme,Heavy,July
2023-07-27,Satara,Maharashtra,17.6805,73.9997,0.0,No Rain,24.1,94.9,Monsoon,0,Unknown,9,742,195.1,5.54,2868,Low,2023,7,July,No Flood,Normal,No Rain,No Flood
2023-07-28,Jalgaon,Maharashtra,21.0077,75.5626,8.4,Moderate,23.5,89.2,Monsoon,0,Unknown,6,209,190.3,4.99,3419,Low,2023,7,July,No Flood,Normal,Light,No Flood
2023-07-28,Pune,Maharashtra,18.5204,73.8567,20.8,Moderate,21.5,81.8,Monsoon,0,Unknown,11,560,521.3,7.42,9993,Moderate,2023,7,July,No Flood,Normal,Moderate,No Flood
2023-07-29,Pune,Maharashtra,18.5204,73.8567,0.0,No Rain,26.0,82.6,Monsoon,0,Unknown,11,560,190.8,4.28,9949,Low,2023,7,July,No Flood,Normal,No Rain,No Flood
2023-07-29,Mumbai,Maharashtra,19.076,72.8777,0.0,No Rain,23.9,83.4,Monsoon,0,Unknown,20,8,132.2,1.92,22279,Low,2023,7,July,No Flood,Normal,No Rain,No Flood
2023-07-29,Mumbai,Maharashtra,19.076,72.8777,7.4,Light,25.1,72.3,Monsoon,0,Unknown,20,8,248.7,3.49,22252,Moderate,2023,7,July,No Flood,Normal,Light,No Flood
2023-07-30,Jalgaon,Maharashtra,21.0077,75.5626,49.4,Heavy,26.2,88.6,Monsoon,1,Very High,6,209,1285.6,11.6,3391,Very High,2023,7,July,Flood,Normal,Moderate,July
2023-07-30,Jalgaon,Maharashtra,21.0077,75.5626,18.0,Moderate,25.5,83.2,Monsoon,0,Unknown,6,209,462.9,7.6,3401,Moderate,2023,7,July,No Flood,Normal,Light,No Flood
2023-07-31,Kolhapur,Maharashtra,16.705,74.2433,0.0,No Rain,25.3,91.0,Monsoon,0,Unknown,14,569,197.5,5.96,6138,Low,2023,7,July,No Flood,Normal,No Rain,No Flood
2023-07-31,Nashik,Maharashtra,19.9975,73.7898,8.2,Moderate,20.6,84.0,Monsoon,0,Unknown,8,600,262.0,6.27,4327,Moderate,2023,7,July,No Flood,Normal,Light,No Flood
2023-07-31,Pune,Maharashtra,18.5204,73.8567,12.8,Moderate,22.4,80.6,Monsoon,0,Unknown,11,560,425.5,6.08,9964,Moderate,2023,7,July,No Flood,Normal,Light,No Flood
2023-07-31,Pune,Maharashtra,18.5204,73.8567,0.0,No Rain,25.5,80.9,Monsoon,0,Unknown,11,560,174.3,4.02,9982,Low,2023,7,July,No Flood,Normal,No Rain,No Flood
2023-07-31,Raigad,Maharashtra,18.5158,73.1822,0.0,No Rain,25.1,81.3,Monsoon,0,Unknown,16,45,279.1,2.31,1883,Low,2023,7,July,No Flood,Normal,No Rain,No Flood
2023-07-31,Ratnagiri,Maharashtra,16.9902,73.312,4.7,Light,25.6,80.6,Monsoon,0,Unknown,15,11,268.5,2.45,1691,Moderate,2023,7,July,No Flood,Normal,Light,No Flood
2023-08-01,Solapur,Maharashtra,17.6599,75.9064,81.5,Very Heavy,19.9,97.0,Monsoon,1,Very High,7,458,2447.7,13.05,4032,Very High,2023,8,August,Flood,Extreme,Heavy,August
2023-08-01,Mumbai,Maharashtra,19.076,72.8777,0.0,No Rain,33.0,92.4,Monsoon,0,Unknown,20,8,174.5,2.41,22235,Low,2023,8,August,No Flood,Normal,No Rain,No Flood
2023-08-01,Nashik,Maharashtra,19.9975,73.7898,18.8,Moderate,22.8,95.0,Monsoon,0,Unknown,8,600,445.7,7.68,4349,Moderate,2023,8,August,No Flood,Normal,Light,No Flood
2023-08-01,Raigad,Maharashtra,18.5158,73.1822,0.0,No Rain,28.7,90.2,Monsoon,0,Unknown,16,45,260.4,3.22,1897,Moderate,2023,8,August,No Flood,Normal,No Rain,No Flood
2023-08-01,Satara,Maharashtra,17.6805,73.9997,0.0,No Rain,25.3,77.1,Monsoon,0,Unknown,9,742,137.9,4.7,2884,Low,2023,8,August,No Flood,Normal,No Rain,No Flood
2023-08-02,Nashik,Maharashtra,19.9975,73.7898,9.7,Moderate,21.8,87.2,Monsoon,0,Unknown,8,600,266.2,6.35,4322,Moderate,2023,8,August,No Flood,Normal,Light,No Flood
2023-08-02,Sangli,Maharashtra,16.8524,74.5815,26.4,Moderate,24.9,87.5,Monsoon,0,Unknown,13,549,657.3,9.48,5213,Moderate,2023,8,August,No Flood,Normal,Moderate,No Flood
2023-08-02,Satara,Maharashtra,17.6805,73.9997,45.0,Heavy,22.5,92.9,Monsoon,1,Very High,9,742,1320.2,15.27,2860,Very High,2023,8,August,Flood,Normal,Moderate,August
2023-08-02,Mumbai,Maharashtra,19.076,72.8777,160.2,Extreme,28.2,99.0,Monsoon,1,Very High,20,8,6409.7,6.96,22277,Very High,2023,8,August,Flood,Extreme,Very Heavy,August
2023-08-03,Pune,Maharashtra,18.5204,73.8567,2.8,Light,25.6,75.7,Monsoon,0,Unknown,11,560,228.2,4.66,9992,Low,2023,8,August,No Flood,Normal,Light,No Flood
2023-08-03,Sangli,Maharashtra,16.8524,74.5815,0.0,No Rain,30.8,89.9,Monsoon,0,Unknown,13,549,276.0,6.37,5197,Low,2023,8,August,No Flood,Normal,No Rain,No Flood
2023-08-03,Nagpur,Maharashtra,21.1458,79.0882,0.0,No Rain,23.0,89.5,Monsoon,0,Unknown,8,310,201.2,4.29,5379,Low,2023,8,August,No Flood,Normal,No Rain,No Flood
2023-08-04,Belagavi,Karnataka,15.8497,74.4977,25.5,Moderate,25.2,88.8,Monsoon,0,Unknown,10,762,659.0,10.28,3270,Moderate,2023,8,August,No Flood,Normal,Moderate,No Flood
2023-08-04,Mumbai,Maharashtra,19.076,72.8777,0.0,No Rain,24.4,89.9,Monsoon,0,Unknown,20,8,143.9,2.9,22282,Moderate,2023,8,August,No Flood,Normal,No Rain,No Flood
2023-08-04,Pune,Maharashtra,18.5204,73.8567,34.3,Moderate,25.9,99.0,Monsoon,0,Unknown,11,560,806.7,9.09,9956,High,2023,8,August,No Flood,Normal,Moderate,No Flood
2023-08-04,Sangli,Maharashtra,16.8524,74.5815,0.0,No Rain,23.8,84.3,Monsoon,0,Unknown,13,549,272.0,6.74,5203,Low,2023,8,August,No Flood,Normal,No Rain,No Flood
2023-08-04,Sangli,Maharashtra,16.8524,74.5815,0.0,No Rain,24.3,79.9,Monsoon,0,Unknown,13,549,250.4,5.91,5221,Low,2023,8,August,No Flood,Normal,No Rain,No Flood
2023-08-04,Satara,Maharashtra,17.6805,73.9997,45.3,Heavy,23.0,85.3,Monsoon,1,Very High,9,742,1185.7,14.8,2862,Very High,2023,8,August,Flood,Normal,Moderate,August
2023-08-05,Satara,Maharashtra,17.6805,73.9997,73.9,Very Heavy,23.6,86.6,Monsoon,1,Very High,9,742,2251.4,15.95,2882,Very High,2023,8,August,Flood,Extreme,Heavy,August
2023-08-05,Kolhapur,Maharashtra,16.705,74.2433,141.6,Extreme,22.3,95.3,Monsoon,1,Very High,14,569,5490.9,19.57,6151,Very High,2023,8,August,Flood,Extreme,Very Heavy,August
2023-08-05,Mumbai,Maharashtra,19.076,72.8777,0.0,No Rain,27.2,84.9,Monsoon,0,Unknown,20,8,149.0,2.37,22247,Low,2023,8,August,No Flood,Normal,No Rain,No Flood
2023-08-05,Mumbai,Maharashtra,19.076,72.8777,0.0,No Rain,26.7,88.9,Monsoon,0,Unknown,20,8,149.9,2.59,22259,Low,2023,8,August,No Flood,Normal,No Rain,No Flood
2023-08-05,Panaji,Goa,15.4909,73.8278,152.6,Extreme,27.2,99.0,Monsoon,1,Very High,9,7,6124.5,6.52,2453,Very High,2023,8,August,Flood,Extreme,Very Heavy,August
2023-08-05,Pune,Maharashtra,18.5204,73.8567,39.3,Heavy,23.8,93.6,Monsoon,1,High,11,560,1152.3,11.54,9977,Very High,2023,8,August,Flood,Normal,Moderate,August
2023-08-05,Raigad,Maharashtra,18.5158,73.1822,90.9,Very Heavy,23.5,92.9,Monsoon,1,Very High,16,45,3406.7,8.99,1902,Very High,2023,8,August,Flood,Extreme,Heavy,August
2023-08-05,Sangli,Maharashtra,16.8524,74.5815,1.8,Light,24.0,82.5,Monsoon,0,Unknown,13,549,268.2,6.1,5179,Low,2023,8,August,No Flood,Normal,Light,No Flood
2023-08-06,Nashik,Maharashtra,19.9975,73.7898,20.3,Moderate,22.3,92.2,Monsoon,0,Unknown,8,600,562.8,8.7,4367,Moderate,2023,8,August,No Flood,Normal,Moderate,No Flood
2023-08-06,Mumbai,Maharashtra,19.076,72.8777,22.2,Moderate,29.3,80.5,Monsoon,0,Unknown,20,8,531.1,4.52,22285,High,2023,8,August,No Flood,Normal,Moderate,No Flood
2023-08-06,Belagavi,Karnataka,15.8497,74.4977,132.8,Extreme,24.1,95.7,Monsoon,1,Very High,10,762,5644.6,16.68,3273,Very High,2023,8,August,Flood,Extreme,Very Heavy,August
2023-08-07,Mumbai,Maharashtra,19.076,72.8777,37.4,Heavy,26.3,98.1,Monsoon,0,Unknown,20,8,1108.3,6.01,22245,Very High,2023,8,August,No Flood,Normal,Moderate,No Flood
2023-08-07,Ratnagiri,Maharashtra,16.9902,73.312,161.1,Extreme,26.7,99.0,Monsoon,1,Very High,15,11,7530.6,7.97,1702,Very High,2023,8,August,Flood,Extreme,Very Heavy,August
2023-08-07,Sangli,Maharashtra,16.8524,74.5815,26.5,Moderate,22.1,98.3,Monsoon,0,Unknown,13,549,760.6,11.03,5168,High,2023,8,August,No Flood,Normal,Moderate,No Flood
2023-08-08,Pune,Maharashtra,18.5204,73.8567,0.0,No Rain,25.9,90.9,Monsoon,0,Unknown,11,560,218.4,4.52,9989,Low,2023,8,August,No Flood,Normal,No Rain,No Flood
2023-08-08,Kolhapur,Maharashtra,16.705,74.2433,32.1,Moderate,23.3,92.5,Monsoon,1,Moderate,14,569,818.8,12.07,6151,High,2023,8,August,Flood,Normal,Moderate,August
2023-08-08,Kolhapur,Maharashtra,16.705,74.2433,35.3,Moderate,22.0,89.5,Monsoon,0,Unknown,14,569,814.1,12.56,6137,High,2023,8,August,No Flood,Normal,Moderate,No Flood
2023-08-08,Mumbai,Maharashtra,19.076,72.8777,42.6,Heavy,29.2,87.6,Monsoon,0,Unknown,20,8,889.1,5.73,22235,Very High,2023,8,August,No Flood,Normal,Moderate,No Flood
2023-08-08,Mumbai,Maharashtra,19.076,72.8777,38.9,Heavy,24.6,84.9,Monsoon,1,Moderate,20,8,736.1,5.24,22277,Very High,2023,8,August,Flood,Normal,Moderate,August
2023-08-08,Mumbai,Maharashtra,19.076,72.8777,61.7,Heavy,27.8,99.0,Monsoon,1,Very High,20,8,1919.4,6.96,22241,Very High,2023,8,August,Flood,Normal,Heavy,August
2023-08-08,Mumbai,Maharashtra,19.076,72.8777,276.4,Extreme,27.4,99.0,Monsoon,1,Very High,20,8,11181.2,6.96,22285,Very High,2023,8,August,Flood,Extreme,Extreme,August
2023-08-08,Pune,Maharashtra,18.5204,73.8567,0.0,No Rain,19.6,86.4,Monsoon,0,Unknown,11,560,173.5,4.13,9983,Low,2023,8,August,No Flood,Normal,No Rain,No Flood
2023-08-09,Satara,Maharashtra,17.6805,73.9997,14.2,Moderate,26.2,81.6,Monsoon,0,Unknown,9,742,395.2,8.37,2863,Moderate,2023,8,August,No Flood,Normal,Light,No Flood
2023-08-09,Raigad,Maharashtra,18.5158,73.1822,0.0,No Rain,26.0,95.1,Monsoon,0,Unknown,16,45,288.5,3.17,1934,Moderate,2023,8,August,No Flood,Normal,No Rain,No Flood
2023-08-09,Satara,Maharashtra,17.6805,73.9997,27.2,Moderate,24.3,92.1,Monsoon,0,Unknown,9,742,513.3,9.47,2855,Moderate,2023,8,August,No Flood,Normal,Moderate,No Flood
2023-08-09,Pune,Maharashtra,18.5204,73.8567,30.8,Moderate,24.3,99.0,Monsoon,0,Unknown,11,560,759.8,9.48,9973,High,2023,8,August,No Flood,Normal,Moderate,No Flood
2023-08-09,Sangli,Maharashtra,16.8524,74.5815,4.0,Light,26.0,85.0,Monsoon,0,Unknown,13,549,293.4,6.5,5171,Low,2023,8,August,No Flood,Normal,Light,No Flood
2023-08-09,Mumbai,Maharashtra,19.076,72.8777,0.0,No Rain,27.8,89.7,Monsoon,0,Unknown,20,8,135.7,1.85,22243,Low,2023,8,August,No Flood,Normal,No Rain,No Flood
2023-08-09,Mumbai,Maharashtra,19.076,72.8777,0.0,No Rain,25.5,76.2,Monsoon,0,Unknown,20,8,150.7,2.47,22233,Low,2023,8,August,No Flood,Normal,No Rain,No Flood
2023-08-09,Belagavi,Karnataka,15.8497,74.4977,0.0,No Rain,22.9,80.1,Monsoon,0,Unknown,10,762,182.0,5.64,3308,Low,2023,8,August,No Flood,Normal,No Rain,No Flood
2023-08-09,Pune,Maharashtra,18.5204,73.8567,8.8,Moderate,23.5,79.9,Monsoon,0,Unknown,11,560,324.9,6.12,9940,Moderate,2023,8,August,No Flood,Normal,Light,No Flood
2023-08-10,Satara,Maharashtra,17.6805,73.9997,113.8,Very Heavy,19.8,96.4,Monsoon,1,Very High,9,742,3627.3,15.95,2869,Very High,2023,8,August,Flood,Extreme,Very Heavy,August
2023-08-10,Sangli,Maharashtra,16.8524,74.5815,19.1,Moderate,22.7,83.3,Monsoon,0,Unknown,13,549,548.2,9.13,5222,Moderate,2023,8,August,No Flood,Normal,Light,No Flood
2023-08-10,Pune,Maharashtra,18.5204,73.8567,18.4,Moderate,26.9,89.6,Monsoon,0,Unknown,11,560,545.0,7.58,9974,Moderate,2023,8,August,No Flood,Normal,Light,No Flood
2023-08-10,Jalgaon,Maharashtra,21.0077,75.5626,52.8,Heavy,26.6,92.7,Monsoon,0,Unknown,6,209,1241.6,11.6,3391,High,2023,8,August,No Flood,Normal,Heavy,No Flood
2023-08-10,Mumbai,Maharashtra,19.076,72.8777,178.0,Extreme,25.9,96.0,Monsoon,1,Very High,20,8,5505.3,6.96,22260,Very High,2023,8,August,Flood,Extreme,Very Heavy,August
2023-08-10,Panaji,Goa,15.4909,73.8278,5.4,Light,25.0,79.7,Monsoon,0,Unknown,9,7,259.2,2.1,2423,Moderate,2023,8,August,No Flood,Normal,Light,No Flood
2023-08-11,Belagavi,Karnataka,15.8497,74.4977,30.4,Moderate,22.0,91.0,Monsoon,0,Unknown,10,762,672.1,10.69,3278,Moderate,2023,8,August,No Flood,Normal,Moderate,No Flood
2023-08-11,Kolhapur,Maharashtra,16.705,74.2433,71.1,Very Heavy,26.5,93.7,Monsoon,1,Very High,14,569,2138.7,19.57,6118,Very High,2023,8,August,Flood,Extreme,Heavy,August
2023-08-11,Kolhapur,Maharashtra,16.705,74.2433,27.0,Moderate,24.4,82.1,Monsoon,0,Unknown,14,569,674.2,11.06,6124,Moderate,2023,8,August,No Flood,Normal,Moderate,No Flood
2023-08-11,Kolhapur,Maharashtra,16.705,74.2433,11.8,Moderate,31.2,90.5,Monsoon,0,Unknown,14,569,407.4,8.54,6156,Moderate,2023,8,August,No Flood,Normal,Light,No Flood
2023-08-11,Pune,Maharashtra,18.5204,73.8567,45.8,Heavy,23.6,92.5,Monsoon,1,Very High,11,560,1299.8,11.92,9987,Very High,2023,8,August,Flood,Normal,Moderate,August
2023-08-11,Ratnagiri,Maharashtra,16.9902,73.312,0.0,No Rain,28.7,96.2,Monsoon,0,Unknown,15,11,229.9,2.47,1672,Low,2023,8,August,No Flood,Normal,No Rain,No Flood
2023-08-12,Mumbai,Maharashtra,19.076,72.8777,253.9,Extreme,25.6,99.0,Monsoon,1,Very High,20,8,12384.9,6.96,22251,Very High,2023,8,August,Flood,Extreme,Extreme,August
2023-08-13,Pune,Maharashtra,18.5204,73.8567,15.1,Moderate,24.0,81.6,Monsoon,0,Unknown,11,560,356.3,5.97,9955,Moderate,2023,8,August,No Flood,Normal,Light,No Flood
2023-08-14,Sangli,Maharashtra,16.8524,74.5815,0.0,No Rain,20.9,91.0,Monsoon,0,Unknown,13,549,256.5,5.84,5215,Low,2023,8,August,No Flood,Normal,No Rain,No Flood
2023-08-15,Jalgaon,Maharashtra,21.0077,75.5626,12.2,Moderate,28.0,87.1,Monsoon,0,Unknown,6,209,303.7,5.86,3379,Moderate,2023,8,August,No Flood,Normal,Light,No Flood
2023-08-15,Kolhapur,Maharashtra,16.705,74.2433,7.2,Light,24.6,85.4,Monsoon,0,Unknown,14,569,281.3,6.82,6171,Low,2023,8,August,No Flood,Normal,Light,No Flood
2023-08-15,Nashik,Maharashtra,19.9975,73.7898,0.0,No Rain,22.4,97.9,Monsoon,0,Unknown,8,600,166.0,4.89,4323,Low,2023,8,August,No Flood,Normal,No Rain,No Flood
2023-08-15,Ratnagiri,Maharashtra,16.9902,73.312,43.1,Heavy,25.3,83.1,Monsoon,1,High,15,11,1332.0,6.05,1719,Very High,2023,8,August,Flood,Normal,Moderate,August
2023-08-16,Mumbai,Maharashtra,19.076,72.8777,39.5,Heavy,27.1,82.8,Monsoon,1,High,20,8,818.9,5.32,22248,Very High,2023,8,August,Flood,Normal,Moderate,August
2023-08-16,Mumbai,Maharashtra,19.076,72.8777,71.2,Very Heavy,24.5,96.0,Monsoon,1,Very High,20,8,2208.3,6.96,22245,Very High,2023,8,August,Flood,Extreme,Heavy,August
2023-08-16,Belagavi,Karnataka,15.8497,74.4977,0.0,No Rain,25.1,77.6,Monsoon,0,Unknown,10,762,180.6,5.19,3286,Low,2023,8,August,No Flood,Normal,No Rain,No Flood
2023-08-17,Kolhapur,Maharashtra,16.705,74.2433,4.5,Light,27.6,86.8,Monsoon,0,Unknown,14,569,236.3,6.48,6162,Low,2023,8,August,No Flood,Normal,Light,No Flood
2023-08-17,Mumbai,Maharashtra,19.076,72.8777,10.1,Moderate,24.9,88.0,Monsoon,0,Unknown,20,8,218.4,2.54,22232,Moderate,2023,8,August,No Flood,Normal,Light,No Flood
2023-08-17,Pune,Maharashtra,18.5204,73.8567,0.0,No Rain,23.1,77.8,Monsoon,0,Unknown,11,560,202.3,4.38,9980,Low,2023,8,August,No Flood,Normal,No Rain,No Flood
2023-08-17,Pune,Maharashtra,18.5204,73.8567,54.8,Heavy,20.3,92.7,Monsoon,1,Very High,11,560,1402.0,11.93,9965,Very High,2023,8,August,Flood,Normal,Heavy,August
2023-08-17,Raigad,Maharashtra,18.5158,73.1822,33.2,Moderate,24.9,82.9,Monsoon,0,Unknown,16,45,1033.3,5.74,1909,High,2023,8,August,No Flood,Normal,Moderate,No Flood
2023-08-17,Satara,Maharashtra,17.6805,73.9997,0.0,No Rain,23.9,85.4,Monsoon,0,Unknown,9,742,166.2,5.16,2838,Low,2023,8,August,No Flood,Normal,No Rain,No Flood
2023-08-18,Belagavi,Karnataka,15.8497,74.4977,42.6,Heavy,26.4,92.9,Monsoon,1,High,10,762,1067.1,13.19,3259,Very High,2023,8,August,Flood,Normal,Moderate,August
2023-08-18,Kolhapur,Maharashtra,16.705,74.2433,10.7,Moderate,23.9,89.6,Monsoon,0,Unknown,14,569,286.9,7.37,6125,Moderate,2023,8,August,No Flood,Normal,Light,No Flood
2023-08-18,Nashik,Maharashtra,19.9975,73.7898,5.0,Light,26.0,86.0,Monsoon,0,Unknown,8,600,216.6,5.73,4327,Low,2023,8,August,No Flood,Normal,Light,No Flood
2023-08-18,Raigad,Maharashtra,18.5158,73.1822,129.7,Extreme,23.4,91.0,Monsoon,1,Very High,16,45,4738.8,8.99,1915,Very High,2023,8,August,Flood,Extreme,Very Heavy,August
2023-08-19,Kolhapur,Maharashtra,16.705,74.2433,217.1,Extreme,27.6,99.0,Monsoon,1,Very High,14,569,10154.4,19.57,6132,Very High,2023,8,August,Flood,Extreme,Extreme,August
2023-08-19,Raigad,Maharashtra,18.5158,73.1822,114.6,Very Heavy,25.6,99.0,Monsoon,1,Very High,16,45,4949.7,8.99,1912,Very High,2023,8,August,Flood,Extreme,Very Heavy,August
2023-08-19,Satara,Maharashtra,17.6805,73.9997,35.7,Heavy,25.6,86.9,Monsoon,0,Unknown,9,742,806.3,11.73,2842,High,2023,8,August,No Flood,Normal,Moderate,No Flood
2023-08-20,Satara,Maharashtra,17.6805,73.9997,54.3,Heavy,20.8,89.7,Monsoon,1,Very High,9,742,1770.0,15.95,2849,Very High,2023,8,August,Flood,Normal,Heavy,August
2023-08-20,Pune,Maharashtra,18.5204,73.8567,48.7,Heavy,27.9,93.6,Monsoon,0,Unknown,11,560,1305.5,11.74,9984,High,2023,8,August,No Flood,Normal,Moderate,No Flood
2023-08-20,Ratnagiri,Maharashtra,16.9902,73.312,9.0,Moderate,26.9,84.4,Monsoon,0,Unknown,15,11,296.0,2.92,1671,Moderate,2023,8,August,No Flood,Normal,Light,No Flood
2023-08-20,Kolhapur,Maharashtra,16.705,74.2433,0.0,No Rain,23.4,82.5,Monsoon,0,Unknown,14,569,230.2,6.85,6151,Low,2023,8,August,No Flood,Normal,No Rain,No Flood
2023-08-20,Kolhapur,Maharashtra,16.705,74.2433,39.7,Heavy,22.6,84.7,Monsoon,0,Unknown,14,569,939.7,13.87,6166,High,2023,8,August,No Flood,Normal,Moderate,No Flood
2023-08-21,Kolhapur,Maharashtra,16.705,74.2433,30.7,Moderate,25.9,93.5,Monsoon,0,Unknown,14,569,641.3,10.79,6153,Moderate,2023,8,August,No Flood,Normal,Moderate,No Flood
2023-08-21,Mumbai,Maharashtra,19.076,72.8777,0.0,No Rain,26.1,74.5,Monsoon,0,Unknown,20,8,145.9,2.5,22245,Low,2023,8,August,No Flood,Normal,No Rain,No Flood
2023-08-21,Ratnagiri,Maharashtra,16.9902,73.312,3.0,Light,23.1,78.0,Monsoon,0,Unknown,15,11,246.2,2.63,1688,Low,2023,8,August,No Flood,Normal,Light,No Flood
2023-08-21,Satara,Maharashtra,17.6805,73.9997,0.0,No Rain,24.5,81.9,Monsoon,0,Unknown,9,742,170.9,5.31,2867,Low,2023,8,August,No Flood,Normal,No Rain,No Flood
2023-08-22,Panaji,Goa,15.4909,73.8278,14.9,Moderate,25.1,86.8,Monsoon,0,Unknown,9,7,411.1,3.01,2436,Moderate,2023,8,August,No Flood,Normal,Light,No Flood
2023-08-22,Panaji,Goa,15.4909,73.8278,2.3,Light,22.0,84.2,Monsoon,0,Unknown,9,7,178.4,2.07,2430,Low,2023,8,August,No Flood,Normal,Light,No Flood
2023-08-22,Pune,Maharashtra,18.5204,73.8567,161.8,Extreme,24.2,99.0,Monsoon,1,Very High,11,560,4848.8,13.78,9971,Very High,2023,8,August,Flood,Extreme,Very Heavy,August
2023-08-22,Ratnagiri,Maharashtra,16.9902,73.312,36.1,Heavy,26.0,79.5,Monsoon,0,Unknown,15,11,975.5,5.35,1679,High,2023,8,August,No Flood,Normal,Moderate,No Flood
2023-08-22,Satara,Maharashtra,17.6805,73.9997,70.8,Very Heavy,25.4,92.9,Monsoon,1,Very High,9,742,2254.4,15.95,2864,Very High,2023,8,August,Flood,Extreme,Heavy,August
2023-08-22,Satara,Maharashtra,17.6805,73.9997,0.0,No Rain,20.0,91.0,Monsoon,0,Unknown,9,742,169.4,5.24,2856,Low,2023,8,August,No Flood,Normal,No Rain,No Flood
2023-08-22,Solapur,Maharashtra,17.6599,75.9064,115.1,Very Heavy,26.1,95.7,Monsoon,1,Very High,7,458,4087.6,13.05,4029,Very High,2023,8,August,Flood,Extreme,Very Heavy,August
2023-08-23,Satara,Maharashtra,17.6805,73.9997,14.7,Moderate,23.0,87.0,Monsoon,0,Unknown,9,742,332.8,7.41,2870,Moderate,2023,8,August,No Flood,Normal,Light,No Flood
2023-08-23,Nagpur,Maharashtra,21.1458,79.0882,0.0,No Rain,21.9,90.2,Monsoon,0,Unknown,8,310,196.8,4.07,5420,Low,2023,8,August,No Flood,Normal,No Rain,No Flood
2023-08-23,Panaji,Goa,15.4909,73.8278,64.7,Very Heavy,26.4,97.9,Monsoon,1,Very High,9,7,1810.6,6.5,2417,Very High,2023,8,August,Flood,Extreme,Heavy,August
2023-08-23,Kolhapur,Maharashtra,16.705,74.2433,3.4,Light,23.8,96.2,Monsoon,0,Unknown,14,569,223.3,6.44,6136,Low,2023,8,August,No Flood,Normal,Light,No Flood
2023-08-23,Kolhapur,Maharashtra,16.705,74.2433,37.0,Heavy,24.7,83.7,Monsoon,0,Unknown,14,569,853.0,12.95,6147,High,2023,8,August,No Flood,Normal,Moderate,No Flood
2023-08-23,Kolhapur,Maharashtra,16.705,74.2433,8.6,Moderate,24.8,82.8,Monsoon,0,Unknown,14,569,322.2,8.06,6166,Moderate,2023,8,August,No Flood,Normal,Light,No Flood
2023-08-24,Kolhapur,Maharashtra,16.705,74.2433,45.0,Heavy,27.3,98.7,Monsoon,1,Very High,14,569,1511.6,17.46,6172,Very High,2023,8,August,Flood,Normal,Moderate,August
2023-08-24,Pune,Maharashtra,18.5204,73.8567,8.7,Moderate,23.6,87.0,Monsoon,0,Unknown,11,560,295.1,5.22,9966,Moderate,2023,8,August,No Flood,Normal,Light,No Flood
2023-08-24,Raigad,Maharashtra,18.5158,73.1822,36.3,Heavy,28.9,89.7,Monsoon,0,Unknown,16,45,985.4,5.75,1906,High,2023,8,August,No Flood,Normal,Moderate,No Flood
2023-08-24,Sangli,Maharashtra,16.8524,74.5815,14.8,Moderate,22.9,82.1,Monsoon,0,Unknown,13,549,453.3,7.7,5173,Moderate,2023,8,August,No Flood,Normal,Light,No Flood
2023-08-24,Solapur,Maharashtra,17.6599,75.9064,27.2,Moderate,28.1,93.9,Monsoon,0,Unknown,7,458,500.9,9.43,4027,Moderate,2023,8,August,No Flood,Normal,Moderate,No Flood
2023-08-25,Satara,Maharashtra,17.6805,73.9997,22.5,Moderate,23.1,78.2,Monsoon,0,Unknown,9,742,572.3,9.48,2874,Moderate,2023,8,August,No Flood,Normal,Moderate,No Flood
2023-08-25,Sangli,Maharashtra,16.8524,74.5815,34.2,Moderate,26.0,80.1,Monsoon,0,Unknown,13,549,1092.0,12.61,5192,High,2023,8,August,No Flood,Normal,Moderate,No Flood
2023-08-25,Nashik,Maharashtra,19.9975,73.7898,0.0,No Rain,23.4,72.1,Monsoon,0,Unknown,8,600,164.7,4.53,4328,Low,2023,8,August,No Flood,Normal,No Rain,No Flood
2023-08-25,Kolhapur,Maharashtra,16.705,74.2433,0.0,No Rain,21.1,80.5,Monsoon,0,Unknown,14,569,223.9,6.26,6151,Low,2023,8,August,No Flood,Normal,No Rain,No Flood
2023-08-25,Pune,Maharashtra,18.5204,73.8567,68.5,Very Heavy,29.0,95.5,Monsoon,1,Very High,11,560,2480.1,13.78,9934,Very High,2023,8,August,Flood,Extreme,Heavy,August
2023-08-26,Nashik,Maharashtra,19.9975,73.7898,38.3,Heavy,23.7,87.0,Monsoon,0,Unknown,8,600,843.9,10.67,4354,High,2023,8,August,No Flood,Normal,Moderate,No Flood
2023-08-28,Mumbai,Maharashtra,19.076,72.8777,23.9,Moderate,27.2,84.7,Monsoon,0,Unknown,20,8,563.0,4.51,22247,High,2023,8,August,No Flood,Normal,Moderate,No Flood
2023-08-28,Panaji,Goa,15.4909,73.8278,28.0,Moderate,28.2,82.7,Monsoon,0,Unknown,9,7,721.2,4.18,2461,High,2023,8,August,No Flood,Normal,Moderate,No Flood
2023-08-28,Sangli,Maharashtra,16.8524,74.5815,42.2,Heavy,25.7,92.8,Monsoon,0,Unknown,13,549,1051.7,12.41,5199,High,2023,8,August,No Flood,Normal,Moderate,No Flood
2023-08-29,Ratnagiri,Maharashtra,16.9902,73.312,29.2,Moderate,26.2,94.0,Monsoon,0,Unknown,15,11,942.4,5.1,1716,High,2023,8,August,No Flood,Normal,Moderate,No Flood
2023-08-29,Pune,Maharashtra,18.5204,73.8567,6.2,Light,25.6,84.3,Monsoon,0,Unknown,11,560,230.2,5.01,9965,Low,2023,8,August,No Flood,Normal,Light,No Flood
2023-08-30,Nashik,Maharashtra,19.9975,73.7898,9.9,Moderate,25.0,82.1,Monsoon,0,Unknown,8,600,326.0,6.91,4346,Moderate,2023,8,August,No Flood,Normal,Light,No Flood
2023-08-30,Ratnagiri,Maharashtra,16.9902,73.312,128.7,Extreme,26.3,82.4,Monsoon,1,Very High,15,11,5221.2,7.97,1692,Very High,2023,8,August,Flood,Extreme,Very Heavy,August
2023-08-30,Kolhapur,Maharashtra,16.705,74.2433,0.0,No Rain,21.3,81.3,Monsoon,0,Unknown,14,569,211.3,6.33,6174,Low,2023,8,August,No Flood,Normal,No Rain,No Flood
2023-08-30,Nagpur,Maharashtra,21.1458,79.0882,0.0,No Rain,26.8,89.4,Monsoon,0,Unknown,8,310,195.5,4.31,5435,Low,2023,8,August,No Flood,Normal,No Rain,No Flood
2023-08-31,Satara,Maharashtra,17.6805,73.9997,0.0,No Rain,25.8,75.9,Monsoon,0,Unknown,9,742,151.2,4.52,2881,Low,2023,8,August,No Flood,Normal,No Rain,No Flood
2023-08-31,Sangli,Maharashtra,16.8524,74.5815,0.0,No Rain,26.2,85.2,Monsoon,0,Unknown,13,549,246.4,5.52,5214,Low,2023,8,August,No Flood,Normal,No Rain,No Flood
2023-08-31,Raigad,Maharashtra,18.5158,73.1822,11.7,Moderate,23.2,86.2,Monsoon,0,Unknown,16,45,456.6,3.63,1928,Moderate,2023,8,August,No Flood,Normal,Light,No Flood
2023-08-31,Kolhapur,Maharashtra,16.705,74.2433,0.0,No Rain,26.1,78.7,Monsoon,0,Unknown,14,569,205.0,5.99,6123,Low,2023,8,August,No Flood,Normal,No Rain,No Flood
2023-08-31,Panaji,Goa,15.4909,73.8278,35.6,Heavy,28.3,75.6,Monsoon,1,High,9,7,1111.4,5.33,2429,Very High,2023,8,August,Flood,Normal,Moderate,August
2023-08-31,Mumbai,Maharashtra,19.076,72.8777,136.5,Extreme,24.2,99.0,Monsoon,1,Very High,20,8,3692.0,6.96,22276,Very High,2023,8,August,Flood,Extreme,Very Heavy,August
2023-08-31,Pune,Maharashtra,18.5204,73.8567,32.5,Moderate,26.1,83.9,Monsoon,0,Unknown,11,560,746.4,9.12,9980,High,2023,8,August,No Flood,Normal,Moderate,No Flood
2023-09-01,Kolhapur,Maharashtra,16.705,74.2433,85.1,Very Heavy,25.6,86.1,Monsoon,1,Very High,14,569,2539.6,19.57,6164,Very High,2023,9,September,Flood,Extreme,Heavy,September
2023-09-01,Nagpur,Maharashtra,21.1458,79.0882,21.6,Moderate,25.8,85.7,Monsoon,0,Unknown,8,310,562.4,6.79,5433,Moderate,2023,9,September,No Flood,Normal,Moderate,No Flood
2023-09-01,Pune,Maharashtra,18.5204,73.8567,16.4,Moderate,24.8,85.4,Monsoon,0,Unknown,11,560,477.5,6.85,9972,Moderate,2023,9,September,No Flood,Normal,Light,No Flood
2023-09-01,Solapur,Maharashtra,17.6599,75.9064,92.6,Very Heavy,24.0,89.4,Monsoon,1,Very High,7,458,2676.0,13.05,4018,Very High,2023,9,September,Flood,Extreme,Heavy,September
2023-09-03,Belagavi,Karnataka,15.8497,74.4977,114.7,Very Heavy,23.6,99.0,Monsoon,1,Very High,10,762,5051.9,16.68,3275,Very High,2023,9,September,Flood,Extreme,Very Heavy,September
2023-09-03,Nagpur,Maharashtra,21.1458,79.0882,71.4,Very Heavy,25.6,91.8,Monsoon,1,Very High,8,310,2290.4,12.32,5391,Very High,2023,9,September,Flood,Extreme,Heavy,September
2023-09-03,Panaji,Goa,15.4909,73.8278,16.9,Moderate,25.4,92.8,Monsoon,0,Unknown,9,7,498.4,3.13,2442,High,2023,9,September,No Flood,Normal,Light,No Flood
2023-09-03,Pune,Maharashtra,18.5204,73.8567,48.9,Heavy,25.4,83.1,Monsoon,0,Unknown,11,560,1171.3,11.67,9989,High,2023,9,September,No Flood,Normal,Moderate,No Flood
2023-09-03,Satara,Maharashtra,17.6805,73.9997,57.6,Heavy,23.5,93.6,Monsoon,0,Unknown,9,742,1637.3,15.95,2889,High,2023,9,September,No Flood,Normal,Heavy,No Flood
2023-09-04,Nashik,Maharashtra,19.9975,73.7898,15.2,Moderate,26.6,86.8,Monsoon,0,Unknown,8,600,374.3,6.8,4360,Moderate,2023,9,September,No Flood,Normal,Light,No Flood
2023-09-05,Sangli,Maharashtra,16.8524,74.5815,0.0,No Rain,20.8,81.0,Monsoon,0,Unknown,13,549,244.4,5.63,5174,Low,2023,9,September,No Flood,Normal,No Rain,No Flood
2023-09-06,Jalgaon,Maharashtra,21.0077,75.5626,0.0,No Rain,23.7,89.4,Monsoon,0,Unknown,6,209,128.0,3.99,3386,Low,2023,9,September,No Flood,Normal,No Rain,No Flood
2023-09-07,Jalgaon,Maharashtra,21.0077,75.5626,223.8,Extreme,24.4,99.0,Monsoon,1,Very High,6,209,8332.0,11.6,3401,Very High,2023,9,September,Flood,Extreme,Extreme,September
2023-09-07,Kolhapur,Maharashtra,16.705,74.2433,52.2,Heavy,22.5,91.0,Monsoon,1,Very High,14,569,1732.1,18.76,6166,Very High,2023,9,September,Flood,Normal,Heavy,September
2023-09-07,Jalgaon,Maharashtra,21.0077,75.5626,9.0,Moderate,28.4,87.8,Monsoon,0,Unknown,6,209,201.1,4.4,3405,Low,2023,9,September,No Flood,Normal,Light,No Flood
2023-09-08,Kolhapur,Maharashtra,16.705,74.2433,10.2,Moderate,25.1,97.4,Monsoon,0,Unknown,14,569,325.6,8.16,6172,Moderate,2023,9,September,No Flood,Normal,Light,No Flood
2023-09-08,Nagpur,Maharashtra,21.1458,79.0882,33.8,Moderate,26.2,88.0,Monsoon,1,Moderate,8,310,820.6,8.17,5387,High,2023,9,September,Flood,Normal,Moderate,September
2023-09-08,Satara,Maharashtra,17.6805,73.9997,9.9,Moderate,22.6,81.3,Monsoon,0,Unknown,9,742,290.1,6.81,2872,Moderate,2023,9,September,No Flood,Normal,Light,No Flood
2023-09-09,Mumbai,Maharashtra,19.076,72.8777,0.0,No Rain,26.6,91.8,Monsoon,0,Unknown,20,8,149.7,2.55,22256,Low,2023,9,September,No Flood,Normal,No Rain,No Flood
2023-09-09,Ratnagiri,Maharashtra,16.9902,73.312,0.0,No Rain,27.6,79.8,Monsoon,0,Unknown,15,11,206.5,2.18,1682,Low,2023,9,September,No Flood,Normal,No Rain,No Flood
2023-09-10,Solapur,Maharashtra,17.6599,75.9064,60.1,Heavy,26.8,97.4,Monsoon,1,Very High,7,458,1500.8,13.05,4057,Very High,2023,9,September,Flood,Normal,Heavy,September
2023-09-10,Solapur,Maharashtra,17.6599,75.9064,23.1,Moderate,24.4,83.3,Monsoon,0,Unknown,7,458,536.6,9.22,4027,Moderate,2023,9,September,No Flood,Normal,Moderate,No Flood
2023-09-11,Jalgaon,Maharashtra,21.0077,75.5626,6.3,Light,24.3,84.9,Monsoon,0,Unknown,6,209,196.7,4.67,3370,Low,2023,9,September,No Flood,Normal,Light,No Flood
2023-09-14,Jalgaon,Maharashtra,21.0077,75.5626,23.1,Moderate,26.6,82.0,Monsoon,0,Unknown,6,209,609.0,8.82,3385,Moderate,2023,9,September,No Flood,Normal,Moderate,No Flood
2023-09-14,Kolhapur,Maharashtra,16.705,74.2433,59.1,Heavy,25.8,90.5,Monsoon,1,Very High,14,569,2043.6,19.57,6122,Very High,2023,9,September,Flood,Normal,Heavy,September
2023-09-14,Mumbai,Maharashtra,19.076,72.8777,0.0,No Rain,27.8,79.0,Monsoon,0,Unknown,20,8,137.3,2.33,22267,Low,2023,9,September,No Flood,Normal,No Rain,No Flood
2023-09-14,Ratnagiri,Maharashtra,16.9902,73.312,0.0,No Rain,25.8,94.1,Monsoon,0,Unknown,15,11,226.5,2.46,1678,Low,2023,9,September,No Flood,Normal,No Rain,No Flood
2023-09-14,Sangli,Maharashtra,16.8524,74.5815,5.0,Light,25.4,79.3,Monsoon,0,Unknown,13,549,330.1,7.2,5217,Low,2023,9,September,No Flood,Normal,Light,No Flood
2023-09-14,Sangli,Maharashtra,16.8524,74.5815,0.0,No Rain,26.7,85.0,Monsoon,0,Unknown,13,549,259.8,6.54,5180,Low,2023,9,September,No Flood,Normal,No Rain,No Flood
2023-09-15,Mumbai,Maharashtra,19.076,72.8777,0.0,No Rain,24.8,79.8,Monsoon,0,Unknown,20,8,143.0,2.46,22248,Low,2023,9,September,No Flood,Normal,No Rain,No Flood
2023-09-15,Pune,Maharashtra,18.5204,73.8567,13.9,Moderate,26.2,85.3,Monsoon,0,Unknown,11,560,381.4,6.12,9966,Moderate,2023,9,September,No Flood,Normal,Light,No Flood
2023-09-15,Kolhapur,Maharashtra,16.705,74.2433,70.3,Very Heavy,21.9,82.7,Monsoon,1,Very High,14,569,1771.4,18.97,6168,Very High,2023,9,September,Flood,Extreme,Heavy,September
2023-09-16,Sangli,Maharashtra,16.8524,74.5815,19.0,Moderate,24.7,84.1,Monsoon,0,Unknown,13,549,550.5,9.05,5219,Moderate,2023,9,September,No Flood,Normal,Light,No Flood
2023-09-16,Pune,Maharashtra,18.5204,73.8567,73.6,Very Heavy,22.4,91.9,Monsoon,1,Very High,11,560,2381.2,13.78,9970,Very High,2023,9,September,Flood,Extreme,Heavy,September
2023-09-16,Kolhapur,Maharashtra,16.705,74.2433,41.5,Heavy,25.7,94.7,Monsoon,0,Unknown,14,569,1049.3,13.99,6166,High,2023,9,September,No Flood,Normal,Moderate,No Flood
2023-09-17,Mumbai,Maharashtra,19.076,72.8777,21.6,Moderate,23.3,81.7,Monsoon,0,Unknown,20,8,466.1,3.63,22277,High,2023,9,September,No Flood,Normal,Moderate,No Flood
2023-09-17,Sangli,Maharashtra,16.8524,74.5815,8.4,Moderate,26.3,84.8,Monsoon,0,Unknown,13,549,328.1,6.46,5203,Moderate,2023,9,September,No Flood,Normal,Light,No Flood
2023-09-18,Mumbai,Maharashtra,19.076,72.8777,0.0,No Rain,26.1,91.4,Monsoon,0,Unknown,20,8,142.9,2.31,22263,Low,2023,9,September,No Flood,Normal,No Rain,No Flood
2023-09-18,Nashik,Maharashtra,19.9975,73.7898,9.3,Moderate,22.0,76.7,Monsoon,0,Unknown,8,600,280.8,6.63,4324,Moderate,2023,9,September,No Flood,Normal,Light,No Flood
2023-09-19,Mumbai,Maharashtra,19.076,72.8777,18.1,Moderate,23.3,93.5,Monsoon,0,Unknown,20,8,400.9,3.82,22265,High,2023,9,September,No Flood,Normal,Light,No Flood
2023-09-19,Nagpur,Maharashtra,21.1458,79.0882,1.2,Light,25.4,89.4,Monsoon,0,Unknown,8,310,191.0,3.98,5424,Low,2023,9,September,No Flood,Normal,Light,No Flood
2023-09-19,Raigad,Maharashtra,18.5158,73.1822,74.8,Very Heavy,22.5,83.5,Monsoon,1,Very High,16,45,2385.4,8.99,1916,Very High,2023,9,September,Flood,Extreme,Heavy,September
2023-09-20,Pune,Maharashtra,18.5204,73.8567,48.3,Heavy,22.3,85.4,Monsoon,0,Unknown,11,560,1050.7,10.59,9939,High,2023,9,September,No Flood,Normal,Moderate,No Flood
2023-09-20,Mumbai,Maharashtra,19.076,72.8777,7.8,Moderate,27.4,95.9,Monsoon,0,Unknown,20,8,233.9,3.18,22256,Moderate,2023,9,September,No Flood,Normal,Light,No Flood
2023-09-21,Belagavi,Karnataka,15.8497,74.4977,0.0,No Rain,20.1,90.9,Monsoon,0,Unknown,10,762,175.4,5.32,3301,Low,2023,9,September,No Flood,Normal,No Rain,No Flood
2023-09-21,Nashik,Maharashtra,19.9975,73.7898,0.0,No Rain,25.3,83.8,Monsoon,0,Unknown,8,600,165.0,4.85,4339,Low,2023,9,September,No Flood,Normal,No Rain,No Flood
2023-09-21,Pune,Maharashtra,18.5204,73.8567,33.2,Moderate,23.5,88.1,Monsoon,1,High,11,560,962.7,10.15,9955,Very High,2023,9,September,Flood,Normal,Moderate,September
2023-09-22,Sangli,Maharashtra,16.8524,74.5815,15.8,Moderate,27.9,83.2,Monsoon,0,Unknown,13,549,436.8,7.69,5212,Moderate,2023,9,September,No Flood,Normal,Light,No Flood
2023-09-22,Sangli,Maharashtra,16.8524,74.5815,27.7,Moderate,21.5,94.4,Monsoon,0,Unknown,13,549,723.1,10.52,5195,Moderate,2023,9,September,No Flood,Normal,Moderate,No Flood
2023-09-23,Satara,Maharashtra,17.6805,73.9997,60.5,Heavy,26.9,99.0,Monsoon,1,Very High,9,742,1741.0,15.95,2834,Very High,2023,9,September,Flood,Normal,Heavy,September
2023-09-23,Solapur,Maharashtra,17.6599,75.9064,57.9,Heavy,22.8,90.1,Monsoon,1,Very High,7,458,1575.5,13.05,4042,Very High,2023,9,September,Flood,Normal,Heavy,September
2023-09-24,Pune,Maharashtra,18.5204,73.8567,22.6,Moderate,26.4,86.6,Monsoon,0,Unknown,11,560,602.5,8.51,9982,High,2023,9,September,No Flood,Normal,Moderate,No Flood
2023-09-25,Mumbai,Maharashtra,19.076,72.8777,114.4,Very Heavy,23.8,93.8,Monsoon,1,Very High,20,8,4616.0,6.96,22249,Very High,2023,9,September,Flood,Extreme,Very Heavy,September
2023-09-25,Raigad,Maharashtra,18.5158,73.1822,22.0,Moderate,25.1,75.1,Monsoon,0,Unknown,16,45,575.2,3.56,1893,Moderate,2023,9,September,No Flood,Normal,Moderate,No Flood
2023-09-25,Sangli,Maharashtra,16.8524,74.5815,5.3,Light,22.9,82.4,Monsoon,0,Unknown,13,549,289.0,6.6,5194,Low,2023,9,September,No Flood,Normal,Light,No Flood
2023-09-25,Sangli,Maharashtra,16.8524,74.5815,0.0,No Rain,25.6,84.3,Monsoon,0,Unknown,13,549,277.2,6.42,5193,Low,2023,9,September,No Flood,Normal,No Rain,No Flood
2023-09-25,Satara,Maharashtra,17.6805,73.9997,60.1,Heavy,25.4,99.0,Monsoon,1,Very High,9,742,2004.8,15.95,2858,Very High,2023,9,September,Flood,Normal,Heavy,September
2023-09-26,Ratnagiri,Maharashtra,16.9902,73.312,35.6,Heavy,26.7,87.4,Monsoon,0,Unknown,15,11,948.9,5.63,1692,High,2023,9,September,No Flood,Normal,Moderate,No Flood
2023-09-26,Ratnagiri,Maharashtra,16.9902,73.312,5.1,Light,28.5,82.0,Monsoon,0,Unknown,15,11,289.7,3.08,1715,Moderate,2023,9,September,No Flood,Normal,Light,No Flood
2023-09-26,Pune,Maharashtra,18.5204,73.8567,38.1,Heavy,25.8,91.8,Monsoon,0,Unknown,11,560,993.7,10.09,9986,High,2023,9,September,No Flood,Normal,Moderate,No Flood
2023-09-26,Pune,Maharashtra,18.5204,73.8567,21.4,Moderate,22.9,82.0,Monsoon,0,Unknown,11,560,442.4,6.88,9964,Moderate,2023,9,September,No Flood,Normal,Moderate,No Flood
2023-09-26,Nagpur,Maharashtra,21.1458,79.0882,3.4,Light,25.9,78.6,Monsoon,0,Unknown,8,310,224.0,3.94,5397,Low,2023,9,September,No Flood,Normal,Light,No Flood
2023-09-26,Mumbai,Maharashtra,19.076,72.8777,37.8,Heavy,24.0,95.0,Monsoon,0,Unknown,20,8,1000.9,5.95,22246,Very High,2023,9,September,No Flood,Normal,Moderate,No Flood
2023-09-26,Belagavi,Karnataka,15.8497,74.4977,70.2,Very Heavy,21.6,99.0,Monsoon,0,Unknown,10,762,2129.6,16.68,3310,Very High,2023,9,September,No Flood,Extreme,Heavy,No Flood
2023-09-27,Jalgaon,Maharashtra,21.0077,75.5626,31.5,Moderate,25.1,85.9,Monsoon,1,High,6,209,848.4,10.21,3396,Very High,2023,9,September,Flood,Normal,Moderate,September
2023-09-27,Kolhapur,Maharashtra,16.705,74.2433,49.3,Heavy,22.2,87.4,Monsoon,1,High,14,569,1163.9,14.89,6167,Very High,2023,9,September,Flood,Normal,Moderate,September
2023-09-27,Mumbai,Maharashtra,19.076,72.8777,181.3,Extreme,26.9,99.0,Monsoon,1,Very High,20,8,8851.6,6.96,22260,Very High,2023,9,September,Flood,Extreme,Very Heavy,September
2023-09-27,Nashik,Maharashtra,19.9975,73.7898,14.9,Moderate,27.1,89.2,Monsoon,0,Unknown,8,600,375.6,7.25,4344,Moderate,2023,9,September,No Flood,Normal,Light,No Flood
2023-09-28,Belagavi,Karnataka,15.8497,74.4977,16.6,Moderate,22.9,88.8,Monsoon,0,Unknown,10,762,458.6,8.76,3269,Moderate,2023,9,September,No Flood,Normal,Light,No Flood
2023-09-28,Jalgaon,Maharashtra,21.0077,75.5626,0.0,No Rain,24.6,87.8,Monsoon,0,Unknown,6,209,126.1,3.83,3418,Low,2023,9,September,No Flood,Normal,No Rain,No Flood
2023-09-29,Nashik,Maharashtra,19.9975,73.7898,32.2,Moderate,24.8,77.2,Monsoon,0,Unknown,8,600,925.6,11.19,4335,High,2023,9,September,No Flood,Normal,Moderate,No Flood
2023-09-29,Kolhapur,Maharashtra,16.705,74.2433,7.1,Light,22.7,84.3,Monsoon,0,Unknown,14,569,290.7,7.6,6147,Low,2023,9,September,No Flood,Normal,Light,No Flood
2023-09-30,Kolhapur,Maharashtra,16.705,74.2433,68.6,Very Heavy,24.1,95.0,Monsoon,1,Very High,14,569,2538.1,19.57,6175,Very High,2023,9,September,Flood,Extreme,Heavy,September
2023-09-30,Sangli,Maharashtra,16.8524,74.5815,174.5,Extreme,25.9,99.0,Monsoon,1,Very High,13,549,8433.9,18.56,5200,Very High,2023,9,September,Flood,Extreme,Very Heavy,September
2023-09-30,Satara,Maharashtra,17.6805,73.9997,8.9,Moderate,25.9,91.5,Monsoon,0,Unknown,9,742,280.0,6.93,2889,Moderate,2023,9,September,No Flood,Normal,Light,No Flood
2023-10-01,Kolhapur,Maharashtra,16.705,74.2433,0.0,No Rain,25.6,52.6,Post-Monsoon,0,Unknown,14,569,57.1,2.74,6127,Low,2023,10,October,No Flood,Normal,No Rain,No Flood
2023-10-01,Pune,Maharashtra,18.5204,73.8567,0.0,No Rain,25.7,61.6,Post-Monsoon,0,Unknown,11,560,65.1,2.14,9945,Low,2023,10,October,No Flood,Normal,No Rain,No Flood
2023-10-01,Raigad,Maharashtra,18.5158,73.1822,0.0,No Rain,31.0,68.1,Post-Monsoon,0,Unknown,16,45,122.7,1.44,1908,Low,2023,10,October,No Flood,Normal,No Rain,No Flood
2023-10-01,Raigad,Maharashtra,18.5158,73.1822,0.0,No Rain,31.3,66.6,Post-Monsoon,0,Unknown,16,45,100.1,1.44,1891,Low,2023,10,October,No Flood,Normal,No Rain,No Flood
2023-10-03,Solapur,Maharashtra,17.6599,75.9064,0.1,Light,25.6,58.5,Post-Monsoon,0,Unknown,7,458,52.7,2.43,4038,Low,2023,10,October,No Flood,Normal,Light,No Flood
2023-10-04,Raigad,Maharashtra,18.5158,73.1822,13.4,Moderate,31.1,67.5,Post-Monsoon,0,Unknown,16,45,311.0,3.12,1928,Moderate,2023,10,October,No Flood,Normal,Light,No Flood
2023-10-05,Jalgaon,Maharashtra,21.0077,75.5626,0.0,No Rain,24.6,60.9,Post-Monsoon,0,Unknown,6,209,65.5,2.63,3416,Low,2023,10,October,No Flood,Normal,No Rain,No Flood
2023-10-05,Nashik,Maharashtra,19.9975,73.7898,0.0,No Rain,23.4,61.5,Post-Monsoon,0,Unknown,8,600,36.3,2.37,4327,Low,2023,10,October,No Flood,Normal,No Rain,No Flood
2023-10-06,Mumbai,Maharashtra,19.076,72.8777,0.0,No Rain,26.5,66.4,Post-Monsoon,0,Unknown,20,8,66.5,1.36,22234,Low,2023,10,October,No Flood,Normal,No Rain,No Flood
2023-10-06,Satara,Maharashtra,17.6805,73.9997,0.0,No Rain,24.7,63.2,Post-Monsoon,0,Unknown,9,742,57.1,2.71,2876,Low,2023,10,October,No Flood,Normal,No Rain,No Flood
2023-10-06,Solapur,Maharashtra,17.6599,75.9064,2.0,Light,27.9,65.6,Post-Monsoon,0,Unknown,7,458,41.9,2.47,4052,Low,2023,10,October,No Flood,Normal,Light,No Flood
2023-10-07,Pune,Maharashtra,18.5204,73.8567,17.3,Moderate,25.6,47.6,Post-Monsoon,0,Unknown,11,560,325.2,5.47,9963,Moderate,2023,10,October,No Flood,Normal,Light,No Flood
2023-10-08,Nagpur,Maharashtra,21.1458,79.0882,0.0,No Rain,27.7,67.9,Post-Monsoon,0,Unknown,8,310,83.6,2.09,5395,Low,2023,10,October,No Flood,Normal,No Rain,No Flood
2023-10-08,Mumbai,Maharashtra,19.076,72.8777,0.0,No Rain,26.3,70.6,Post-Monsoon,0,Unknown,20,8,65.2,1.2,22241,Low,2023,10,October,No Flood,Normal,No Rain,No Flood
2023-10-10,Kolhapur,Maharashtra,16.705,74.2433,0.0,No Rain,29.3,65.4,Post-Monsoon,0,Unknown,14,569,72.5,3.48,6150,Low,2023,10,October,No Flood,Normal,No Rain,No Flood
2023-10-12,Pune,Maharashtra,18.5204,73.8567,0.0,No Rain,20.6,67.8,Post-Monsoon,0,Unknown,11,560,92.9,3.34,9946,Low,2023,10,October,No Flood,Normal,No Rain,No Flood
2023-10-13,Belagavi,Karnataka,15.8497,74.4977,0.0,No Rain,22.7,56.9,Post-Monsoon,0,Unknown,10,762,72.4,3.3,3262,Low,2023,10,October,No Flood,Normal,No Rain,No Flood
2023-10-14,Kolhapur,Maharashtra,16.705,74.2433,0.1,Light,26.0,76.5,Post-Monsoon,0,Unknown,14,569,90.2,3.98,6159,Low,2023,10,October,No Flood,Normal,Light,No Flood
2023-10-14,Nagpur,Maharashtra,21.1458,79.0882,0.0,No Rain,23.4,77.0,Post-Monsoon,0,Unknown,8,310,83.8,2.59,5380,Low,2023,10,October,No Flood,Normal,No Rain,No Flood
2023-10-16,Ratnagiri,Maharashtra,16.9902,73.312,6.1,Light,25.6,55.4,Post-Monsoon,0,Unknown,15,11,177.0,1.9,1709,Low,2023,10,October,No Flood,Normal,Light,No Flood
2023-10-16,Ratnagiri,Maharashtra,16.9902,73.312,0.0,No Rain,26.1,67.9,Post-Monsoon,0,Unknown,15,11,53.1,1.02,1690,Low,2023,10,October,No Flood,Normal,No Rain,No Flood
2023-10-16,Ratnagiri,Maharashtra,16.9902,73.312,0.0,No Rain,25.9,68.2,Post-Monsoon,0,Unknown,15,11,91.9,2.16,1687,Low,2023,10,October,No Flood,Normal,No Rain,No Flood
2023-10-19,Kolhapur,Maharashtra,16.705,74.2433,0.0,No Rain,28.4,59.2,Post-Monsoon,0,Unknown,14,569,94.5,4.23,6128,Low,2023,10,October,No Flood,Normal,No Rain,No Flood
2023-10-22,Kolhapur,Maharashtra,16.705,74.2433,1.3,Light,25.1,68.0,Post-Monsoon,0,Unknown,14,569,94.6,4.21,6138,Low,2023,10,October,No Flood,Normal,Light,No Flood
2023-10-22,Nagpur,Maharashtra,21.1458,79.0882,0.0,No Rain,26.1,66.1,Post-Monsoon,0,Unknown,8,310,85.4,2.79,5378,Low,2023,10,October,No Flood,Normal,No Rain,No Flood
2023-10-22,Satara,Maharashtra,17.6805,73.9997,2.4,Light,23.9,70.3,Post-Monsoon,0,Unknown,9,742,88.7,3.72,2854,Low,2023,10,October,No Flood,Normal,Light,No Flood
2023-10-24,Kolhapur,Maharashtra,16.705,74.2433,0.0,No Rain,25.0,58.3,Post-Monsoon,0,Unknown,14,569,110.9,4.11,6165,Low,2023,10,October,No Flood,Normal,No Rain,No Flood
2023-10-26,Panaji,Goa,15.4909,73.8278,33.0,Moderate,27.0,68.3,Post-Monsoon,0,Unknown,9,7,754.6,4.26,2445,High,2023,10,October,No Flood,Normal,Moderate,No Flood
2023-10-26,Satara,Maharashtra,17.6805,73.9997,0.0,No Rain,26.3,60.9,Post-Monsoon,0,Unknown,9,742,91.1,3.94,2849,Low,2023,10,October,No Flood,Normal,No Rain,No Flood
2023-10-26,Satara,Maharashtra,17.6805,73.9997,0.0,No Rain,27.0,66.9,Post-Monsoon,0,Unknown,9,742,73.2,3.28,2834,Low,2023,10,October,No Flood,Normal,No Rain,No Flood
2023-10-27,Kolhapur,Maharashtra,16.705,74.2433,0.0,No Rain,26.4,67.7,Post-Monsoon,0,Unknown,14,569,102.5,4.23,6155,Low,2023,10,October,No Flood,Normal,No Rain,No Flood
2023-10-27,Pune,Maharashtra,18.5204,73.8567,0.0,No Rain,26.5,58.3,Post-Monsoon,0,Unknown,11,560,100.3,3.12,9954,Low,2023,10,October,No Flood,Normal,No Rain,No Flood
2023-10-27,Jalgaon,Maharashtra,21.0077,75.5626,0.0,No Rain,26.6,67.5,Post-Monsoon,0,Unknown,6,209,41.6,2.06,3409,Low,2023,10,October,No Flood,Normal,No Rain,No Flood
2023-10-28,Solapur,Maharashtra,17.6599,75.9064,0.0,No Rain,28.4,70.1,Post-Monsoon,0,Unknown,7,458,75.3,4.07,4026,Low,2023,10,October,No Flood,Normal,No Rain,No Flood
2023-10-28,Raigad,Maharashtra,18.5158,73.1822,0.0,No Rain,24.9,52.6,Post-Monsoon,0,Unknown,16,45,122.3,1.96,1924,Low,2023,10,October,No Flood,Normal,No Rain,No Flood
2023-10-28,Mumbai,Maharashtra,19.076,72.8777,1.1,Light,25.7,72.0,Post-Monsoon,0,Unknown,20,8,83.3,1.85,22276,Low,2023,10,October,No Flood,Normal,Light,No Flood
2023-10-28,Nagpur,Maharashtra,21.1458,79.0882,3.3,Light,30.9,67.3,Post-Monsoon,0,Unknown,8,310,100.3,3.11,5395,Low,2023,10,October,No Flood,Normal,Light,No Flood
2023-10-28,Panaji,Goa,15.4909,73.8278,0.0,No Rain,25.7,67.9,Post-Monsoon,0,Unknown,9,7,64.1,1.31,2448,Low,2023,10,October,No Flood,Normal,No Rain,No Flood
2023-10-29,Jalgaon,Maharashtra,21.0077,75.5626,0.7,Light,25.5,55.9,Post-Monsoon,0,Unknown,6,209,78.0,2.88,3395,Low,2023,10,October,No Flood,Normal,Light,No Flood
2023-10-29,Panaji,Goa,15.4909,73.8278,0.0,No Rain,27.4,64.7,Post-Monsoon,0,Unknown,9,7,80.1,1.56,2438,Low,2023,10,October,No Flood,Normal,No Rain,No Flood
2023-10-31,Nagpur,Maharashtra,21.1458,79.0882,0.0,No Rain,25.4,68.1,Post-Monsoon,0,Unknown,8,310,106.2,2.91,5394,Low,2023,10,October,No Flood,Normal,No Rain,No Flood
2023-10-31,Solapur,Maharashtra,17.6599,75.9064,3.7,Light,23.7,61.5,Post-Monsoon,0,Unknown,7,458,98.4,3.39,4025,Low,2023,10,October,No Flood,Normal,Light,No Flood
2023-11-01,Nashik,Maharashtra,19.9975,73.7898,12.0,Moderate,25.1,57.2,Post-Monsoon,0,Unknown,8,600,175.0,4.95,4360,Low,2023,11,November,No Flood,Normal,Light,No Flood
2023-11-02,Nashik,Maharashtra,19.9975,73.7898,0.0,No Rain,29.5,74.5,Post-Monsoon,0,Unknown,8,600,75.6,2.94,4348,Low,2023,11,November,No Flood,Normal,No Rain,No Flood
2023-11-02,Ratnagiri,Maharashtra,16.9902,73.312,0.0,No Rain,28.1,71.7,Post-Monsoon,0,Unknown,15,11,57.5,1.27,1710,Low,2023,11,November,No Flood,Normal,No Rain,No Flood
2023-11-04,Nagpur,Maharashtra,21.1458,79.0882,3.8,Light,28.1,51.1,Post-Monsoon,0,Unknown,8,310,120.8,3.23,5400,Low,2023,11,November,No Flood,Normal,Light,No Flood
2023-11-06,Belagavi,Karnataka,15.8497,74.4977,0.0,No Rain,19.6,69.0,Post-Monsoon,0,Unknown,10,762,68.6,3.46,3264,Low,2023,11,November,No Flood,Normal,No Rain,No Flood
2023-11-08,Jalgaon,Maharashtra,21.0077,75.5626,0.0,No Rain,23.4,48.9,Post-Monsoon,0,Unknown,6,209,59.0,2.36,3402,Low,2023,11,November,No Flood,Normal,No Rain,No Flood
2023-11-10,Mumbai,Maharashtra,19.076,72.8777,0.0,No Rain,27.3,51.3,Post-Monsoon,0,Unknown,20,8,44.6,1.18,22260,Low,2023,11,November,No Flood,Normal,No Rain,No Flood
2023-11-10,Pune,Maharashtra,18.5204,73.8567,0.0,No Rain,25.6,62.9,Post-Monsoon,0,Unknown,11,560,76.6,2.37,9942,Low,2023,11,November,No Flood,Normal,No Rain,No Flood
2023-11-11,Sangli,Maharashtra,16.8524,74.5815,0.0,No Rain,26.1,65.4,Post-Monsoon,0,Unknown,13,549,83.5,3.2,5183,Low,2023,11,November,No Flood,Normal,No Rain,No Flood
2023-11-13,Satara,Maharashtra,17.6805,73.9997,0.0,No Rain,26.1,65.2,Post-Monsoon,0,Unknown,9,742,50.5,2.62,2849,Low,2023,11,November,No Flood,Normal,No Rain,No Flood
2023-11-13,Satara,Maharashtra,17.6805,73.9997,0.1,Light,26.7,64.9,Post-Monsoon,0,Unknown,9,742,80.5,3.77,2860,Low,2023,11,November,No Flood,Normal,Light,No Flood
2023-11-13,Sangli,Maharashtra,16.8524,74.5815,2.1,Light,27.0,70.2,Post-Monsoon,0,Unknown,13,549,113.8,3.55,5164,Low,2023,11,November,No Flood,Normal,Light,No Flood
2023-11-15,Ratnagiri,Maharashtra,16.9902,73.312,0.0,No Rain,27.5,68.8,Post-Monsoon,0,Unknown,15,11,90.5,1.77,1712,Low,2023,11,November,No Flood,Normal,No Rain,No Flood
2023-11-15,Ratnagiri,Maharashtra,16.9902,73.312,1.2,Light,30.7,61.6,Post-Monsoon,0,Unknown,15,11,63.2,1.03,1719,Low,2023,11,November,No Flood,Normal,Light,No Flood
2023-11-16,Raigad,Maharashtra,18.5158,73.1822,0.0,No Rain,26.3,45.0,Post-Monsoon,0,Unknown,16,45,104.1,1.86,1897,Low,2023,11,November,No Flood,Normal,No Rain,No Flood
2023-11-16,Raigad,Maharashtra,18.5158,73.1822,33.9,Moderate,29.2,76.7,Post-Monsoon,0,Unknown,16,45,928.0,5.36,1933,High,2023,11,November,No Flood,Normal,Moderate,No Flood
2023-11-16,Sangli,Maharashtra,16.8524,74.5815,0.1,Light,24.8,57.5,Post-Monsoon,0,Unknown,13,549,90.1,3.54,5193,Low,2023,11,November,No Flood,Normal,Light,No Flood
2023-11-18,Pune,Maharashtra,18.5204,73.8567,0.0,No Rain,27.6,69.3,Post-Monsoon,0,Unknown,11,560,66.7,2.47,9956,Low,2023,11,November,No Flood,Normal,No Rain,No Flood
2023-11-19,Pune,Maharashtra,18.5204,73.8567,5.0,Light,26.3,65.5,Post-Monsoon,0,Unknown,11,560,130.2,3.65,9940,Low,2023,11,November,No Flood,Normal,Light,No Flood
2023-11-20,Kolhapur,Maharashtra,16.705,74.2433,0.0,No Rain,19.9,70.1,Post-Monsoon,0,Unknown,14,569,94.1,3.91,6132,Low,2023,11,November,No Flood,Normal,No Rain,No Flood
2023-11-21,Pune,Maharashtra,18.5204,73.8567,0.0,No Rain,20.9,70.7,Post-Monsoon,0,Unknown,11,560,82.5,2.75,9986,Low,2023,11,November,No Flood,Normal,No Rain,No Flood
2023-11-22,Satara,Maharashtra,17.6805,73.9997,31.5,Moderate,23.0,68.1,Post-Monsoon,0,Unknown,9,742,762.5,11.36,2855,High,2023,11,November,No Flood,Normal,Moderate,No Flood
2023-11-23,Sangli,Maharashtra,16.8524,74.5815,4.8,Light,24.7,47.9,Post-Monsoon,0,Unknown,13,549,161.7,4.88,5185,Low,2023,11,November,No Flood,Normal,Light,No Flood
2023-11-23,Solapur,Maharashtra,17.6599,75.9064,0.0,No Rain,26.9,47.4,Post-Monsoon,0,Unknown,7,458,47.7,1.84,4031,Low,2023,11,November,No Flood,Normal,No Rain,No Flood
2023-11-29,Mumbai,Maharashtra,19.076,72.8777,1.9,Light,30.1,59.4,Post-Monsoon,0,Unknown,20,8,56.1,1.78,22258,Low,2023,11,November,No Flood,Normal,Light,No Flood
2023-11-30,Pune,Maharashtra,18.5204,73.8567,30.1,Moderate,21.9,56.6,Post-Monsoon,0,Unknown,11,560,811.3,9.5,9950,High,2023,11,November,No Flood,Normal,Moderate,No Flood
2023-12-01,Satara,Maharashtra,17.6805,73.9997,0.0,No Rain,22.0,78.0,Winter,0,Unknown,9,742,50.7,3.19,2849,Low,2023,12,December,No Flood,Normal,No Rain,No Flood
2023-12-04,Kolhapur,Maharashtra,16.705,74.2433,0.0,No Rain,30.4,47.7,Winter,0,Unknown,14,569,83.2,3.65,6140,Low,2023,12,December,No Flood,Normal,No Rain,No Flood
2023-12-07,Nashik,Maharashtra,19.9975,73.7898,0.5,Light,25.0,57.6,Winter,0,Unknown,8,600,75.3,3.13,4343,Low,2023,12,December,No Flood,Normal,Light,No Flood
2023-12-11,Nashik,Maharashtra,19.9975,73.7898,0.0,No Rain,28.2,60.9,Winter,0,Unknown,8,600,64.8,2.88,4369,Low,2023,12,December,No Flood,Normal,No Rain,No Flood
2023-12-14,Satara,Maharashtra,17.6805,73.9997,49.9,Heavy,28.4,79.3,Winter,0,Unknown,9,742,1219.9,14.88,2856,High,2023,12,December,No Flood,Normal,Moderate,No Flood
2023-12-14,Mumbai,Maharashtra,19.076,72.8777,0.0,No Rain,32.3,61.8,Winter,0,Unknown,20,8,57.6,1.64,22280,Low,2023,12,December,No Flood,Normal,No Rain,No Flood
2023-12-15,Solapur,Maharashtra,17.6599,75.9064,0.0,No Rain,27.5,63.8,Winter,0,Unknown,7,458,29.4,2.12,4013,Low,2023,12,December,No Flood,Normal,No Rain,No Flood
2023-12-18,Belagavi,Karnataka,15.8497,74.4977,0.0,No Rain,29.8,77.7,Winter,0,Unknown,10,762,113.7,4.11,3275,Low,2023,12,December,No Flood,Normal,No Rain,No Flood
2023-12-19,Mumbai,Maharashtra,19.076,72.8777,19.1,Moderate,22.8,51.4,Winter,0,Unknown,20,8,453.7,3.85,22271,High,2023,12,December,No Flood,Normal,Light,No Flood
2023-12-20,Kolhapur,Maharashtra,16.705,74.2433,0.0,No Rain,24.4,59.8,Winter,0,Unknown,14,569,94.5,4.25,6147,Low,2023,12,December,No Flood,Normal,No Rain,No Flood
2023-12-20,Panaji,Goa,15.4909,73.8278,12.8,Moderate,30.5,63.6,Winter,0,Unknown,9,7,232.5,2.4,2450,Low,2023,12,December,No Flood,Normal,Light,No Flood
2023-12-20,Sangli,Maharashtra,16.8524,74.5815,0.0,No Rain,25.3,63.8,Winter,0,Unknown,13,549,108.3,4.09,5195,Low,2023,12,December,No Flood,Normal,No Rain,No Flood
2023-12-22,Mumbai,Maharashtra,19.076,72.8777,0.0,No Rain,26.7,60.2,Winter,0,Unknown,20,8,32.7,1.03,22260,Low,2023,12,December,No Flood,Normal,No Rain,No Flood
2023-12-22,Raigad,Maharashtra,18.5158,73.1822,0.0,No Rain,24.1,52.6,Winter,0,Unknown,16,45,112.8,1.8,1898,Low,2023,12,December,No Flood,Normal,No Rain,No Flood
2023-12-24,Raigad,Maharashtra,18.5158,73.1822,3.1,Light,30.3,63.4,Winter,0,Unknown,16,45,147.5,2.11,1936,Low,2023,12,December,No Flood,Normal,Light,No Flood
2023-12-25,Satara,Maharashtra,17.6805,73.9997,2.5,Light,25.1,67.1,Winter,0,Unknown,9,742,96.8,4.13,2852,Low,2023,12,December,No Flood,Normal,Light,No Flood
2023-12-27,Sangli,Maharashtra,16.8524,74.5815,0.0,No Rain,29.9,59.1,Winter,0,Unknown,13,549,112.6,3.76,5197,Low,2023,12,December,No Flood,Normal,No Rain,No Flood
2023-12-30,Sangli,Maharashtra,16.8524,74.5815,0.9,Light,22.0,66.5,Winter,0,Unknown,13,549,78.5,3.43,5212,Low,2023,12,December,No Flood,Normal,Light,No Flood
2023-12-31,Nagpur,Maharashtra,21.1458,79.0882,5.3,Light,29.6,58.8,Winter,0,Unknown,8,310,127.5,3.19,5386,Low,2023,12,December,No Flood,Normal,Light,No Flood
2024-01-01,Belagavi,Karnataka,15.8497,74.4977,0.0,No Rain,20.8,42.9,Winter,0,Unknown,10,762,57.7,2.8,3338,Low,2024,1,January,No Flood,Normal,No Rain,No Flood
2024-01-01,Mumbai,Maharashtra,19.076,72.8777,0.0,No Rain,20.7,35.8,Winter,0,Unknown,20,8,75.6,1.85,22521,Low,2024,1,January,No Flood,Normal,No Rain,No Flood
2024-01-03,Ratnagiri,Maharashtra,16.9902,73.312,0.0,No Rain,23.5,36.4,Winter,0,Unknown,15,11,75.9,1.45,1738,Low,2024,1,January,No Flood,Normal,No Rain,No Flood
2024-01-05,Raigad,Maharashtra,18.5158,73.1822,0.0,No Rain,22.4,47.8,Winter,0,Unknown,16,45,97.1,2.1,1929,Low,2024,1,January,No Flood,Normal,No Rain,No Flood
2024-01-07,Kolhapur,Maharashtra,16.705,74.2433,0.0,No Rain,18.4,58.5,Winter,0,Unknown,14,569,90.5,3.98,6188,Low,2024,1,January,No Flood,Normal,No Rain,No Flood
2024-01-07,Pune,Maharashtra,18.5204,73.8567,0.0,No Rain,18.3,39.5,Winter,0,Unknown,11,560,104.3,2.73,10098,Low,2024,1,January,No Flood,Normal,No Rain,No Flood
2024-01-08,Sangli,Maharashtra,16.8524,74.5815,0.0,No Rain,17.4,50.7,Winter,0,Unknown,13,549,117.5,4.02,5248,Low,2024,1,January,No Flood,Normal,No Rain,No Flood
2024-01-09,Kolhapur,Maharashtra,16.705,74.2433,0.0,No Rain,20.1,47.1,Winter,0,Unknown,14,569,85.1,3.95,6234,Low,2024,1,January,No Flood,Normal,No Rain,No Flood
2024-01-09,Belagavi,Karnataka,15.8497,74.4977,0.0,No Rain,16.3,35.9,Winter,0,Unknown,10,762,67.3,3.16,3305,Low,2024,1,January,No Flood,Normal,No Rain,No Flood
2024-01-10,Ratnagiri,Maharashtra,16.9902,73.312,0.0,No Rain,20.5,53.8,Winter,0,Unknown,15,11,95.3,1.84,1702,Low,2024,1,January,No Flood,Normal,No Rain,No Flood
2024-01-11,Belagavi,Karnataka,15.8497,74.4977,0.0,No Rain,21.0,51.5,Winter,0,Unknown,10,762,57.6,3.2,3332,Low,2024,1,January,No Flood,Normal,No Rain,No Flood
2024-01-14,Pune,Maharashtra,18.5204,73.8567,0.0,No Rain,21.5,50.8,Winter,0,Unknown,11,560,73.7,2.39,10093,Low,2024,1,January,No Flood,Normal,No Rain,No Flood
2024-01-14,Solapur,Maharashtra,17.6599,75.9064,0.0,No Rain,15.7,41.6,Winter,0,Unknown,7,458,23.7,1.83,4091,Low,2024,1,January,No Flood,Normal,No Rain,No Flood
2024-01-16,Sangli,Maharashtra,16.8524,74.5815,0.0,No Rain,15.6,51.5,Winter,0,Unknown,13,549,100.8,3.72,5231,Low,2024,1,January,No Flood,Normal,No Rain,No Flood
2024-01-18,Satara,Maharashtra,17.6805,73.9997,0.0,No Rain,14.9,40.0,Winter,0,Unknown,9,742,69.5,3.71,2879,Low,2024,1,January,No Flood,Normal,No Rain,No Flood
2024-01-18,Satara,Maharashtra,17.6805,73.9997,0.0,No Rain,18.3,47.9,Winter,0,Unknown,9,742,46.9,2.99,2881,Low,2024,1,January,No Flood,Normal,No Rain,No Flood
2024-01-19,Satara,Maharashtra,17.6805,73.9997,0.0,No Rain,23.0,40.8,Winter,0,Unknown,9,742,49.4,2.9,2914,Low,2024,1,January,No Flood,Normal,No Rain,No Flood
2024-01-20,Kolhapur,Maharashtra,16.705,74.2433,0.0,No Rain,23.3,50.1,Winter,0,Unknown,14,569,85.4,3.9,6220,Low,2024,1,January,No Flood,Normal,No Rain,No Flood
2024-01-25,Raigad,Maharashtra,18.5158,73.1822,0.0,No Rain,18.9,54.2,Winter,0,Unknown,16,45,135.8,1.85,1923,Low,2024,1,January,No Flood,Normal,No Rain,No Flood
2024-01-26,Nagpur,Maharashtra,21.1458,79.0882,0.0,No Rain,21.3,49.3,Winter,0,Unknown,8,310,89.3,2.65,5441,Low,2024,1,January,No Flood,Normal,No Rain,No Flood
2024-01-26,Pune,Maharashtra,18.5204,73.8567,0.0,No Rain,17.4,49.2,Winter,0,Unknown,11,560,73.9,2.77,10054,Low,2024,1,January,No Flood,Normal,No Rain,No Flood
2024-01-29,Kolhapur,Maharashtra,16.705,74.2433,0.0,No Rain,22.2,50.8,Winter,0,Unknown,14,569,83.6,4.0,6212,Low,2024,1,January,No Flood,Normal,No Rain,No Flood
2024-01-29,Mumbai,Maharashtra,19.076,72.8777,0.0,No Rain,25.0,62.4,Winter,0,Unknown,20,8,21.2,0.8,22495,Low,2024,1,January,No Flood,Normal,No Rain,No Flood
2024-01-31,Nashik,Maharashtra,19.9975,73.7898,0.6,Light,16.1,50.3,Winter,0,Unknown,8,600,60.4,2.73,4400,Low,2024,1,January,No Flood,Normal,Light,No Flood
2024-02-01,Pune,Maharashtra,18.5204,73.8567,0.0,No Rain,16.9,44.1,Winter,0,Unknown,11,560,32.0,1.51,10072,Low,2024,2,February,No Flood,Normal,No Rain,No Flood
2024-02-03,Panaji,Goa,15.4909,73.8278,0.0,No Rain,21.5,49.4,Winter,0,Unknown,9,7,77.6,1.12,2476,Low,2024,2,February,No Flood,Normal,No Rain,No Flood
2024-02-03,Nagpur,Maharashtra,21.1458,79.0882,0.0,No Rain,22.9,48.4,Winter,0,Unknown,8,310,76.6,2.11,5487,Low,2024,2,February,No Flood,Normal,No Rain,No Flood
2024-02-06,Raigad,Maharashtra,18.5158,73.1822,0.0,No Rain,20.6,47.9,Winter,0,Unknown,16,45,96.5,1.57,1922,Low,2024,2,February,No Flood,Normal,No Rain,No Flood
2024-02-07,Satara,Maharashtra,17.6805,73.9997,0.0,No Rain,22.0,50.0,Winter,0,Unknown,9,742,67.7,3.31,2917,Low,2024,2,February,No Flood,Normal,No Rain,No Flood
2024-02-07,Solapur,Maharashtra,17.6599,75.9064,0.0,No Rain,21.0,31.5,Winter,0,Unknown,7,458,25.5,1.76,4067,Low,2024,2,February,No Flood,Normal,No Rain,No Flood
2024-02-08,Pune,Maharashtra,18.5204,73.8567,0.0,No Rain,18.9,36.5,Winter,0,Unknown,11,560,51.7,2.4,10070,Low,2024,2,February,No Flood,Normal,No Rain,No Flood
2024-02-10,Kolhapur,Maharashtra,16.705,74.2433,0.0,No Rain,19.5,37.5,Winter,0,Unknown,14,569,77.2,3.65,6207,Low,2024,2,February,No Flood,Normal,No Rain,No Flood
2024-02-14,Pune,Maharashtra,18.5204,73.8567,0.2,Light,18.3,49.1,Winter,0,Unknown,11,560,89.4,3.07,10096,Low,2024,2,February,No Flood,Normal,Light,No Flood
2024-02-15,Pune,Maharashtra,18.5204,73.8567,1.1,Light,17.0,51.2,Winter,0,Unknown,11,560,70.1,2.47,10105,Low,2024,2,February,No Flood,Normal,Light,No Flood
2024-02-15,Ratnagiri,Maharashtra,16.9902,73.312,0.0,No Rain,17.6,49.7,Winter,0,Unknown,15,11,116.8,1.52,1686,Low,2024,2,February,No Flood,Normal,No Rain,No Flood
2024-02-18,Pune,Maharashtra,18.5204,73.8567,0.0,No Rain,17.3,47.7,Winter,0,Unknown,11,560,63.5,2.4,10062,Low,2024,2,February,No Flood,Normal,No Rain,No Flood
2024-02-18,Kolhapur,Maharashtra,16.705,74.2433,0.0,No Rain,21.0,41.2,Winter,0,Unknown,14,569,71.0,3.7,6195,Low,2024,2,February,No Flood,Normal,No Rain,No Flood
2024-02-21,Pune,Maharashtra,18.5204,73.8567,0.0,No Rain,19.4,36.2,Winter,0,Unknown,11,560,62.0,2.37,10075,Low,2024,2,February,No Flood,Normal,No Rain,No Flood
2024-02-22,Mumbai,Maharashtra,19.076,72.8777,0.0,No Rain,20.5,39.9,Winter,0,Unknown,20,8,55.9,2.03,22526,Low,2024,2,February,No Flood,Normal,No Rain,No Flood
2024-02-22,Ratnagiri,Maharashtra,16.9902,73.312,0.0,No Rain,21.4,60.5,Winter,0,Unknown,15,11,82.3,1.53,1737,Low,2024,2,February,No Flood,Normal,No Rain,No Flood
2024-02-26,Satara,Maharashtra,17.6805,73.9997,0.0,No Rain,16.7,41.1,Winter,0,Unknown,9,742,50.5,2.75,2898,Low,2024,2,February,No Flood,Normal,No Rain,No Flood
2024-02-28,Kolhapur,Maharashtra,16.705,74.2433,0.0,No Rain,19.7,52.9,Winter,0,Unknown,14,569,75.8,3.57,6227,Low,2024,2,February,No Flood,Normal,No Rain,No Flood
2024-02-29,Kolhapur,Maharashtra,16.705,74.2433,0.0,No Rain,24.8,46.0,Winter,0,Unknown,14,569,70.0,2.94,6246,Low,2024,2,February,No Flood,Normal,No Rain,No Flood
2024-02-29,Ratnagiri,Maharashtra,16.9902,73.312,0.0,No Rain,21.4,52.4,Winter,0,Unknown,15,11,101.0,1.2,1718,Low,2024,2,February,No Flood,Normal,No Rain,No Flood
2024-03-03,Mumbai,Maharashtra,19.076,72.8777,0.0,No Rain,34.7,31.5,Summer,0,Unknown,20,8,79.5,1.75,22539,Low,2024,3,March,No Flood,Normal,No Rain,No Flood
2024-03-04,Satara,Maharashtra,17.6805,73.9997,0.0,No Rain,29.5,58.5,Summer,0,Unknown,9,742,76.4,3.15,2882,Low,2024,3,March,No Flood,Normal,No Rain,No Flood
2024-03-06,Pune,Maharashtra,18.5204,73.8567,0.0,No Rain,36.4,31.4,Summer,0,Unknown,11,560,90.7,2.78,10086,Low,2024,3,March,No Flood,Normal,No Rain,No Flood
2024-03-08,Jalgaon,Maharashtra,21.0077,75.5626,0.0,No Rain,34.2,53.5,Summer,0,Unknown,6,209,44.9,2.21,3420,Low,2024,3,March,No Flood,Normal,No Rain,No Flood
2024-03-08,Pune,Maharashtra,18.5204,73.8567,0.0,No Rain,30.6,56.8,Summer,0,Unknown,11,560,91.6,2.76,10085,Low,2024,3,March,No Flood,Normal,No Rain,No Flood
2024-03-11,Kolhapur,Maharashtra,16.705,74.2433,0.0,No Rain,36.7,51.1,Summer,0,Unknown,14,569,64.2,3.08,6234,Low,2024,3,March,No Flood,Normal,No Rain,No Flood
2024-03-13,Pune,Maharashtra,18.5204,73.8567,0.0,No Rain,32.1,40.1,Summer,0,Unknown,11,560,68.3,2.67,10054,Low,2024,3,March,No Flood,Normal,No Rain,No Flood
2024-03-14,Nashik,Maharashtra,19.9975,73.7898,5.2,Light,32.9,25.2,Summer,0,Unknown,8,600,125.8,4.0,4378,Low,2024,3,March,No Flood,Normal,Light,No Flood
2024-03-14,Sangli,Maharashtra,16.8524,74.5815,0.0,No Rain,32.2,43.9,Summer,0,Unknown,13,549,94.7,3.49,5240,Low,2024,3,March,No Flood,Normal,No Rain,No Flood
2024-03-15,Panaji,Goa,15.4909,73.8278,0.0,No Rain,29.4,31.7,Summer,0,Unknown,9,7,92.5,1.67,2486,Low,2024,3,March,No Flood,Normal,No Rain,No Flood
2024-03-17,Mumbai,Maharashtra,19.076,72.8777,0.0,No Rain,33.4,38.9,Summer,0,Unknown,20,8,43.6,1.16,22514,Low,2024,3,March,No Flood,Normal,No Rain,No Flood
2024-03-18,Solapur,Maharashtra,17.6599,75.9064,0.0,No Rain,40.4,35.3,Summer,0,Unknown,7,458,38.1,2.22,4065,Low,2024,3,March,No Flood,Normal,No Rain,No Flood
2024-03-19,Sangli,Maharashtra,16.8524,74.5815,0.0,No Rain,33.7,53.8,Summer,0,Unknown,13,549,85.1,3.27,5247,Low,2024,3,March,No Flood,Normal,No Rain,No Flood
2024-03-20,Kolhapur,Maharashtra,16.705,74.2433,0.0,No Rain,34.2,62.2,Summer,0,Unknown,14,569,109.7,4.63,6201,Low,2024,3,March,No Flood,Normal,No Rain,No Flood
2024-03-20,Nashik,Maharashtra,19.9975,73.7898,0.0,No Rain,29.2,49.2,Summer,0,Unknown,8,600,63.7,2.56,4398,Low,2024,3,March,No Flood,Normal,No Rain,No Flood
2024-03-20,Pune,Maharashtra,18.5204,73.8567,0.0,No Rain,36.1,38.3,Summer,0,Unknown,11,560,102.9,3.43,10046,Low,2024,3,March,No Flood,Normal,No Rain,No Flood
2024-03-20,Raigad,Maharashtra,18.5158,73.1822,0.0,No Rain,32.5,43.0,Summer,0,Unknown,16,45,97.1,1.27,1936,Low,2024,3,March,No Flood,Normal,No Rain,No Flood
2024-03-20,Sangli,Maharashtra,16.8524,74.5815,0.0,No Rain,31.6,35.4,Summer,0,Unknown,13,549,93.7,3.75,5263,Low,2024,3,March,No Flood,Normal,No Rain,No Flood
2024-03-21,Mumbai,Maharashtra,19.076,72.8777,1.9,Light,32.5,37.7,Summer,0,Unknown,20,8,79.7,1.82,22508,Low,2024,3,March,No Flood,Normal,Light,No Flood
2024-03-24,Nashik,Maharashtra,19.9975,73.7898,0.0,No Rain,34.5,27.0,Summer,0,Unknown,8,600,61.2,2.8,4389,Low,2024,3,March,No Flood,Normal,No Rain,No Flood
2024-03-24,Kolhapur,Maharashtra,16.705,74.2433,1.1,Light,33.3,52.3,Summer,0,Unknown,14,569,81.0,3.65,6222,Low,2024,3,March,No Flood,Normal,Light,No Flood
2024-03-26,Sangli,Maharashtra,16.8524,74.5815,0.0,No Rain,25.5,35.4,Summer,0,Unknown,13,549,75.1,3.19,5276,Low,2024,3,March,No Flood,Normal,No Rain,No Flood
2024-03-26,Satara,Maharashtra,17.6805,73.9997,0.0,No Rain,38.5,40.3,Summer,0,Unknown,9,742,103.6,4.41,2899,Low,2024,3,March,No Flood,Normal,No Rain,No Flood
2024-03-28,Nagpur,Maharashtra,21.1458,79.0882,0.0,No Rain,33.8,46.6,Summer,0,Unknown,8,310,74.3,2.73,5473,Low,2024,3,March,No Flood,Normal,No Rain,No Flood
2024-03-29,Kolhapur,Maharashtra,16.705,74.2433,0.0,No Rain,28.6,44.0,Summer,0,Unknown,14,569,71.9,3.44,6234,Low,2024,3,March,No Flood,Normal,No Rain,No Flood
2024-03-29,Sangli,Maharashtra,16.8524,74.5815,0.0,No Rain,32.5,50.0,Summer,0,Unknown,13,549,94.6,3.41,5259,Low,2024,3,March,No Flood,Normal,No Rain,No Flood
2024-03-30,Nashik,Maharashtra,19.9975,73.7898,0.0,No Rain,31.6,32.9,Summer,0,Unknown,8,600,74.1,2.9,4404,Low,2024,3,March,No Flood,Normal,No Rain,No Flood
2024-03-30,Satara,Maharashtra,17.6805,73.9997,0.0,No Rain,37.4,35.8,Summer,0,Unknown,9,742,50.1,3.14,2888,Low,2024,3,March,No Flood,Normal,No Rain,No Flood
2024-04-07,Raigad,Maharashtra,18.5158,73.1822,0.0,No Rain,28.5,34.2,Summer,0,Unknown,16,45,96.2,1.42,1926,Low,2024,4,April,No Flood,Normal,No Rain,No Flood
2024-04-08,Pune,Maharashtra,18.5204,73.8567,0.0,No Rain,30.9,53.2,Summer,0,Unknown,11,560,95.6,2.95,10092,Low,2024,4,April,No Flood,Normal,No Rain,No Flood
2024-04-08,Satara,Maharashtra,17.6805,73.9997,0.0,No Rain,36.0,45.9,Summer,0,Unknown,9,742,55.3,2.98,2911,Low,2024,4,April,No Flood,Normal,No Rain,No Flood
2024-04-13,Kolhapur,Maharashtra,16.705,74.2433,0.0,No Rain,34.6,51.7,Summer,0,Unknown,14,569,94.0,3.91,6202,Low,2024,4,April,No Flood,Normal,No Rain,No Flood
2024-04-13,Raigad,Maharashtra,18.5158,73.1822,0.0,No Rain,28.6,45.7,Summer,0,Unknown,16,45,94.1,2.06,1931,Low,2024,4,April,No Flood,Normal,No Rain,No Flood
2024-04-14,Pune,Maharashtra,18.5204,73.8567,0.0,No Rain,33.7,29.7,Summer,0,Unknown,11,560,89.9,3.29,10101,Low,2024,4,April,No Flood,Normal,No Rain,No Flood
2024-04-14,Solapur,Maharashtra,17.6599,75.9064,1.9,Light,33.4,52.6,Summer,0,Unknown,7,458,52.3,2.53,4062,Low,2024,4,April,No Flood,Normal,Light,No Flood
2024-04-15,Kolhapur,Maharashtra,16.705,74.2433,0.0,No Rain,40.7,48.3,Summer,0,Unknown,14,569,46.4,3.21,6209,Low,2024,4,April,No Flood,Normal,No Rain,No Flood
2024-04-16,Kolhapur,Maharashtra,16.705,74.2433,0.0,No Rain,38.3,30.9,Summer,0,Unknown,14,569,100.1,3.72,6239,Low,2024,4,April,No Flood,Normal,No Rain,No Flood
2024-04-17,Ratnagiri,Maharashtra,16.9902,73.312,0.0,No Rain,39.0,45.0,Summer,0,Unknown,15,11,104.8,1.67,1713,Low,2024,4,April,No Flood,Normal,No Rain,No Flood
2024-04-20,Nashik,Maharashtra,19.9975,73.7898,1.8,Light,34.1,39.7,Summer,0,Unknown,8,600,84.5,3.57,4383,Low,2024,4,April,No Flood,Normal,Light,No Flood
2024-04-21,Belagavi,Karnataka,15.8497,74.4977,0.0,No Rain,36.9,52.1,Summer,0,Unknown,10,762,69.0,3.43,3337,Low,2024,4,April,No Flood,Normal,No Rain,No Flood
2024-04-21,Sangli,Maharashtra,16.8524,74.5815,0.0,No Rain,32.4,23.0,Summer,0,Unknown,13,549,86.0,3.38,5255,Low,2024,4,April,No Flood,Normal,No Rain,No Flood
2024-04-24,Sangli,Maharashtra,16.8524,74.5815,0.0,No Rain,31.0,45.5,Summer,0,Unknown,13,549,95.7,3.92,5225,Low,2024,4,April,No Flood,Normal,No Rain,No Flood
2024-04-25,Pune,Maharashtra,18.5204,73.8567,0.0,No Rain,32.3,35.0,Summer,0,Unknown,11,560,73.1,2.63,10076,Low,2024,4,April,No Flood,Normal,No Rain,No Flood
2024-04-26,Kolhapur,Maharashtra,16.705,74.2433,0.0,No Rain,28.3,30.9,Summer,0,Unknown,14,569,90.4,4.54,6225,Low,2024,4,April,No Flood,Normal,No Rain,No Flood
2024-04-28,Kolhapur,Maharashtra,16.705,74.2433,0.0,No Rain,31.2,36.2,Summer,0,Unknown,14,569,97.6,4.15,6208,Low,2024,4,April,No Flood,Normal,No Rain,No Flood
2024-04-28,Sangli,Maharashtra,16.8524,74.5815,0.0,No Rain,32.1,44.4,Summer,0,Unknown,13,549,113.2,4.21,5279,Low,2024,4,April,No Flood,Normal,No Rain,No Flood
2024-05-03,Mumbai,Maharashtra,19.076,72.8777,0.0,No Rain,33.1,41.8,Summer,0,Unknown,20,8,53.1,1.15,22500,Low,2024,5,May,No Flood,Normal,No Rain,No Flood
2024-05-06,Nashik,Maharashtra,19.9975,73.7898,0.5,Light,32.9,39.7,Summer,0,Unknown,8,600,92.7,3.28,4410,Low,2024,5,May,No Flood,Normal,Light,No Flood
2024-05-11,Mumbai,Maharashtra,19.076,72.8777,0.0,No Rain,36.1,32.9,Summer,0,Unknown,20,8,75.1,1.43,22540,Low,2024,5,May,No Flood,Normal,No Rain,No Flood
2024-05-13,Nashik,Maharashtra,19.9975,73.7898,0.0,No Rain,34.3,36.2,Summer,0,Unknown,8,600,97.6,3.89,4388,Low,2024,5,May,No Flood,Normal,No Rain,No Flood
2024-05-16,Pune,Maharashtra,18.5204,73.8567,0.0,No Rain,29.1,40.5,Summer,0,Unknown,11,560,109.4,2.92,10084,Low,2024,5,May,No Flood,Normal,No Rain,No Flood
2024-05-16,Sangli,Maharashtra,16.8524,74.5815,0.0,No Rain,30.3,45.0,Summer,0,Unknown,13,549,123.2,3.52,5257,Low,2024,5,May,No Flood,Normal,No Rain,No Flood
2024-05-18,Belagavi,Karnataka,15.8497,74.4977,0.0,No Rain,33.2,43.1,Summer,0,Unknown,10,762,89.5,4.13,3301,Low,2024,5,May,No Flood,Normal,No Rain,No Flood
2024-05-18,Raigad,Maharashtra,18.5158,73.1822,0.0,No Rain,29.3,35.3,Summer,0,Unknown,16,45,91.0,1.75,1903,Low,2024,5,May,No Flood,Normal,No Rain,No Flood
2024-05-19,Belagavi,Karnataka,15.8497,74.4977,0.0,No Rain,29.5,25.9,Summer,0,Unknown,10,762,75.6,3.7,3302,Low,2024,5,May,No Flood,Normal,No Rain,No Flood
2024-05-19,Sangli,Maharashtra,16.8524,74.5815,0.0,No Rain,38.2,56.4,Summer,0,Unknown,13,549,99.3,3.52,5226,Low,2024,5,May,No Flood,Normal,No Rain,No Flood
2024-05-20,Sangli,Maharashtra,16.8524,74.5815,0.0,No Rain,36.6,46.4,Summer,0,Unknown,13,549,108.9,3.72,5235,Low,2024,5,May,No Flood,Normal,No Rain,No Flood
2024-05-22,Jalgaon,Maharashtra,21.0077,75.5626,0.0,No Rain,33.0,45.0,Summer,0,Unknown,6,209,55.8,2.7,3456,Low,2024,5,May,No Flood,Normal,No Rain,No Flood
2024-05-23,Mumbai,Maharashtra,19.076,72.8777,0.0,No Rain,36.2,37.0,Summer,0,Unknown,20,8,99.7,1.76,22483,Low,2024,5,May,No Flood,Normal,No Rain,No Flood
2024-05-24,Kolhapur,Maharashtra,16.705,74.2433,0.0,No Rain,30.9,41.1,Summer,0,Unknown,14,569,105.9,3.88,6187,Low,2024,5,May,No Flood,Normal,No Rain,No Flood
2024-05-26,Belagavi,Karnataka,15.8497,74.4977,0.0,No Rain,34.9,30.7,Summer,0,Unknown,10,762,52.5,3.29,3318,Low,2024,5,May,No Flood,Normal,No Rain,No Flood
2024-05-30,Kolhapur,Maharashtra,16.705,74.2433,0.0,No Rain,31.2,35.3,Summer,0,Unknown,14,569,93.7,3.9,6206,Low,2024,5,May,No Flood,Normal,No Rain,No Flood
2024-05-30,Kolhapur,Maharashtra,16.705,74.2433,0.0,No Rain,39.5,50.4,Summer,0,Unknown,14,569,61.4,2.93,6235,Low,2024,5,May,No Flood,Normal,No Rain,No Flood
2024-05-30,Mumbai,Maharashtra,19.076,72.8777,0.0,No Rain,34.8,36.5,Summer,0,Unknown,20,8,59.3,1.32,22518,Low,2024,5,May,No Flood,Normal,No Rain,No Flood
2024-05-31,Jalgaon,Maharashtra,21.0077,75.5626,0.0,No Rain,33.3,36.1,Summer,0,Unknown,6,209,78.3,3.19,3409,Low,2024,5,May,No Flood,Normal,No Rain,No Flood
2024-06-01,Mumbai,Maharashtra,19.076,72.8777,21.0,Moderate,27.5,92.1,Monsoon,0,Unknown,20,8,558.9,4.71,22527,High,2024,6,June,No Flood,Normal,Moderate,No Flood
2024-06-01,Raigad,Maharashtra,18.5158,73.1822,0.0,No Rain,29.3,79.2,Monsoon,0,Unknown,16,45,281.9,2.63,1943,Low,2024,6,June,No Flood,Normal,No Rain,No Flood
2024-06-02,Nashik,Maharashtra,19.9975,73.7898,134.7,Extreme,22.5,94.9,Monsoon,1,Very High,8,600,5993.5,14.79,4404,Very High,2024,6,June,Flood,Extreme,Very Heavy,June
2024-06-02,Mumbai,Maharashtra,19.076,72.8777,78.1,Very Heavy,25.0,95.1,Monsoon,1,Very High,20,8,2409.4,6.96,22531,Very High,2024,6,June,Flood,Extreme,Heavy,June
2024-06-03,Mumbai,Maharashtra,19.076,72.8777,300.8,Extreme,25.2,99.0,Monsoon,1,Very High,20,8,16466.4,6.96,22512,Very High,2024,6,June,Flood,Extreme,Extreme,June
2024-06-03,Sangli,Maharashtra,16.8524,74.5815,0.0,No Rain,22.3,81.2,Monsoon,0,Unknown,13,549,214.6,5.62,5271,Low,2024,6,June,No Flood,Normal,No Rain,No Flood
2024-06-03,Sangli,Maharashtra,16.8524,74.5815,23.8,Moderate,22.7,99.0,Monsoon,0,Unknown,13,549,675.5,10.12,5235,Moderate,2024,6,June,No Flood,Normal,Moderate,No Flood
2024-06-04,Kolhapur,Maharashtra,16.705,74.2433,13.1,Moderate,24.1,85.1,Monsoon,0,Unknown,14,569,386.3,8.61,6195,Moderate,2024,6,June,No Flood,Normal,Light,No Flood
2024-06-04,Satara,Maharashtra,17.6805,73.9997,4.7,Light,22.4,85.2,Monsoon,0,Unknown,9,742,206.7,6.03,2923,Low,2024,6,June,No Flood,Normal,Light,No Flood
2024-06-05,Mumbai,Maharashtra,19.076,72.8777,129.6,Extreme,25.4,95.7,Monsoon,1,Very High,20,8,3459.9,6.96,22494,Very High,2024,6,June,Flood,Extreme,Very Heavy,June
2024-06-05,Satara,Maharashtra,17.6805,73.9997,18.4,Moderate,26.5,76.1,Monsoon,0,Unknown,9,742,510.7,8.84,2865,Moderate,2024,6,June,No Flood,Normal,Light,No Flood
2024-06-06,Satara,Maharashtra,17.6805,73.9997,71.7,Very Heavy,18.6,91.7,Monsoon,1,Very High,9,742,2310.2,15.95,2918,Very High,2024,6,June,Flood,Extreme,Heavy,June
2024-06-07,Jalgaon,Maharashtra,21.0077,75.5626,0.0,No Rain,25.8,77.7,Monsoon,0,Unknown,6,209,133.1,4.24,3420,Low,2024,6,June,No Flood,Normal,No Rain,No Flood
2024-06-07,Panaji,Goa,15.4909,73.8278,0.0,No Rain,24.0,78.7,Monsoon,0,Unknown,9,7,204.4,1.65,2443,Low,2024,6,June,No Flood,Normal,No Rain,No Flood
2024-06-08,Jalgaon,Maharashtra,21.0077,75.5626,0.0,No Rain,27.1,80.0,Monsoon,0,Unknown,6,209,156.0,3.97,3448,Low,2024,6,June,No Flood,Normal,No Rain,No Flood
2024-06-08,Kolhapur,Maharashtra,16.705,74.2433,0.0,No Rain,22.4,81.6,Monsoon,0,Unknown,14,569,219.4,6.43,6230,Low,2024,6,June,No Flood,Normal,No Rain,No Flood
2024-06-08,Mumbai,Maharashtra,19.076,72.8777,84.9,Very Heavy,26.1,99.0,Monsoon,1,Very High,20,8,2916.5,6.96,22524,Very High,2024,6,June,Flood,Extreme,Heavy,June
2024-06-08,Mumbai,Maharashtra,19.076,72.8777,24.1,Moderate,23.5,87.0,Monsoon,1,Moderate,20,8,657.2,5.18,22513,High,2024,6,June,Flood,Normal,Moderate,June
2024-06-08,Panaji,Goa,15.4909,73.8278,99.8,Very Heavy,24.4,93.5,Monsoon,1,Very High,9,7,2528.1,6.52,2483,Very High,2024,6,June,Flood,Extreme,Heavy,June
2024-06-08,Satara,Maharashtra,17.6805,73.9997,40.8,Heavy,23.7,85.7,Monsoon,1,Very High,9,742,1267.8,15.3,2885,Very High,2024,6,June,Flood,Normal,Moderate,June
2024-06-09,Kolhapur,Maharashtra,16.705,74.2433,21.3,Moderate,28.6,78.4,Monsoon,0,Unknown,14,569,560.1,11.02,6213,Moderate,2024,6,June,No Flood,Normal,Moderate,No Flood
2024-06-10,Kolhapur,Maharashtra,16.705,74.2433,125.3,Extreme,25.2,95.8,Monsoon,1,Very High,14,569,4046.9,19.57,6199,Very High,2024,6,June,Flood,Extreme,Very Heavy,June
2024-06-10,Kolhapur,Maharashtra,16.705,74.2433,9.7,Moderate,22.4,82.0,Monsoon,0,Unknown,14,569,359.9,8.4,6243,Moderate,2024,6,June,No Flood,Normal,Light,No Flood
2024-06-10,Kolhapur,Maharashtra,16.705,74.2433,15.0,Moderate,20.9,87.5,Monsoon,0,Unknown,14,569,448.4,9.2,6196,Moderate,2024,6,June,No Flood,Normal,Light,No Flood
2024-06-10,Raigad,Maharashtra,18.5158,73.1822,0.0,No Rain,26.6,70.0,Monsoon,0,Unknown,16,45,273.4,2.16,1938,Low,2024,6,June,No Flood,Normal,No Rain,No Flood
2024-06-11,Pune,Maharashtra,18.5204,73.8567,0.0,No Rain,24.1,80.4,Monsoon,0,Unknown,11,560,203.4,4.66,10076,Low,2024,6,June,No Flood,Normal,No Rain,No Flood
2024-06-11,Satara,Maharashtra,17.6805,73.9997,0.0,No Rain,21.7,81.0,Monsoon,0,Unknown,9,742,177.4,5.31,2900,Low,2024,6,June,No Flood,Normal,No Rain,No Flood
2024-06-13,Panaji,Goa,15.4909,73.8278,10.9,Moderate,23.1,91.9,Monsoon,0,Unknown,9,7,363.6,2.89,2489,Moderate,2024,6,June,No Flood,Normal,Light,No Flood
2024-06-13,Pune,Maharashtra,18.5204,73.8567,0.0,No Rain,23.4,88.1,Monsoon,0,Unknown,11,560,202.2,4.09,10075,Low,2024,6,June,No Flood,Normal,No Rain,No Flood
2024-06-15,Satara,Maharashtra,17.6805,73.9997,0.0,No Rain,25.6,80.6,Monsoon,0,Unknown,9,742,151.7,4.62,2903,Low,2024,6,June,No Flood,Normal,No Rain,No Flood
2024-06-16,Sangli,Maharashtra,16.8524,74.5815,18.2,Moderate,24.7,76.2,Monsoon,0,Unknown,13,549,614.7,9.31,5267,Moderate,2024,6,June,No Flood,Normal,Light,No Flood
2024-06-16,Raigad,Maharashtra,18.5158,73.1822,58.9,Heavy,24.5,85.5,Monsoon,1,Very High,16,45,1657.2,7.17,1925,Very High,2024,6,June,Flood,Normal,Heavy,June
2024-06-16,Satara,Maharashtra,17.6805,73.9997,40.7,Heavy,23.9,90.6,Monsoon,1,High,9,742,1039.1,13.73,2922,Very High,2024,6,June,Flood,Normal,Moderate,June
2024-06-16,Mumbai,Maharashtra,19.076,72.8777,8.6,Moderate,29.2,91.2,Monsoon,0,Unknown,20,8,248.4,3.06,22522,Moderate,2024,6,June,No Flood,Normal,Light,No Flood
2024-06-16,Kolhapur,Maharashtra,16.705,74.2433,49.2,Heavy,22.0,92.3,Monsoon,1,Very High,14,569,1475.4,17.21,6198,Very High,2024,6,June,Flood,Normal,Moderate,June
2024-06-16,Raigad,Maharashtra,18.5158,73.1822,4.1,Light,25.5,87.4,Monsoon,0,Unknown,16,45,290.5,3.1,1943,Moderate,2024,6,June,No Flood,Normal,Light,No Flood
2024-06-17,Kolhapur,Maharashtra,16.705,74.2433,7.1,Light,24.8,83.6,Monsoon,0,Unknown,14,569,315.3,7.5,6201,Low,2024,6,June,No Flood,Normal,Light,No Flood
2024-06-17,Kolhapur,Maharashtra,16.705,74.2433,20.5,Moderate,26.8,84.8,Monsoon,0,Unknown,14,569,534.4,10.37,6201,Moderate,2024,6,June,No Flood,Normal,Moderate,No Flood
2024-06-17,Mumbai,Maharashtra,19.076,72.8777,5.2,Light,30.1,80.2,Monsoon,0,Unknown,20,8,190.5,2.07,22508,Low,2024,6,June,No Flood,Normal,Light,No Flood
2024-06-17,Sangli,Maharashtra,16.8524,74.5815,31.0,Moderate,24.3,81.1,Monsoon,1,Moderate,13,549,712.7,10.48,5246,High,2024,6,June,Flood,Normal,Moderate,June
2024-06-18,Ratnagiri,Maharashtra,16.9902,73.312,85.1,Very Heavy,24.4,99.0,Monsoon,1,Very High,15,11,2893.8,7.97,1705,Very High,2024,6,June,Flood,Extreme,Heavy,June
2024-06-18,Mumbai,Maharashtra,19.076,72.8777,46.4,Heavy,28.1,85.5,Monsoon,1,Very High,20,8,1435.1,6.96,22539,Very High,2024,6,June,Flood,Normal,Moderate,June
2024-06-19,Raigad,Maharashtra,18.5158,73.1822,3.6,Light,25.6,83.3,Monsoon,0,Unknown,16,45,300.2,2.49,1906,Low,2024,6,June,No Flood,Normal,Light,No Flood
2024-06-20,Kolhapur,Maharashtra,16.705,74.2433,124.1,Very Heavy,26.6,99.0,Monsoon,1,Very High,14,569,5575.4,19.57,6241,Very High,2024,6,June,Flood,Extreme,Very Heavy,June
2024-06-20,Pune,Maharashtra,18.5204,73.8567,6.0,Light,26.0,88.7,Monsoon,0,Unknown,11,560,226.5,4.5,10088,Low,2024,6,June,No Flood,Normal,Light,No Flood
2024-06-20,Ratnagiri,Maharashtra,16.9902,73.312,26.2,Moderate,26.6,94.0,Monsoon,0,Unknown,15,11,694.6,4.62,1744,High,2024,6,June,No Flood,Normal,Moderate,No Flood
2024-06-20,Sangli,Maharashtra,16.8524,74.5815,0.0,No Rain,25.1,83.9,Monsoon,0,Unknown,13,549,233.3,5.99,5275,Low,2024,6,June,No Flood,Normal,No Rain,No Flood
2024-06-21,Sangli,Maharashtra,16.8524,74.5815,10.4,Moderate,23.6,92.7,Monsoon,0,Unknown,13,549,400.3,7.87,5236,Moderate,2024,6,June,No Flood,Normal,Light,No Flood
2024-06-21,Nashik,Maharashtra,19.9975,73.7898,0.0,No Rain,24.2,82.4,Monsoon,0,Unknown,8,600,179.6,5.17,4404,Low,2024,6,June,No Flood,Normal,No Rain,No Flood
2024-06-22,Raigad,Maharashtra,18.5158,73.1822,0.0,No Rain,22.6,84.7,Monsoon,0,Unknown,16,45,248.4,2.36,1907,Low,2024,6,June,No Flood,Normal,No Rain,No Flood
2024-06-22,Ratnagiri,Maharashtra,16.9902,73.312,43.4,Heavy,26.7,95.2,Monsoon,1,Very High,15,11,1417.7,6.66,1711,Very High,2024,6,June,Flood,Normal,Moderate,June
2024-06-22,Belagavi,Karnataka,15.8497,74.4977,0.0,No Rain,23.9,75.7,Monsoon,0,Unknown,10,762,208.8,5.94,3341,Low,2024,6,June,No Flood,Normal,No Rain,No Flood
2024-06-22,Nashik,Maharashtra,19.9975,73.7898,62.9,Heavy,23.3,87.5,Monsoon,1,Very High,8,600,2028.0,14.79,4385,Very High,2024,6,June,Flood,Normal,Heavy,June
2024-06-23,Kolhapur,Maharashtra,16.705,74.2433,29.1,Moderate,22.8,90.7,Monsoon,0,Unknown,14,569,691.4,11.4,6205,High,2024,6,June,No Flood,Normal,Moderate,No Flood
2024-06-23,Nagpur,Maharashtra,21.1458,79.0882,0.0,No Rain,21.5,80.6,Monsoon,0,Unknown,8,310,172.8,4.25,5451,Low,2024,6,June,No Flood,Normal,No Rain,No Flood
2024-06-23,Pune,Maharashtra,18.5204,73.8567,11.3,Moderate,26.2,90.8,Monsoon,0,Unknown,11,560,353.9,5.59,10057,Moderate,2024,6,June,No Flood,Normal,Light,No Flood
2024-06-23,Pune,Maharashtra,18.5204,73.8567,12.5,Moderate,25.1,87.0,Monsoon,0,Unknown,11,560,379.6,5.9,10091,Moderate,2024,6,June,No Flood,Normal,Light,No Flood
2024-06-23,Sangli,Maharashtra,16.8524,74.5815,45.2,Heavy,28.2,94.9,Monsoon,1,Very High,13,549,1545.2,15.51,5249,Very High,2024,6,June,Flood,Normal,Moderate,June
2024-06-24,Kolhapur,Maharashtra,16.705,74.2433,7.3,Light,24.6,86.2,Monsoon,0,Unknown,14,569,280.2,7.35,6190,Low,2024,6,June,No Flood,Normal,Light,No Flood
2024-06-25,Nagpur,Maharashtra,21.1458,79.0882,10.0,Moderate,29.2,86.7,Monsoon,0,Unknown,8,310,300.4,4.68,5451,Moderate,2024,6,June,No Flood,Normal,Light,No Flood
2024-06-25,Ratnagiri,Maharashtra,16.9902,73.312,11.2,Moderate,25.6,78.7,Monsoon,0,Unknown,15,11,383.7,3.37,1736,Moderate,2024,6,June,No Flood,Normal,Light,No Flood
2024-06-25,Kolhapur,Maharashtra,16.705,74.2433,102.9,Very Heavy,24.8,98.0,Monsoon,1,Very High,14,569,3776.8,19.57,6192,Very High,2024,6,June,Flood,Extreme,Very Heavy,June
2024-06-26,Mumbai,Maharashtra,19.076,72.8777,24.3,Moderate,27.4,86.0,Monsoon,0,Unknown,20,8,487.4,4.0,22483,High,2024,6,June,No Flood,Normal,Moderate,No Flood
2024-06-26,Raigad,Maharashtra,18.5158,73.1822,168.3,Extreme,25.1,99.0,Monsoon,1,Very High,16,45,5445.2,8.99,1920,Very High,2024,6,June,Flood,Extreme,Very Heavy,June
2024-06-27,Belagavi,Karnataka,15.8497,74.4977,3.6,Light,22.6,91.8,Monsoon,0,Unknown,10,762,205.5,5.73,3316,Low,2024,6,June,No Flood,Normal,Light,No Flood
2024-06-27,Sangli,Maharashtra,16.8524,74.5815,48.8,Heavy,20.4,95.2,Monsoon,0,Unknown,13,549,1115.1,12.85,5272,High,2024,6,June,No Flood,Normal,Moderate,No Flood
2024-06-28,Pune,Maharashtra,18.5204,73.8567,19.0,Moderate,23.5,85.9,Monsoon,0,Unknown,11,560,476.3,7.31,10084,Moderate,2024,6,June,No Flood,Normal,Light,No Flood
2024-06-28,Raigad,Maharashtra,18.5158,73.1822,0.0,No Rain,25.9,79.8,Monsoon,0,Unknown,16,45,248.8,3.1,1933,Low,2024,6,June,No Flood,Normal,No Rain,No Flood
2024-06-29,Pune,Maharashtra,18.5204,73.8567,0.0,No Rain,23.9,80.7,Monsoon,0,Unknown,11,560,181.2,4.55,10092,Low,2024,6,June,No Flood,Normal,No Rain,No Flood
2024-06-30,Solapur,Maharashtra,17.6599,75.9064,6.0,Light,22.9,94.0,Monsoon,0,Unknown,7,458,182.4,5.52,4093,Low,2024,6,June,No Flood,Normal,Light,No Flood
2024-06-30,Ratnagiri,Maharashtra,16.9902,73.312,74.6,Very Heavy,29.4,99.0,Monsoon,1,Very High,15,11,2367.7,7.97,1708,Very High,2024,6,June,Flood,Extreme,Heavy,June
2024-06-30,Satara,Maharashtra,17.6805,73.9997,10.9,Moderate,26.2,93.0,Monsoon,0,Unknown,9,742,329.0,7.39,2922,Moderate,2024,6,June,No Flood,Normal,Light,No Flood
2024-07-01,Satara,Maharashtra,17.6805,73.9997,12.8,Moderate,24.5,85.3,Monsoon,0,Unknown,9,742,336.0,7.85,2896,Moderate,2024,7,July,No Flood,Normal,Light,No Flood
2024-07-01,Raigad,Maharashtra,18.5158,73.1822,55.2,Heavy,26.1,91.0,Monsoon,1,High,16,45,1227.5,6.11,1914,Very High,2024,7,July,Flood,Normal,Heavy,July
2024-07-01,Mumbai,Maharashtra,19.076,72.8777,102.5,Very Heavy,25.8,87.3,Monsoon,1,Very High,20,8,4154.4,6.96,22487,Very High,2024,7,July,Flood,Extreme,Very Heavy,July
2024-07-02,Nagpur,Maharashtra,21.1458,79.0882,0.0,No Rain,25.6,84.1,Monsoon,0,Unknown,8,310,201.9,3.84,5481,Low,2024,7,July,No Flood,Normal,No Rain,No Flood
2024-07-02,Pune,Maharashtra,18.5204,73.8567,80.1,Very Heavy,24.6,90.7,Monsoon,1,Very High,11,560,1938.8,13.78,10097,Very High,2024,7,July,Flood,Extreme,Heavy,July
2024-07-02,Pune,Maharashtra,18.5204,73.8567,8.6,Moderate,21.7,83.9,Monsoon,0,Unknown,11,560,265.0,5.02,10096,Moderate,2024,7,July,No Flood,Normal,Light,No Flood
2024-07-02,Raigad,Maharashtra,18.5158,73.1822,38.8,Heavy,22.7,78.5,Monsoon,1,High,16,45,1076.0,6.13,1918,Very High,2024,7,July,Flood,Normal,Moderate,July
2024-07-03,Pune,Maharashtra,18.5204,73.8567,68.6,Very Heavy,25.6,84.7,Monsoon,1,Very High,11,560,1998.2,13.78,10063,Very High,2024,7,July,Flood,Extreme,Heavy,July
2024-07-03,Sangli,Maharashtra,16.8524,74.5815,7.9,Moderate,27.0,81.8,Monsoon,0,Unknown,13,549,356.3,7.49,5233,Moderate,2024,7,July,No Flood,Normal,Light,No Flood
2024-07-03,Satara,Maharashtra,17.6805,73.9997,83.1,Very Heavy,24.7,99.0,Monsoon,1,Very High,9,742,2800.5,15.95,2905,Very High,2024,7,July,Flood,Extreme,Heavy,July
2024-07-04,Kolhapur,Maharashtra,16.705,74.2433,3.5,Light,28.0,88.9,Monsoon,0,Unknown,14,569,249.1,6.87,6195,Low,2024,7,July,No Flood,Normal,Light,No Flood
2024-07-04,Kolhapur,Maharashtra,16.705,74.2433,58.0,Heavy,27.1,95.2,Monsoon,0,Unknown,14,569,1830.1,19.11,6243,High,2024,7,July,No Flood,Normal,Heavy,No Flood
2024-07-05,Sangli,Maharashtra,16.8524,74.5815,50.6,Heavy,25.9,89.9,Monsoon,1,Very High,13,549,1537.5,15.21,5277,Very High,2024,7,July,Flood,Normal,Heavy,July
2024-07-05,Kolhapur,Maharashtra,16.705,74.2433,0.0,No Rain,25.1,85.9,Monsoon,0,Unknown,14,569,215.7,6.11,6242,Low,2024,7,July,No Flood,Normal,No Rain,No Flood
2024-07-06,Jalgaon,Maharashtra,21.0077,75.5626,17.2,Moderate,25.2,98.0,Monsoon,0,Unknown,6,209,357.0,6.2,3453,Moderate,2024,7,July,No Flood,Normal,Light,No Flood
2024-07-06,Kolhapur,Maharashtra,16.705,74.2433,77.8,Very Heavy,27.5,97.0,Monsoon,1,Very High,14,569,1871.8,18.89,6204,Very High,2024,7,July,Flood,Extreme,Heavy,July
2024-07-06,Pune,Maharashtra,18.5204,73.8567,11.1,Moderate,22.0,89.4,Monsoon,0,Unknown,11,560,322.2,5.17,10085,Moderate,2024,7,July,No Flood,Normal,Light,No Flood
2024-07-06,Raigad,Maharashtra,18.5158,73.1822,7.7,Moderate,25.0,77.5,Monsoon,0,Unknown,16,45,384.9,3.66,1957,Moderate,2024,7,July,No Flood,Normal,Light,No Flood
2024-07-06,Satara,Maharashtra,17.6805,73.9997,9.2,Moderate,20.1,82.9,Monsoon,0,Unknown,9,742,282.6,7.32,2894,Moderate,2024,7,July,No Flood,Normal,Light,No Flood
2024-07-07,Kolhapur,Maharashtra,16.705,74.2433,0.0,No Rain,25.9,83.9,Monsoon,0,Unknown,14,569,215.4,6.34,6207,Low,2024,7,July,No Flood,Normal,No Rain,No Flood
2024-07-07,Satara,Maharashtra,17.6805,73.9997,21.0,Moderate,24.9,88.0,Monsoon,0,Unknown,9,742,419.9,8.34,2915,Moderate,2024,7,July,No Flood,Normal,Moderate,No Flood
2024-07-08,Solapur,Maharashtra,17.6599,75.9064,18.1,Moderate,22.0,86.8,Monsoon,0,Unknown,7,458,426.7,8.28,4089,Moderate,2024,7,July,No Flood,Normal,Light,No Flood
2024-07-08,Satara,Maharashtra,17.6805,73.9997,56.9,Heavy,22.8,95.4,Monsoon,1,Very High,9,742,1598.4,15.95,2917,Very High,2024,7,July,Flood,Normal,Heavy,July
2024-07-08,Raigad,Maharashtra,18.5158,73.1822,124.1,Very Heavy,28.4,92.6,Monsoon,1,Very High,16,45,5465.6,8.99,1921,Very High,2024,7,July,Flood,Extreme,Very Heavy,July
2024-07-08,Pune,Maharashtra,18.5204,73.8567,32.6,Moderate,26.6,82.1,Monsoon,0,Unknown,11,560,694.1,8.56,10086,High,2024,7,July,No Flood,Normal,Moderate,No Flood
2024-07-08,Nashik,Maharashtra,19.9975,73.7898,14.6,Moderate,22.8,72.3,Monsoon,0,Unknown,8,600,396.1,7.23,4394,Moderate,2024,7,July,No Flood,Normal,Light,No Flood
2024-07-08,Pune,Maharashtra,18.5204,73.8567,0.0,No Rain,25.7,92.3,Monsoon,0,Unknown,11,560,193.3,4.63,10095,Low,2024,7,July,No Flood,Normal,No Rain,No Flood
2024-07-09,Jalgaon,Maharashtra,21.0077,75.5626,115.2,Very Heavy,29.9,99.0,Monsoon,1,Very High,6,209,3876.5,11.6,3427,Very High,2024,7,July,Flood,Extreme,Very Heavy,July
2024-07-09,Kolhapur,Maharashtra,16.705,74.2433,7.6,Moderate,23.3,86.4,Monsoon,0,Unknown,14,569,280.7,7.24,6228,Moderate,2024,7,July,No Flood,Normal,Light,No Flood
2024-07-09,Nagpur,Maharashtra,21.1458,79.0882,0.0,No Rain,22.5,84.8,Monsoon,0,Unknown,8,310,194.9,3.79,5455,Low,2024,7,July,No Flood,Normal,No Rain,No Flood
2024-07-09,Pune,Maharashtra,18.5204,73.8567,7.3,Light,23.9,96.4,Monsoon,0,Unknown,11,560,320.1,5.29,10055,Low,2024,7,July,No Flood,Normal,Light,No Flood
2024-07-09,Ratnagiri,Maharashtra,16.9902,73.312,27.3,Moderate,28.7,96.0,Monsoon,0,Unknown,15,11,903.2,4.84,1728,High,2024,7,July,No Flood,Normal,Moderate,No Flood
2024-07-10,Kolhapur,Maharashtra,16.705,74.2433,5.8,Light,25.5,79.3,Monsoon,0,Unknown,14,569,270.6,6.98,6233,Low,2024,7,July,No Flood,Normal,Light,No Flood
2024-07-10,Jalgaon,Maharashtra,21.0077,75.5626,30.9,Moderate,25.3,88.6,Monsoon,0,Unknown,6,209,806.3,10.11,3400,High,2024,7,July,No Flood,Normal,Moderate,No Flood
2024-07-10,Mumbai,Maharashtra,19.076,72.8777,48.9,Heavy,27.9,89.2,Monsoon,0,Unknown,20,8,1108.9,6.06,22539,Very High,2024,7,July,No Flood,Normal,Moderate,No Flood
2024-07-10,Sangli,Maharashtra,16.8524,74.5815,0.0,No Rain,22.1,81.2,Monsoon,0,Unknown,13,549,254.5,6.13,5259,Low,2024,7,July,No Flood,Normal,No Rain,No Flood
2024-07-10,Satara,Maharashtra,17.6805,73.9997,26.4,Moderate,25.0,87.2,Monsoon,1,Moderate,9,742,708.7,11.1,2916,High,2024,7,July,Flood,Normal,Moderate,July
2024-07-11,Mumbai,Maharashtra,19.076,72.8777,147.5,Extreme,26.1,99.0,Monsoon,1,Very High,20,8,5804.2,6.96,22487,Very High,2024,7,July,Flood,Extreme,Very Heavy,July
2024-07-11,Pune,Maharashtra,18.5204,73.8567,11.1,Moderate,24.8,82.6,Monsoon,0,Unknown,11,560,307.1,5.37,10065,Moderate,2024,7,July,No Flood,Normal,Light,No Flood
2024-07-11,Ratnagiri,Maharashtra,16.9902,73.312,0.0,No Rain,25.7,80.8,Monsoon,0,Unknown,15,11,248.3,2.2,1720,Low,2024,7,July,No Flood,Normal,No Rain,No Flood
2024-07-12,Solapur,Maharashtra,17.6599,75.9064,20.1,Moderate,23.5,76.4,Monsoon,0,Unknown,7,458,377.1,7.6,4061,Moderate,2024,7,July,No Flood,Normal,Moderate,No Flood
2024-07-12,Solapur,Maharashtra,17.6599,75.9064,6.7,Light,24.1,65.3,Monsoon,0,Unknown,7,458,160.4,4.86,4096,Low,2024,7,July,No Flood,Normal,Light,No Flood
2024-07-12,Sangli,Maharashtra,16.8524,74.5815,14.3,Moderate,25.5,92.5,Monsoon,0,Unknown,13,549,462.3,8.15,5257,Moderate,2024,7,July,No Flood,Normal,Light,No Flood
2024-07-12,Kolhapur,Maharashtra,16.705,74.2433,188.3,Extreme,25.1,98.9,Monsoon,1,Very High,14,569,6147.5,19.57,6244,Very High,2024,7,July,Flood,Extreme,Very Heavy,July
2024-07-12,Mumbai,Maharashtra,19.076,72.8777,0.0,No Rain,24.3,89.0,Monsoon,0,Unknown,20,8,163.3,2.45,22517,Low,2024,7,July,No Flood,Normal,No Rain,No Flood
2024-07-12,Kolhapur,Maharashtra,16.705,74.2433,26.7,Moderate,23.3,79.3,Monsoon,0,Unknown,14,569,748.3,11.86,6191,High,2024,7,July,No Flood,Normal,Moderate,No Flood
2024-07-12,Mumbai,Maharashtra,19.076,72.8777,52.5,Heavy,24.0,96.3,Monsoon,0,Unknown,20,8,1103.9,6.2,22492,Very High,2024,7,July,No Flood,Normal,Heavy,No Flood
2024-07-13,Belagavi,Karnataka,15.8497,74.4977,17.9,Moderate,25.0,84.3,Monsoon,0,Unknown,10,762,401.8,8.09,3327,Moderate,2024,7,July,No Flood,Normal,Light,No Flood
2024-07-13,Kolhapur,Maharashtra,16.705,74.2433,28.6,Moderate,26.9,90.8,Monsoon,0,Unknown,14,569,740.0,11.75,6241,High,2024,7,July,No Flood,Normal,Moderate,No Flood
2024-07-13,Kolhapur,Maharashtra,16.705,74.2433,12.1,Moderate,24.4,93.2,Monsoon,0,Unknown,14,569,358.7,8.34,6199,Moderate,2024,7,July,No Flood,Normal,Light,No Flood
2024-07-13,Ratnagiri,Maharashtra,16.9902,73.312,16.5,Moderate,26.2,80.5,Monsoon,0,Unknown,15,11,461.2,3.21,1705,Moderate,2024,7,July,No Flood,Normal,Light,No Flood
2024-07-13,Sangli,Maharashtra,16.8524,74.5815,32.0,Moderate,25.9,91.7,Monsoon,0,Unknown,13,549,792.9,10.74,5230,High,2024,7,July,No Flood,Normal,Moderate,No Flood
2024-07-14,Kolhapur,Maharashtra,16.705,74.2433,6.7,Light,21.4,95.9,Monsoon,0,Unknown,14,569,313.4,7.86,6200,Moderate,2024,7,July,No Flood,Normal,Light,No Flood
2024-07-14,Pune,Maharashtra,18.5204,73.8567,19.1,Moderate,23.6,93.8,Monsoon,0,Unknown,11,560,447.4,7.0,10084,Moderate,2024,7,July,No Flood,Normal,Light,No Flood
2024-07-14,Ratnagiri,Maharashtra,16.9902,73.312,0.0,No Rain,28.3,91.1,Monsoon,0,Unknown,15,11,226.8,2.43,1716,Low,2024,7,July,No Flood,Normal,No Rain,No Flood
2024-07-14,Ratnagiri,Maharashtra,16.9902,73.312,110.4,Very Heavy,24.8,96.6,Monsoon,1,Very High,15,11,4351.9,7.97,1690,Very High,2024,7,July,Flood,Extreme,Very Heavy,July
2024-07-15,Ratnagiri,Maharashtra,16.9902,73.312,51.7,Heavy,26.8,92.5,Monsoon,1,Very High,15,11,1645.2,7.21,1712,Very High,2024,7,July,Flood,Normal,Heavy,July
2024-07-15,Nashik,Maharashtra,19.9975,73.7898,54.2,Heavy,29.3,93.0,Monsoon,1,Very High,8,600,1763.7,14.79,4418,Very High,2024,7,July,Flood,Normal,Heavy,July
2024-07-15,Sangli,Maharashtra,16.8524,74.5815,9.8,Moderate,19.3,79.9,Monsoon,0,Unknown,13,549,351.0,7.37,5239,Moderate,2024,7,July,No Flood,Normal,Light,No Flood
2024-07-15,Mumbai,Maharashtra,19.076,72.8777,0.0,No Rain,28.0,85.6,Monsoon,0,Unknown,20,8,141.9,2.11,22493,Low,2024,7,July,No Flood,Normal,No Rain,No Flood
2024-07-15,Belagavi,Karnataka,15.8497,74.4977,6.7,Light,25.4,73.0,Monsoon,0,Unknown,10,762,243.1,5.96,3319,Low,2024,7,July,No Flood,Normal,Light,No Flood
2024-07-15,Mumbai,Maharashtra,19.076,72.8777,17.5,Moderate,24.3,87.5,Monsoon,0,Unknown,20,8,457.1,3.94,22507,High,2024,7,July,No Flood,Normal,Light,No Flood
2024-07-16,Nagpur,Maharashtra,21.1458,79.0882,25.3,Moderate,25.5,87.9,Monsoon,0,Unknown,8,310,519.3,6.57,5473,Moderate,2024,7,July,No Flood,Normal,Moderate,No Flood
2024-07-16,Pune,Maharashtra,18.5204,73.8567,58.3,Heavy,24.3,92.3,Monsoon,1,Very High,11,560,1324.1,11.84,10046,Very High,2024,7,July,Flood,Normal,Heavy,July
2024-07-16,Raigad,Maharashtra,18.5158,73.1822,6.3,Light,28.6,81.5,Monsoon,0,Unknown,16,45,336.7,3.04,1935,Moderate,2024,7,July,No Flood,Normal,Light,No Flood
2024-07-17,Mumbai,Maharashtra,19.076,72.8777,48.7,Heavy,25.5,87.5,Monsoon,1,Very High,20,8,1552.2,6.96,22487,Very High,2024,7,July,Flood,Normal,Moderate,July
2024-07-17,Pune,Maharashtra,18.5204,73.8567,0.0,No Rain,25.0,87.2,Monsoon,0,Unknown,11,560,196.1,4.37,10077,Low,2024,7,July,No Flood,Normal,No Rain,No Flood
2024-07-17,Pune,Maharashtra,18.5204,73.8567,54.7,Heavy,25.4,89.9,Monsoon,1,Very High,11,560,1764.1,13.78,10082,Very High,2024,7,July,Flood,Normal,Heavy,July
2024-07-18,Solapur,Maharashtra,17.6599,75.9064,18.1,Moderate,23.3,99.0,Monsoon,0,Unknown,7,458,425.1,8.05,4097,Moderate,2024,7,July,No Flood,Normal,Light,No Flood
2024-07-18,Satara,Maharashtra,17.6805,73.9997,48.1,Heavy,24.4,89.3,Monsoon,1,Very High,9,742,1232.7,15.0,2920,Very High,2024,7,July,Flood,Normal,Moderate,July
2024-07-18,Satara,Maharashtra,17.6805,73.9997,0.0,No Rain,24.8,80.4,Monsoon,0,Unknown,9,742,154.3,5.43,2906,Low,2024,7,July,No Flood,Normal,No Rain,No Flood
2024-07-18,Ratnagiri,Maharashtra,16.9902,73.312,20.5,Moderate,29.3,92.5,Monsoon,0,Unknown,15,11,534.1,4.09,1690,High,2024,7,July,No Flood,Normal,Moderate,No Flood
2024-07-18,Belagavi,Karnataka,15.8497,74.4977,9.3,Moderate,23.3,83.6,Monsoon,0,Unknown,10,762,274.6,6.75,3317,Moderate,2024,7,July,No Flood,Normal,Light,No Flood
2024-07-18,Kolhapur,Maharashtra,16.705,74.2433,23.8,Moderate,25.9,98.8,Monsoon,0,Unknown,14,569,582.1,10.59,6232,Moderate,2024,7,July,No Flood,Normal,Moderate,No Flood
2024-07-18,Kolhapur,Maharashtra,16.705,74.2433,29.0,Moderate,22.5,95.2,Monsoon,0,Unknown,14,569,658.0,10.93,6210,Moderate,2024,7,July,No Flood,Normal,Moderate,No Flood
2024-07-18,Mumbai,Maharashtra,19.076,72.8777,27.6,Moderate,24.2,81.5,Monsoon,0,Unknown,20,8,782.0,5.33,22521,High,2024,7,July,No Flood,Normal,Moderate,No Flood
2024-07-19,Solapur,Maharashtra,17.6599,75.9064,2.9,Light,25.6,87.6,Monsoon,0,Unknown,7,458,170.1,5.3,4060,Low,2024,7,July,No Flood,Normal,Light,No Flood
2024-07-19,Sangli,Maharashtra,16.8524,74.5815,0.0,No Rain,27.5,86.9,Monsoon,0,Unknown,13,549,279.0,6.3,5248,Low,2024,7,July,No Flood,Normal,No Rain,No Flood
2024-07-19,Nagpur,Maharashtra,21.1458,79.0882,7.5,Light,24.7,79.2,Monsoon,0,Unknown,8,310,273.9,4.51,5454,Low,2024,7,July,No Flood,Normal,Light,No Flood
2024-07-19,Pune,Maharashtra,18.5204,73.8567,174.1,Extreme,23.0,99.0,Monsoon,1,Very High,11,560,6025.6,13.78,10099,Very High,2024,7,July,Flood,Extreme,Very Heavy,July
2024-07-19,Mumbai,Maharashtra,19.076,72.8777,0.0,No Rain,27.8,85.1,Monsoon,0,Unknown,20,8,150.0,1.78,22484,Low,2024,7,July,No Flood,Normal,No Rain,No Flood
2024-07-19,Kolhapur,Maharashtra,16.705,74.2433,16.5,Moderate,25.0,86.0,Monsoon,0,Unknown,14,569,543.7,10.12,6202,Moderate,2024,7,July,No Flood,Normal,Light,No Flood
2024-07-19,Mumbai,Maharashtra,19.076,72.8777,104.0,Very Heavy,28.3,98.4,Monsoon,1,Very High,20,8,4343.0,6.96,22529,Very High,2024,7,July,Flood,Extreme,Very Heavy,July
2024-07-19,Kolhapur,Maharashtra,16.705,74.2433,16.9,Moderate,25.0,80.1,Monsoon,0,Unknown,14,569,379.9,8.48,6195,Moderate,2024,7,July,No Flood,Normal,Light,No Flood
2024-07-20,Solapur,Maharashtra,17.6599,75.9064,12.0,Moderate,22.9,83.0,Monsoon,0,Unknown,7,458,263.5,6.37,4062,Moderate,2024,7,July,No Flood,Normal,Light,No Flood
2024-07-20,Belagavi,Karnataka,15.8497,74.4977,0.0,No Rain,29.3,79.4,Monsoon,0,Unknown,10,762,167.5,5.33,3328,Low,2024,7,July,No Flood,Normal,No Rain,No Flood
2024-07-20,Pune,Maharashtra,18.5204,73.8567,11.8,Moderate,23.7,78.0,Monsoon,0,Unknown,11,560,325.6,5.59,10084,Moderate,2024,7,July,No Flood,Normal,Light,No Flood
2024-07-20,Raigad,Maharashtra,18.5158,73.1822,31.5,Moderate,28.8,95.0,Monsoon,0,Unknown,16,45,984.1,5.34,1950,High,2024,7,July,No Flood,Normal,Moderate,No Flood
2024-07-20,Sangli,Maharashtra,16.8524,74.5815,62.2,Heavy,26.1,86.8,Monsoon,1,Very High,13,549,1491.4,15.66,5277,Very High,2024,7,July,Flood,Normal,Heavy,July
2024-07-20,Solapur,Maharashtra,17.6599,75.9064,68.8,Very Heavy,29.5,98.9,Monsoon,0,Unknown,7,458,1666.6,13.05,4068,High,2024,7,July,No Flood,Extreme,Heavy,No Flood
2024-07-20,Solapur,Maharashtra,17.6599,75.9064,34.2,Moderate,29.2,83.9,Monsoon,0,Unknown,7,458,745.7,11.0,4068,High,2024,7,July,No Flood,Normal,Moderate,No Flood
2024-07-21,Sangli,Maharashtra,16.8524,74.5815,128.3,Extreme,25.0,95.8,Monsoon,1,Very High,13,549,4844.6,18.56,5235,Very High,2024,7,July,Flood,Extreme,Very Heavy,July
2024-07-21,Raigad,Maharashtra,18.5158,73.1822,65.4,Very Heavy,27.1,92.3,Monsoon,0,Unknown,16,45,1715.7,7.55,1916,Very High,2024,7,July,No Flood,Extreme,Heavy,No Flood
2024-07-21,Nashik,Maharashtra,19.9975,73.7898,16.5,Moderate,23.0,89.8,Monsoon,0,Unknown,8,600,431.4,8.35,4369,Moderate,2024,7,July,No Flood,Normal,Light,No Flood
2024-07-21,Mumbai,Maharashtra,19.076,72.8777,0.0,No Rain,26.7,70.7,Monsoon,0,Unknown,20,8,131.0,2.04,22505,Low,2024,7,July,No Flood,Normal,No Rain,No Flood
2024-07-21,Mumbai,Maharashtra,19.076,72.8777,58.4,Heavy,26.3,93.9,Monsoon,1,Very High,20,8,1854.5,6.96,22498,Very High,2024,7,July,Flood,Normal,Heavy,July
2024-07-21,Mumbai,Maharashtra,19.076,72.8777,110.6,Very Heavy,26.9,99.0,Monsoon,1,Very High,20,8,3980.7,6.96,22494,Very High,2024,7,July,Flood,Extreme,Very Heavy,July
2024-07-22,Mumbai,Maharashtra,19.076,72.8777,60.6,Heavy,27.0,94.3,Monsoon,1,Very High,20,8,1434.0,6.96,22490,Very High,2024,7,July,Flood,Normal,Heavy,July
2024-07-22,Ratnagiri,Maharashtra,16.9902,73.312,113.3,Very Heavy,27.0,99.0,Monsoon,1,Very High,15,11,3155.8,7.97,1694,Very High,2024,7,July,Flood,Extreme,Very Heavy,July
2024-07-22,Satara,Maharashtra,17.6805,73.9997,49.0,Heavy,26.2,89.7,Monsoon,1,Very High,9,742,1360.0,15.7,2923,Very High,2024,7,July,Flood,Normal,Moderate,July
2024-07-22,Mumbai,Maharashtra,19.076,72.8777,72.8,Very Heavy,25.7,83.3,Monsoon,0,Unknown,20,8,1901.7,6.96,22491,Very High,2024,7,July,No Flood,Extreme,Heavy,No Flood
2024-07-22,Kolhapur,Maharashtra,16.705,74.2433,0.0,No Rain,24.5,74.1,Monsoon,0,Unknown,14,569,196.6,5.96,6202,Low,2024,7,July,No Flood,Normal,No Rain,No Flood
2024-07-22,Kolhapur,Maharashtra,16.705,74.2433,73.5,Very Heavy,22.7,93.6,Monsoon,1,Very High,14,569,2344.1,19.57,6188,Very High,2024,7,July,Flood,Extreme,Heavy,July
2024-07-23,Kolhapur,Maharashtra,16.705,74.2433,0.0,No Rain,27.9,83.1,Monsoon,0,Unknown,14,569,193.9,5.7,6209,Low,2024,7,July,No Flood,Normal,No Rain,No Flood
2024-07-23,Nagpur,Maharashtra,21.1458,79.0882,22.8,Moderate,24.0,89.2,Monsoon,0,Unknown,8,310,672.2,7.64,5471,High,2024,7,July,No Flood,Normal,Moderate,No Flood
2024-07-23,Ratnagiri,Maharashtra,16.9902,73.312,21.7,Moderate,29.1,84.8,Monsoon,0,Unknown,15,11,519.4,3.72,1708,Moderate,2024,7,July,No Flood,Normal,Moderate,No Flood
2024-07-23,Sangli,Maharashtra,16.8524,74.5815,40.2,Heavy,25.7,98.9,Monsoon,0,Unknown,13,549,917.7,11.43,5227,High,2024,7,July,No Flood,Normal,Moderate,No Flood
2024-07-23,Sangli,Maharashtra,16.8524,74.5815,26.7,Moderate,23.5,88.1,Monsoon,0,Unknown,13,549,768.4,11.12,5227,High,2024,7,July,No Flood,Normal,Moderate,No Flood
2024-07-23,Sangli,Maharashtra,16.8524,74.5815,0.0,No Rain,26.0,91.9,Monsoon,0,Unknown,13,549,247.6,5.41,5227,Low,2024,7,July,No Flood,Normal,No Rain,No Flood
2024-07-23,Solapur,Maharashtra,17.6599,75.9064,0.0,No Rain,24.9,89.1,Monsoon,0,Unknown,7,458,115.5,3.75,4071,Low,2024,7,July,No Flood,Normal,No Rain,No Flood
2024-07-24,Satara,Maharashtra,17.6805,73.9997,15.7,Moderate,21.4,81.4,Monsoon,0,Unknown,9,742,366.1,8.21,2881,Moderate,2024,7,July,No Flood,Normal,Light,No Flood
2024-07-24,Kolhapur,Maharashtra,16.705,74.2433,34.7,Moderate,27.2,99.0,Monsoon,0,Unknown,14,569,769.1,11.78,6192,High,2024,7,July,No Flood,Normal,Moderate,No Flood
2024-07-24,Mumbai,Maharashtra,19.076,72.8777,44.8,Heavy,26.7,76.5,Monsoon,0,Unknown,20,8,959.8,6.16,22498,Very High,2024,7,July,No Flood,Normal,Moderate,No Flood
2024-07-25,Mumbai,Maharashtra,19.076,72.8777,0.0,No Rain,25.2,87.4,Monsoon,0,Unknown,20,8,168.0,2.4,22504,Low,2024,7,July,No Flood,Normal,No Rain,No Flood
2024-07-25,Pune,Maharashtra,18.5204,73.8567,0.0,No Rain,23.5,92.2,Monsoon,0,Unknown,11,560,207.2,4.9,10083,Low,2024,7,July,No Flood,Normal,No Rain,No Flood
2024-07-25,Pune,Maharashtra,18.5204,73.8567,0.0,No Rain,25.2,78.5,Monsoon,0,Unknown,11,560,167.9,4.39,10074,Low,2024,7,July,No Flood,Normal,No Rain,No Flood
2024-07-25,Ratnagiri,Maharashtra,16.9902,73.312,28.9,Moderate,24.4,93.7,Monsoon,0,Unknown,15,11,904.4,5.32,1687,High,2024,7,July,No Flood,Normal,Moderate,No Flood
2024-07-25,Ratnagiri,Maharashtra,16.9902,73.312,25.8,Moderate,24.6,96.5,Monsoon,0,Unknown,15,11,672.3,4.48,1741,High,2024,7,July,No Flood,Normal,Moderate,No Flood
2024-07-26,Sangli,Maharashtra,16.8524,74.5815,0.0,No Rain,28.4,86.0,Monsoon,0,Unknown,13,549,244.7,6.07,5251,Low,2024,7,July,No Flood,Normal,No Rain,No Flood
2024-07-26,Ratnagiri,Maharashtra,16.9902,73.312,28.0,Moderate,25.1,76.6,Monsoon,0,Unknown,15,11,720.5,5.13,1710,High,2024,7,July,No Flood,Normal,Moderate,No Flood
2024-07-26,Ratnagiri,Maharashtra,16.9902,73.312,0.0,No Rain,24.3,87.4,Monsoon,0,Unknown,15,11,244.3,2.49,1698,Low,2024,7,July,No Flood,Normal,No Rain,No Flood
2024-07-26,Panaji,Goa,15.4909,73.8278,41.4,Heavy,22.9,88.5,Monsoon,1,High,9,7,1107.7,5.46,2477,Very High,2024,7,July,Flood,Normal,Moderate,July
2024-07-27,Kolhapur,Maharashtra,16.705,74.2433,21.2,Moderate,22.3,90.4,Monsoon,0,Unknown,14,569,532.7,9.91,6212,Moderate,2024,7,July,No Flood,Normal,Moderate,No Flood
2024-07-27,Kolhapur,Maharashtra,16.705,74.2433,99.3,Very Heavy,27.1,99.0,Monsoon,1,Very High,14,569,2436.8,19.57,6218,Very High,2024,7,July,Flood,Extreme,Heavy,July
2024-07-27,Kolhapur,Maharashtra,16.705,74.2433,72.2,Very Heavy,27.5,92.0,Monsoon,1,Very High,14,569,2226.6,19.57,6191,Very High,2024,7,July,Flood,Extreme,Heavy,July
2024-07-27,Sangli,Maharashtra,16.8524,74.5815,14.0,Moderate,25.0,88.2,Monsoon,0,Unknown,13,549,504.2,8.44,5267,Moderate,2024,7,July,No Flood,Normal,Light,No Flood
2024-07-27,Satara,Maharashtra,17.6805,73.9997,0.0,No Rain,25.2,83.1,Monsoon,0,Unknown,9,742,150.3,5.11,2885,Low,2024,7,July,No Flood,Normal,No Rain,No Flood
2024-07-28,Nashik,Maharashtra,19.9975,73.7898,0.0,No Rain,23.0,89.0,Monsoon,0,Unknown,8,600,183.6,5.01,4367,Low,2024,7,July,No Flood,Normal,No Rain,No Flood
2024-07-28,Satara,Maharashtra,17.6805,73.9997,0.0,No Rain,25.4,90.1,Monsoon,0,Unknown,9,742,144.9,4.88,2910,Low,2024,7,July,No Flood,Normal,No Rain,No Flood
2024-07-28,Satara,Maharashtra,17.6805,73.9997,9.1,Moderate,22.0,85.3,Monsoon,0,Unknown,9,742,321.6,7.4,2888,Moderate,2024,7,July,No Flood,Normal,Light,No Flood
2024-07-29,Nashik,Maharashtra,19.9975,73.7898,0.0,No Rain,26.5,94.2,Monsoon,0,Unknown,8,600,174.5,5.0,4381,Low,2024,7,July,No Flood,Normal,No Rain,No Flood
2024-07-29,Nagpur,Maharashtra,21.1458,79.0882,28.8,Moderate,25.4,98.0,Monsoon,0,Unknown,8,310,760.2,8.22,5456,High,2024,7,July,No Flood,Normal,Moderate,No Flood
2024-07-29,Kolhapur,Maharashtra,16.705,74.2433,0.0,No Rain,23.6,77.4,Monsoon,0,Unknown,14,569,223.1,6.84,6236,Low,2024,7,July,No Flood,Normal,No Rain,No Flood
2024-07-29,Kolhapur,Maharashtra,16.705,74.2433,209.2,Extreme,24.9,99.0,Monsoon,1,Very High,14,569,7961.2,19.57,6230,Very High,2024,7,July,Flood,Extreme,Extreme,July
2024-07-30,Jalgaon,Maharashtra,21.0077,75.5626,17.1,Moderate,31.4,80.3,Monsoon,0,Unknown,6,209,440.0,7.11,3418,Moderate,2024,7,July,No Flood,Normal,Light,No Flood
2024-07-30,Kolhapur,Maharashtra,16.705,74.2433,29.4,Moderate,24.7,99.0,Monsoon,0,Unknown,14,569,645.1,11.12,6221,Moderate,2024,7,July,No Flood,Normal,Moderate,No Flood
2024-07-30,Kolhapur,Maharashtra,16.705,74.2433,0.0,No Rain,25.1,83.4,Monsoon,0,Unknown,14,569,187.1,6.2,6240,Low,2024,7,July,No Flood,Normal,No Rain,No Flood
2024-07-30,Mumbai,Maharashtra,19.076,72.8777,18.1,Moderate,27.9,87.8,Monsoon,0,Unknown,20,8,376.8,3.53,22520,Moderate,2024,7,July,No Flood,Normal,Light,No Flood
2024-07-31,Mumbai,Maharashtra,19.076,72.8777,23.0,Moderate,27.3,94.1,Monsoon,0,Unknown,20,8,510.6,3.95,22514,High,2024,7,July,No Flood,Normal,Moderate,No Flood
2024-07-31,Sangli,Maharashtra,16.8524,74.5815,151.9,Extreme,22.5,99.0,Monsoon,1,Very High,13,549,7010.3,18.56,5228,Very High,2024,7,July,Flood,Extreme,Very Heavy,July
2024-08-01,Sangli,Maharashtra,16.8524,74.5815,22.6,Moderate,21.5,87.8,Monsoon,0,Unknown,13,549,537.8,9.06,5241,Moderate,2024,8,August,No Flood,Normal,Moderate,No Flood
2024-08-01,Pune,Maharashtra,18.5204,73.8567,11.4,Moderate,23.5,87.8,Monsoon,0,Unknown,11,560,322.9,5.38,10097,Moderate,2024,8,August,No Flood,Normal,Light,No Flood
2024-08-01,Panaji,Goa,15.4909,73.8278,0.0,No Rain,25.8,80.3,Monsoon,0,Unknown,9,7,223.7,2.1,2461,Low,2024,8,August,No Flood,Normal,No Rain,No Flood
2024-08-01,Jalgaon,Maharashtra,21.0077,75.5626,35.9,Heavy,30.9,89.8,Monsoon,1,High,6,209,1043.7,11.25,3433,Very High,2024,8,August,Flood,Normal,Moderate,August
2024-08-01,Jalgaon,Maharashtra,21.0077,75.5626,18.1,Moderate,23.7,90.0,Monsoon,0,Unknown,6,209,326.3,6.04,3403,Moderate,2024,8,August,No Flood,Normal,Light,No Flood
2024-08-01,Kolhapur,Maharashtra,16.705,74.2433,0.0,No Rain,21.8,74.7,Monsoon,0,Unknown,14,569,197.8,5.98,6193,Low,2024,8,August,No Flood,Normal,No Rain,No Flood
2024-08-02,Jalgaon,Maharashtra,21.0077,75.5626,0.0,No Rain,25.9,76.0,Monsoon,0,Unknown,6,209,153.8,4.02,3411,Low,2024,8,August,No Flood,Normal,No Rain,No Flood
2024-08-02,Kolhapur,Maharashtra,16.705,74.2433,0.0,No Rain,22.4,86.0,Monsoon,0,Unknown,14,569,225.7,6.26,6236,Low,2024,8,August,No Flood,Normal,No Rain,No Flood
2024-08-02,Mumbai,Maharashtra,19.076,72.8777,59.5,Heavy,23.4,85.3,Monsoon,1,Very High,20,8,1273.7,6.96,22539,Very High,2024,8,August,Flood,Normal,Heavy,August
2024-08-02,Raigad,Maharashtra,18.5158,73.1822,0.0,No Rain,29.6,79.8,Monsoon,0,Unknown,16,45,263.8,3.0,1948,Moderate,2024,8,August,No Flood,Normal,No Rain,No Flood
2024-08-03,Belagavi,Karnataka,15.8497,74.4977,7.6,Moderate,24.8,85.2,Monsoon,0,Unknown,10,762,294.9,7.23,3316,Moderate,2024,8,August,No Flood,Normal,Light,No Flood
2024-08-03,Panaji,Goa,15.4909,73.8278,27.9,Moderate,26.7,89.7,Monsoon,0,Unknown,9,7,686.7,3.62,2461,High,2024,8,August,No Flood,Normal,Moderate,No Flood
2024-08-03,Pune,Maharashtra,18.5204,73.8567,8.1,Moderate,26.6,79.5,Monsoon,0,Unknown,11,560,293.4,5.17,10063,Moderate,2024,8,August,No Flood,Normal,Light,No Flood
2024-08-04,Ratnagiri,Maharashtra,16.9902,73.312,28.0,Moderate,27.1,88.1,Monsoon,1,Moderate,15,11,693.8,4.56,1722,High,2024,8,August,Flood,Normal,Moderate,August
2024-08-04,Sangli,Maharashtra,16.8524,74.5815,0.0,No Rain,27.6,84.9,Monsoon,0,Unknown,13,549,261.9,6.35,5269,Low,2024,8,August,No Flood,Normal,No Rain,No Flood
2024-08-04,Sangli,Maharashtra,16.8524,74.5815,0.0,No Rain,22.5,81.1,Monsoon,0,Unknown,13,549,265.2,5.91,5262,Low,2024,8,August,No Flood,Normal,No Rain,No Flood
2024-08-04,Sangli,Maharashtra,16.8524,74.5815,7.4,Light,22.4,84.2,Monsoon,0,Unknown,13,549,376.8,7.51,5226,Moderate,2024,8,August,No Flood,Normal,Light,No Flood
2024-08-04,Satara,Maharashtra,17.6805,73.9997,17.3,Moderate,25.2,88.4,Monsoon,0,Unknown,9,742,440.2,8.44,2918,Moderate,2024,8,August,No Flood,Normal,Light,No Flood
2024-08-05,Ratnagiri,Maharashtra,16.9902,73.312,5.3,Light,27.0,83.2,Monsoon,0,Unknown,15,11,279.7,2.88,1722,Moderate,2024,8,August,No Flood,Normal,Light,No Flood
2024-08-05,Raigad,Maharashtra,18.5158,73.1822,0.0,No Rain,25.7,91.9,Monsoon,0,Unknown,16,45,281.2,3.16,1956,Moderate,2024,8,August,No Flood,Normal,No Rain,No Flood
2024-08-05,Satara,Maharashtra,17.6805,73.9997,32.0,Moderate,24.5,93.2,Monsoon,0,Unknown,9,742,633.7,10.37,2918,Moderate,2024,8,August,No Flood,Normal,Moderate,No Flood
2024-08-05,Sangli,Maharashtra,16.8524,74.5815,16.4,Moderate,24.3,77.3,Monsoon,0,Unknown,13,549,527.1,8.9,5232,Moderate,2024,8,August,No Flood,Normal,Light,No Flood
2024-08-05,Pune,Maharashtra,18.5204,73.8567,44.3,Heavy,19.1,87.8,Monsoon,1,High,11,560,1131.6,10.91,10076,Very High,2024,8,August,Flood,Normal,Moderate,August
2024-08-05,Mumbai,Maharashtra,19.076,72.8777,39.8,Heavy,22.4,89.1,Monsoon,1,High,20,8,906.4,6.03,22520,Very High,2024,8,August,Flood,Normal,Moderate,August
2024-08-05,Mumbai,Maharashtra,19.076,72.8777,125.7,Extreme,25.3,97.7,Monsoon,1,Very High,20,8,4243.2,6.96,22490,Very High,2024,8,August,Flood,Extreme,Very Heavy,August
2024-08-05,Mumbai,Maharashtra,19.076,72.8777,0.0,No Rain,27.0,79.9,Monsoon,0,Unknown,20,8,179.3,2.22,22510,Low,2024,8,August,No Flood,Normal,No Rain,No Flood
2024-08-05,Kolhapur,Maharashtra,16.705,74.2433,7.4,Light,27.2,91.5,Monsoon,0,Unknown,14,569,278.1,6.95,6210,Low,2024,8,August,No Flood,Normal,Light,No Flood
2024-08-05,Pune,Maharashtra,18.5204,73.8567,5.3,Light,26.2,85.3,Monsoon,0,Unknown,11,560,240.5,4.89,10051,Low,2024,8,August,No Flood,Normal,Light,No Flood
2024-08-06,Mumbai,Maharashtra,19.076,72.8777,122.1,Very Heavy,28.2,92.3,Monsoon,1,Very High,20,8,4266.3,6.96,22498,Very High,2024,8,August,Flood,Extreme,Very Heavy,August
2024-08-06,Solapur,Maharashtra,17.6599,75.9064,5.3,Light,24.6,86.5,Monsoon,0,Unknown,7,458,190.6,5.42,4091,Low,2024,8,August,No Flood,Normal,Light,No Flood
2024-08-07,Belagavi,Karnataka,15.8497,74.4977,7.3,Light,26.8,91.0,Monsoon,0,Unknown,10,762,301.0,7.1,3320,Low,2024,8,August,No Flood,Normal,Light,No Flood
2024-08-07,Mumbai,Maharashtra,19.076,72.8777,186.7,Extreme,24.3,99.0,Monsoon,1,Very High,20,8,9630.0,6.96,22506,Very High,2024,8,August,Flood,Extreme,Very Heavy,August
2024-08-07,Pune,Maharashtra,18.5204,73.8567,72.5,Very Heavy,24.6,90.7,Monsoon,1,Very High,11,560,1810.7,13.78,10086,Very High,2024,8,August,Flood,Extreme,Heavy,August
2024-08-07,Raigad,Maharashtra,18.5158,73.1822,111.6,Very Heavy,25.6,99.0,Monsoon,1,Very High,16,45,4684.8,8.99,1912,Very High,2024,8,August,Flood,Extreme,Very Heavy,August
2024-08-07,Solapur,Maharashtra,17.6599,75.9064,48.4,Heavy,25.0,84.1,Monsoon,0,Unknown,7,458,918.4,12.13,4089,High,2024,8,August,No Flood,Normal,Moderate,No Flood
2024-08-08,Pune,Maharashtra,18.5204,73.8567,58.1,Heavy,24.4,96.4,Monsoon,0,Unknown,11,560,2034.9,13.78,10074,High,2024,8,August,No Flood,Normal,Heavy,No Flood
2024-08-08,Satara,Maharashtra,17.6805,73.9997,0.0,No Rain,27.1,88.4,Monsoon,0,Unknown,9,742,143.3,4.81,2891,Low,2024,8,August,No Flood,Normal,No Rain,No Flood
2024-08-08,Solapur,Maharashtra,17.6599,75.9064,28.7,Moderate,22.4,75.1,Monsoon,1,Moderate,7,458,529.9,8.96,4050,High,2024,8,August,Flood,Normal,Moderate,August
2024-08-09,Sangli,Maharashtra,16.8524,74.5815,0.0,No Rain,24.7,84.6,Monsoon,0,Unknown,13,549,265.5,6.06,5247,Low,2024,8,August,No Flood,Normal,No Rain,No Flood
2024-08-09,Panaji,Goa,15.4909,73.8278,14.9,Moderate,26.0,88.8,Monsoon,0,Unknown,9,7,425.2,3.22,2445,High,2024,8,August,No Flood,Normal,Light,No Flood
2024-08-09,Raigad,Maharashtra,18.5158,73.1822,11.2,Moderate,24.1,85.6,Monsoon,0,Unknown,16,45,369.0,3.46,1943,Moderate,2024,8,August,No Flood,Normal,Light,No Flood
2024-08-09,Belagavi,Karnataka,15.8497,74.4977,28.5,Moderate,24.0,73.6,Monsoon,0,Unknown,10,762,666.4,10.82,3337,Moderate,2024,8,August,No Flood,Normal,Moderate,No Flood
2024-08-09,Mumbai,Maharashtra,19.076,72.8777,48.3,Heavy,26.5,89.6,Monsoon,0,Unknown,20,8,1237.3,6.86,22524,Very High,2024,8,August,No Flood,Normal,Moderate,No Flood
2024-08-10,Kolhapur,Maharashtra,16.705,74.2433,0.0,No Rain,28.4,81.0,Monsoon,0,Unknown,14,569,217.9,6.75,6224,Low,2024,8,August,No Flood,Normal,No Rain,No Flood
2024-08-10,Nashik,Maharashtra,19.9975,73.7898,2.1,Light,27.4,89.6,Monsoon,0,Unknown,8,600,178.4,4.65,4367,Low,2024,8,August,No Flood,Normal,Light,No Flood
2024-08-10,Ratnagiri,Maharashtra,16.9902,73.312,61.1,Heavy,27.5,99.0,Monsoon,0,Unknown,15,11,1439.5,6.82,1723,Very High,2024,8,August,No Flood,Normal,Heavy,No Flood
2024-08-10,Ratnagiri,Maharashtra,16.9902,73.312,0.0,No Rain,24.1,89.8,Monsoon,0,Unknown,15,11,215.0,2.76,1728,Low,2024,8,August,No Flood,Normal,No Rain,No Flood
2024-08-10,Satara,Maharashtra,17.6805,73.9997,15.8,Moderate,20.7,82.9,Monsoon,0,Unknown,9,742,429.1,8.23,2902,Moderate,2024,8,August,No Flood,Normal,Light,No Flood
2024-08-10,Solapur,Maharashtra,17.6599,75.9064,4.0,Light,22.9,82.5,Monsoon,0,Unknown,7,458,148.3,4.69,4057,Low,2024,8,August,No Flood,Normal,Light,No Flood
2024-08-11,Satara,Maharashtra,17.6805,73.9997,17.5,Moderate,22.6,98.7,Monsoon,0,Unknown,9,742,467.7,9.04,2878,Moderate,2024,8,August,No Flood,Normal,Light,No Flood
2024-08-11,Satara,Maharashtra,17.6805,73.9997,33.2,Moderate,23.3,93.4,Monsoon,0,Unknown,9,742,683.2,10.82,2864,High,2024,8,August,No Flood,Normal,Moderate,No Flood
2024-08-11,Sangli,Maharashtra,16.8524,74.5815,3.1,Light,22.9,96.7,Monsoon,0,Unknown,13,549,273.3,6.44,5229,Low,2024,8,August,No Flood,Normal,Light,No Flood
2024-08-11,Sangli,Maharashtra,16.8524,74.5815,0.0,No Rain,23.5,79.7,Monsoon,0,Unknown,13,549,273.0,5.74,5262,Low,2024,8,August,No Flood,Normal,No Rain,No Flood
2024-08-11,Kolhapur,Maharashtra,16.705,74.2433,20.8,Moderate,21.6,99.0,Monsoon,0,Unknown,14,569,615.0,10.85,6201,Moderate,2024,8,August,No Flood,Normal,Moderate,No Flood
2024-08-11,Pune,Maharashtra,18.5204,73.8567,0.0,No Rain,20.8,87.9,Monsoon,0,Unknown,11,560,181.9,4.46,10104,Low,2024,8,August,No Flood,Normal,No Rain,No Flood
2024-08-11,Nagpur,Maharashtra,21.1458,79.0882,0.0,No Rain,28.4,87.5,Monsoon,0,Unknown,8,310,174.4,3.84,5440,Low,2024,8,August,No Flood,Normal,No Rain,No Flood
2024-08-11,Raigad,Maharashtra,18.5158,73.1822,23.6,Moderate,25.1,91.5,Monsoon,0,Unknown,16,45,614.4,4.3,1919,High,2024,8,August,No Flood,Normal,Moderate,No Flood
2024-08-12,Pune,Maharashtra,18.5204,73.8567,8.7,Moderate,26.4,85.7,Monsoon,0,Unknown,11,560,302.7,5.38,10082,Moderate,2024,8,August,No Flood,Normal,Light,No Flood
2024-08-12,Nashik,Maharashtra,19.9975,73.7898,21.8,Moderate,27.5,95.6,Monsoon,0,Unknown,8,600,551.4,8.08,4424,Moderate,2024,8,August,No Flood,Normal,Moderate,No Flood
2024-08-12,Kolhapur,Maharashtra,16.705,74.2433,60.5,Heavy,25.1,93.5,Monsoon,1,Very High,14,569,1930.9,19.35,6234,Very High,2024,8,August,Flood,Normal,Heavy,August
2024-08-12,Kolhapur,Maharashtra,16.705,74.2433,103.1,Very Heavy,29.3,99.0,Monsoon,1,Very High,14,569,4234.6,19.57,6218,Very High,2024,8,August,Flood,Extreme,Very Heavy,August
2024-08-13,Mumbai,Maharashtra,19.076,72.8777,0.0,No Rain,23.8,75.0,Monsoon,0,Unknown,20,8,159.8,2.49,22518,Low,2024,8,August,No Flood,Normal,No Rain,No Flood
2024-08-13,Mumbai,Maharashtra,19.076,72.8777,0.0,No Rain,24.2,86.3,Monsoon,0,Unknown,20,8,139.0,2.04,22501,Low,2024,8,August,No Flood,Normal,No Rain,No Flood
2024-08-13,Pune,Maharashtra,18.5204,73.8567,77.1,Very Heavy,25.2,77.1,Monsoon,1,Very High,11,560,1779.8,13.78,10094,Very High,2024,8,August,Flood,Extreme,Heavy,August
2024-08-13,Sangli,Maharashtra,16.8524,74.5815,28.7,Moderate,23.6,95.0,Monsoon,0,Unknown,13,549,671.0,10.26,5235,Moderate,2024,8,August,No Flood,Normal,Moderate,No Flood
2024-08-14,Nashik,Maharashtra,19.9975,73.7898,9.4,Moderate,21.2,90.0,Monsoon,0,Unknown,8,600,289.6,6.38,4391,Moderate,2024,8,August,No Flood,Normal,Light,No Flood
2024-08-14,Pune,Maharashtra,18.5204,73.8567,0.0,No Rain,25.4,74.8,Monsoon,0,Unknown,11,560,207.3,4.55,10062,Low,2024,8,August,No Flood,Normal,No Rain,No Flood
2024-08-14,Raigad,Maharashtra,18.5158,73.1822,277.0,Extreme,27.4,99.0,Monsoon,1,Very High,16,45,15858.6,8.99,1922,Very High,2024,8,August,Flood,Extreme,Extreme,August
2024-08-15,Nagpur,Maharashtra,21.1458,79.0882,0.0,No Rain,26.0,96.3,Monsoon,0,Unknown,8,310,164.4,3.5,5461,Low,2024,8,August,No Flood,Normal,No Rain,No Flood
2024-08-15,Nagpur,Maharashtra,21.1458,79.0882,28.8,Moderate,24.6,81.0,Monsoon,0,Unknown,8,310,670.8,7.79,5490,High,2024,8,August,No Flood,Normal,Moderate,No Flood
2024-08-15,Nashik,Maharashtra,19.9975,73.7898,22.3,Moderate,24.0,82.7,Monsoon,0,Unknown,8,600,512.3,8.82,4380,Moderate,2024,8,August,No Flood,Normal,Moderate,No Flood
2024-08-15,Ratnagiri,Maharashtra,16.9902,73.312,29.1,Moderate,25.6,86.2,Monsoon,0,Unknown,15,11,819.7,4.79,1728,High,2024,8,August,No Flood,Normal,Moderate,No Flood
2024-08-15,Ratnagiri,Maharashtra,16.9902,73.312,25.0,Moderate,30.1,79.1,Monsoon,0,Unknown,15,11,724.6,4.65,1734,High,2024,8,August,No Flood,Normal,Moderate,No Flood
2024-08-15,Sangli,Maharashtra,16.8524,74.5815,0.0,No Rain,25.0,87.4,Monsoon,0,Unknown,13,549,254.8,5.76,5242,Low,2024,8,August,No Flood,Normal,No Rain,No Flood
2024-08-15,Satara,Maharashtra,17.6805,73.9997,30.0,Moderate,25.7,85.6,Monsoon,1,Moderate,9,742,670.2,10.81,2890,High,2024,8,August,Flood,Normal,Moderate,August
2024-08-16,Ratnagiri,Maharashtra,16.9902,73.312,0.0,No Rain,25.5,79.5,Monsoon,0,Unknown,15,11,242.8,2.75,1710,Low,2024,8,August,No Flood,Normal,No Rain,No Flood
2024-08-16,Sangli,Maharashtra,16.8524,74.5815,21.9,Moderate,25.5,78.4,Monsoon,0,Unknown,13,549,511.3,8.67,5254,Moderate,2024,8,August,No Flood,Normal,Moderate,No Flood
2024-08-16,Mumbai,Maharashtra,19.076,72.8777,0.0,No Rain,23.8,83.3,Monsoon,0,Unknown,20,8,153.0,1.8,22539,Low,2024,8,August,No Flood,Normal,No Rain,No Flood
2024-08-16,Pune,Maharashtra,18.5204,73.8567,89.3,Very Heavy,23.2,87.2,Monsoon,0,Unknown,11,560,2270.7,13.78,10073,Very High,2024,8,August,No Flood,Extreme,Heavy,No Flood
2024-08-17,Belagavi,Karnataka,15.8497,74.4977,0.0,No Rain,21.7,92.2,Monsoon,0,Unknown,10,762,190.0,5.34,3351,Low,2024,8,August,No Flood,Normal,No Rain,No Flood
2024-08-17,Kolhapur,Maharashtra,16.705,74.2433,29.9,Moderate,25.6,88.1,Monsoon,1,Moderate,14,569,890.8,13.31,6202,High,2024,8,August,Flood,Normal,Moderate,August
2024-08-17,Mumbai,Maharashtra,19.076,72.8777,49.1,Heavy,24.2,85.1,Monsoon,0,Unknown,20,8,1225.1,6.68,22511,Very High,2024,8,August,No Flood,Normal,Moderate,No Flood
2024-08-17,Mumbai,Maharashtra,19.076,72.8777,21.2,Moderate,25.0,78.0,Monsoon,0,Unknown,20,8,411.4,3.91,22517,High,2024,8,August,No Flood,Normal,Moderate,No Flood
2024-08-17,Sangli,Maharashtra,16.8524,74.5815,37.4,Heavy,19.5,93.3,Monsoon,0,Unknown,13,549,840.1,11.02,5244,High,2024,8,August,No Flood,Normal,Moderate,No Flood
2024-08-17,Sangli,Maharashtra,16.8524,74.5815,14.8,Moderate,25.7,82.3,Monsoon,0,Unknown,13,549,448.4,7.89,5280,Moderate,2024,8,August,No Flood,Normal,Light,No Flood
2024-08-18,Satara,Maharashtra,17.6805,73.9997,19.3,Moderate,23.8,81.9,Monsoon,0,Unknown,9,742,542.1,9.46,2895,Moderate,2024,8,August,No Flood,Normal,Light,No Flood
2024-08-18,Sangli,Maharashtra,16.8524,74.5815,0.0,No Rain,24.7,70.2,Monsoon,0,Unknown,13,549,260.2,5.7,5238,Low,2024,8,August,No Flood,Normal,No Rain,No Flood
2024-08-18,Raigad,Maharashtra,18.5158,73.1822,22.9,Moderate,27.6,86.4,Monsoon,0,Unknown,16,45,686.2,4.84,1958,High,2024,8,August,No Flood,Normal,Moderate,No Flood
2024-08-18,Nashik,Maharashtra,19.9975,73.7898,0.0,No Rain,21.7,80.5,Monsoon,0,Unknown,8,600,185.2,4.77,4377,Low,2024,8,August,No Flood,Normal,No Rain,No Flood
2024-08-18,Kolhapur,Maharashtra,16.705,74.2433,0.0,No Rain,22.8,86.6,Monsoon,0,Unknown,14,569,221.1,6.37,6190,Low,2024,8,August,No Flood,Normal,No Rain,No Flood
2024-08-18,Mumbai,Maharashtra,19.076,72.8777,38.2,Heavy,26.9,89.4,Monsoon,0,Unknown,20,8,969.8,5.62,22527,Very High,2024,8,August,No Flood,Normal,Moderate,No Flood
2024-08-18,Kolhapur,Maharashtra,16.705,74.2433,14.2,Moderate,23.9,77.1,Monsoon,0,Unknown,14,569,408.8,8.45,6193,Moderate,2024,8,August,No Flood,Normal,Light,No Flood
2024-08-18,Mumbai,Maharashtra,19.076,72.8777,0.0,No Rain,24.5,78.8,Monsoon,0,Unknown,20,8,163.8,2.18,22519,Low,2024,8,August,No Flood,Normal,No Rain,No Flood
2024-08-19,Raigad,Maharashtra,18.5158,73.1822,32.1,Moderate,29.4,89.4,Monsoon,0,Unknown,16,45,724.0,5.2,1907,High,2024,8,August,No Flood,Normal,Moderate,No Flood
2024-08-19,Kolhapur,Maharashtra,16.705,74.2433,89.9,Very Heavy,22.4,88.3,Monsoon,1,Very High,14,569,2383.0,19.57,6244,Very High,2024,8,August,Flood,Extreme,Heavy,August
2024-08-19,Nagpur,Maharashtra,21.1458,79.0882,18.6,Moderate,27.3,84.3,Monsoon,0,Unknown,8,310,390.7,6.25,5483,Moderate,2024,8,August,No Flood,Normal,Light,No Flood
2024-08-19,Satara,Maharashtra,17.6805,73.9997,9.6,Moderate,25.9,81.3,Monsoon,0,Unknown,9,742,295.8,7.35,2895,Moderate,2024,8,August,No Flood,Normal,Light,No Flood
2024-08-20,Nagpur,Maharashtra,21.1458,79.0882,0.0,No Rain,21.9,84.5,Monsoon,0,Unknown,8,310,204.9,3.97,5470,Low,2024,8,August,No Flood,Normal,No Rain,No Flood
2024-08-20,Mumbai,Maharashtra,19.076,72.8777,31.8,Moderate,22.2,95.7,Monsoon,0,Unknown,20,8,792.8,5.48,22512,Very High,2024,8,August,No Flood,Normal,Moderate,No Flood
2024-08-21,Kolhapur,Maharashtra,16.705,74.2433,33.7,Moderate,27.3,95.0,Monsoon,0,Unknown,14,569,969.3,14.31,6223,High,2024,8,August,No Flood,Normal,Moderate,No Flood
2024-08-21,Mumbai,Maharashtra,19.076,72.8777,27.2,Moderate,27.1,87.8,Monsoon,0,Unknown,20,8,722.4,5.1,22517,High,2024,8,August,No Flood,Normal,Moderate,No Flood
2024-08-21,Nagpur,Maharashtra,21.1458,79.0882,128.5,Extreme,26.1,91.1,Monsoon,1,Very High,8,310,4034.5,12.32,5450,Very High,2024,8,August,Flood,Extreme,Very Heavy,August
2024-08-21,Sangli,Maharashtra,16.8524,74.5815,67.0,Very Heavy,26.1,97.8,Monsoon,1,Very High,13,549,2237.5,18.39,5230,Very High,2024,8,August,Flood,Extreme,Heavy,August
2024-08-22,Mumbai,Maharashtra,19.076,72.8777,90.6,Very Heavy,27.1,99.0,Monsoon,1,Very High,20,8,2542.2,6.96,22495,Very High,2024,8,August,Flood,Extreme,Heavy,August
2024-08-22,Pune,Maharashtra,18.5204,73.8567,0.0,No Rain,25.6,84.1,Monsoon,0,Unknown,11,560,197.4,4.54,10050,Low,2024,8,August,No Flood,Normal,No Rain,No Flood
2024-08-22,Raigad,Maharashtra,18.5158,73.1822,1.5,Light,23.9,79.0,Monsoon,0,Unknown,16,45,253.2,2.89,1910,Moderate,2024,8,August,No Flood,Normal,Light,No Flood
2024-08-23,Sangli,Maharashtra,16.8524,74.5815,10.3,Moderate,23.6,77.6,Monsoon,0,Unknown,13,549,339.5,6.72,5249,Moderate,2024,8,August,No Flood,Normal,Light,No Flood
2024-08-23,Raigad,Maharashtra,18.5158,73.1822,23.0,Moderate,27.8,94.1,Monsoon,0,Unknown,16,45,577.5,4.93,1914,High,2024,8,August,No Flood,Normal,Moderate,No Flood
2024-08-23,Nashik,Maharashtra,19.9975,73.7898,33.0,Moderate,25.5,96.9,Monsoon,0,Unknown,8,600,654.0,9.49,4389,Moderate,2024,8,August,No Flood,Normal,Moderate,No Flood
2024-08-23,Mumbai,Maharashtra,19.076,72.8777,96.3,Very Heavy,26.4,99.0,Monsoon,1,Very High,20,8,2387.5,6.96,22524,Very High,2024,8,August,Flood,Extreme,Heavy,August
2024-08-23,Pune,Maharashtra,18.5204,73.8567,18.8,Moderate,24.3,79.0,Monsoon,0,Unknown,11,560,572.8,7.52,10091,Moderate,2024,8,August,No Flood,Normal,Light,No Flood
2024-08-24,Raigad,Maharashtra,18.5158,73.1822,84.5,Very Heavy,22.0,94.4,Monsoon,1,Very High,16,45,2390.6,8.99,1938,Very High,2024,8,August,Flood,Extreme,Heavy,August
2024-08-24,Ratnagiri,Maharashtra,16.9902,73.312,18.9,Moderate,21.9,73.9,Monsoon,0,Unknown,15,11,501.4,3.98,1735,High,2024,8,August,No Flood,Normal,Light,No Flood
2024-08-25,Nashik,Maharashtra,19.9975,73.7898,0.0,No Rain,20.7,94.1,Monsoon,0,Unknown,8,600,165.8,4.6,4417,Low,2024,8,August,No Flood,Normal,No Rain,No Flood
2024-08-25,Ratnagiri,Maharashtra,16.9902,73.312,112.7,Very Heavy,26.9,99.0,Monsoon,1,Very High,15,11,4239.3,7.97,1693,Very High,2024,8,August,Flood,Extreme,Very Heavy,August
2024-08-26,Solapur,Maharashtra,17.6599,75.9064,39.9,Heavy,27.5,80.3,Monsoon,0,Unknown,7,458,1009.7,12.75,4066,High,2024,8,August,No Flood,Normal,Moderate,No Flood
2024-08-26,Satara,Maharashtra,17.6805,73.9997,4.1,Light,23.4,81.9,Monsoon,0,Unknown,9,742,209.0,6.17,2871,Low,2024,8,August,No Flood,Normal,Light,No Flood
2024-08-26,Panaji,Goa,15.4909,73.8278,40.0,Heavy,24.7,83.3,Monsoon,1,Moderate,9,7,853.9,3.95,2466,High,2024,8,August,Flood,Normal,Moderate,August
2024-08-26,Mumbai,Maharashtra,19.076,72.8777,31.5,Moderate,29.7,81.3,Monsoon,0,Unknown,20,8,699.3,5.04,22541,High,2024,8,August,No Flood,Normal,Moderate,No Flood
2024-08-27,Mumbai,Maharashtra,19.076,72.8777,48.4,Heavy,29.5,91.0,Monsoon,1,High,20,8,1088.8,6.13,22517,Very High,2024,8,August,Flood,Normal,Moderate,August
2024-08-27,Mumbai,Maharashtra,19.076,72.8777,107.3,Very Heavy,26.5,99.0,Monsoon,1,Very High,20,8,4465.5,6.96,22527,Very High,2024,8,August,Flood,Extreme,Very Heavy,August
2024-08-27,Pune,Maharashtra,18.5204,73.8567,11.6,Moderate,22.8,87.4,Monsoon,0,Unknown,11,560,336.2,5.84,10083,Moderate,2024,8,August,No Flood,Normal,Light,No Flood
2024-08-28,Belagavi,Karnataka,15.8497,74.4977,43.7,Heavy,22.4,83.1,Monsoon,0,Unknown,10,762,979.7,13.09,3342,High,2024,8,August,No Flood,Normal,Moderate,No Flood
2024-08-28,Mumbai,Maharashtra,19.076,72.8777,25.1,Moderate,23.0,72.5,Monsoon,0,Unknown,20,8,682.8,5.43,22532,Very High,2024,8,August,No Flood,Normal,Moderate,No Flood
2024-08-28,Mumbai,Maharashtra,19.076,72.8777,28.7,Moderate,27.7,82.6,Monsoon,1,Moderate,20,8,636.4,4.83,22485,High,2024,8,August,Flood,Normal,Moderate,August
2024-08-28,Sangli,Maharashtra,16.8524,74.5815,37.0,Heavy,24.2,87.4,Monsoon,0,Unknown,13,549,876.3,11.3,5243,High,2024,8,August,No Flood,Normal,Moderate,No Flood
2024-08-29,Satara,Maharashtra,17.6805,73.9997,38.4,Heavy,23.4,95.5,Monsoon,1,High,9,742,837.1,12.01,2889,Very High,2024,8,August,Flood,Normal,Moderate,August
2024-08-29,Satara,Maharashtra,17.6805,73.9997,18.8,Moderate,27.2,93.8,Monsoon,0,Unknown,9,742,376.1,7.8,2876,Moderate,2024,8,August,No Flood,Normal,Light,No Flood
2024-08-30,Mumbai,Maharashtra,19.076,72.8777,20.7,Moderate,26.2,85.0,Monsoon,0,Unknown,20,8,475.1,4.29,22486,High,2024,8,August,No Flood,Normal,Moderate,No Flood
2024-08-30,Mumbai,Maharashtra,19.076,72.8777,316.1,Extreme,27.1,99.0,Monsoon,1,Very High,20,8,19288.9,6.96,22510,Very High,2024,8,August,Flood,Extreme,Extreme,August
2024-08-30,Nagpur,Maharashtra,21.1458,79.0882,11.9,Moderate,22.9,94.6,Monsoon,0,Unknown,8,310,380.6,6.03,5461,Moderate,2024,8,August,No Flood,Normal,Light,No Flood
2024-08-30,Nashik,Maharashtra,19.9975,73.7898,0.0,No Rain,25.7,85.4,Monsoon,0,Unknown,8,600,177.4,5.16,4382,Low,2024,8,August,No Flood,Normal,No Rain,No Flood
2024-08-30,Panaji,Goa,15.4909,73.8278,67.0,Very Heavy,21.8,77.9,Monsoon,0,Unknown,9,7,2228.7,6.52,2486,Very High,2024,8,August,No Flood,Extreme,Heavy,No Flood
2024-08-30,Sangli,Maharashtra,16.8524,74.5815,0.0,No Rain,23.0,72.3,Monsoon,0,Unknown,13,549,260.9,5.62,5237,Low,2024,8,August,No Flood,Normal,No Rain,No Flood
2024-08-30,Sangli,Maharashtra,16.8524,74.5815,0.0,No Rain,27.4,91.0,Monsoon,0,Unknown,13,549,279.4,6.05,5253,Low,2024,8,August,No Flood,Normal,No Rain,No Flood
2024-08-31,Satara,Maharashtra,17.6805,73.9997,38.1,Heavy,25.0,99.0,Monsoon,1,High,9,742,1080.5,13.46,2894,Very High,2024,8,August,Flood,Normal,Moderate,August
2024-08-31,Ratnagiri,Maharashtra,16.9902,73.312,55.1,Heavy,24.8,95.1,Monsoon,1,Very High,15,11,1403.5,6.59,1709,Very High,2024,8,August,Flood,Normal,Heavy,August
2024-08-31,Belagavi,Karnataka,15.8497,74.4977,14.8,Moderate,23.2,80.8,Monsoon,0,Unknown,10,762,405.9,8.34,3337,Moderate,2024,8,August,No Flood,Normal,Light,No Flood
2024-08-31,Nagpur,Maharashtra,21.1458,79.0882,21.0,Moderate,22.7,84.5,Monsoon,0,Unknown,8,310,509.7,6.45,5438,Moderate,2024,8,August,No Flood,Normal,Moderate,No Flood
2024-08-31,Pune,Maharashtra,18.5204,73.8567,28.1,Moderate,25.5,89.7,Monsoon,1,Moderate,11,560,854.5,9.66,10101,High,2024,8,August,Flood,Normal,Moderate,August
2024-09-01,Belagavi,Karnataka,15.8497,74.4977,39.0,Heavy,24.4,85.0,Monsoon,1,High,10,762,1179.5,14.36,3344,Very High,2024,9,September,Flood,Normal,Moderate,September
2024-09-01,Nashik,Maharashtra,19.9975,73.7898,12.0,Moderate,24.9,85.7,Monsoon,0,Unknown,8,600,372.6,7.32,4423,Moderate,2024,9,September,No Flood,Normal,Light,No Flood
2024-09-01,Panaji,Goa,15.4909,73.8278,0.0,No Rain,31.7,86.9,Monsoon,0,Unknown,9,7,218.1,2.24,2481,Low,2024,9,September,No Flood,Normal,No Rain,No Flood
2024-09-01,Satara,Maharashtra,17.6805,73.9997,0.0,No Rain,22.6,75.0,Monsoon,0,Unknown,9,742,190.2,5.59,2886,Low,2024,9,September,No Flood,Normal,No Rain,No Flood
2024-09-02,Kolhapur,Maharashtra,16.705,74.2433,0.0,No Rain,22.4,88.4,Monsoon,0,Unknown,14,569,197.1,5.63,6223,Low,2024,9,September,No Flood,Normal,No Rain,No Flood
2024-09-02,Satara,Maharashtra,17.6805,73.9997,81.9,Very Heavy,23.1,98.7,Monsoon,1,Very High,9,742,2107.7,15.95,2922,Very High,2024,9,September,Flood,Extreme,Heavy,September
2024-09-03,Pune,Maharashtra,18.5204,73.8567,35.3,Moderate,22.2,99.0,Monsoon,0,Unknown,11,560,1038.6,10.59,10102,High,2024,9,September,No Flood,Normal,Moderate,No Flood
2024-09-03,Ratnagiri,Maharashtra,16.9902,73.312,22.3,Moderate,26.8,92.9,Monsoon,0,Unknown,15,11,543.9,3.45,1726,Moderate,2024,9,September,No Flood,Normal,Moderate,No Flood
2024-09-04,Ratnagiri,Maharashtra,16.9902,73.312,15.1,Moderate,29.0,76.1,Monsoon,0,Unknown,15,11,483.8,3.91,1685,High,2024,9,September,No Flood,Normal,Light,No Flood
2024-09-04,Kolhapur,Maharashtra,16.705,74.2433,18.1,Moderate,24.6,83.1,Monsoon,0,Unknown,14,569,515.3,9.78,6206,Moderate,2024,9,September,No Flood,Normal,Light,No Flood
2024-09-04,Nagpur,Maharashtra,21.1458,79.0882,21.2,Moderate,28.6,97.6,Monsoon,0,Unknown,8,310,513.0,6.37,5493,Moderate,2024,9,September,No Flood,Normal,Moderate,No Flood
2024-09-05,Jalgaon,Maharashtra,21.0077,75.5626,7.6,Moderate,25.4,84.6,Monsoon,0,Unknown,6,209,209.1,4.81,3433,Low,2024,9,September,No Flood,Normal,Light,No Flood
2024-09-05,Kolhapur,Maharashtra,16.705,74.2433,0.0,No Rain,21.8,78.1,Monsoon,0,Unknown,14,569,206.8,6.21,6211,Low,2024,9,September,No Flood,Normal,No Rain,No Flood
2024-09-05,Mumbai,Maharashtra,19.076,72.8777,8.0,Moderate,22.0,84.5,Monsoon,0,Unknown,20,8,257.0,2.94,22526,Moderate,2024,9,September,No Flood,Normal,Light,No Flood
2024-09-06,Panaji,Goa,15.4909,73.8278,22.4,Moderate,24.3,78.6,Monsoon,0,Unknown,9,7,565.2,3.88,2485,High,2024,9,September,No Flood,Normal,Moderate,No Flood
2024-09-07,Mumbai,Maharashtra,19.076,72.8777,59.2,Heavy,30.3,94.0,Monsoon,1,Very High,20,8,2028.4,6.96,22506,Very High,2024,9,September,Flood,Normal,Heavy,September
2024-09-07,Kolhapur,Maharashtra,16.705,74.2433,17.4,Moderate,24.0,77.0,Monsoon,0,Unknown,14,569,418.6,8.38,6202,Moderate,2024,9,September,No Flood,Normal,Light,No Flood
2024-09-08,Satara,Maharashtra,17.6805,73.9997,19.8,Moderate,21.5,92.2,Monsoon,0,Unknown,9,742,366.2,7.65,2890,Moderate,2024,9,September,No Flood,Normal,Light,No Flood
2024-09-08,Raigad,Maharashtra,18.5158,73.1822,34.4,Moderate,25.9,85.5,Monsoon,1,High,16,45,997.1,5.9,1921,Very High,2024,9,September,Flood,Normal,Moderate,September
2024-09-08,Sangli,Maharashtra,16.8524,74.5815,11.9,Moderate,22.9,89.3,Monsoon,0,Unknown,13,549,403.7,7.24,5265,Moderate,2024,9,September,No Flood,Normal,Light,No Flood
2024-09-09,Belagavi,Karnataka,15.8497,74.4977,6.2,Light,25.3,82.3,Monsoon,0,Unknown,10,762,272.0,6.56,3317,Low,2024,9,September,No Flood,Normal,Light,No Flood
2024-09-09,Kolhapur,Maharashtra,16.705,74.2433,0.0,No Rain,23.0,76.1,Monsoon,0,Unknown,14,569,203.4,5.95,6230,Low,2024,9,September,No Flood,Normal,No Rain,No Flood
2024-09-09,Nashik,Maharashtra,19.9975,73.7898,51.4,Heavy,27.5,87.2,Monsoon,1,Very High,8,600,1202.4,12.59,4402,Very High,2024,9,September,Flood,Normal,Heavy,September
2024-09-09,Sangli,Maharashtra,16.8524,74.5815,95.0,Very Heavy,20.8,97.0,Monsoon,1,Very High,13,549,2494.7,18.56,5261,Very High,2024,9,September,Flood,Extreme,Heavy,September
2024-09-10,Kolhapur,Maharashtra,16.705,74.2433,12.3,Moderate,25.5,82.0,Monsoon,0,Unknown,14,569,383.6,8.63,6231,Moderate,2024,9,September,No Flood,Normal,Light,No Flood
2024-09-10,Pune,Maharashtra,18.5204,73.8567,28.6,Moderate,24.8,91.8,Monsoon,0,Unknown,11,560,605.6,8.11,10054,High,2024,9,September,No Flood,Normal,Moderate,No Flood
2024-09-10,Pune,Maharashtra,18.5204,73.8567,211.3,Extreme,23.5,99.0,Monsoon,1,Very High,11,560,6981.6,13.78,10073,Very High,2024,9,September,Flood,Extreme,Extreme,September
2024-09-10,Raigad,Maharashtra,18.5158,73.1822,23.0,Moderate,23.9,79.5,Monsoon,0,Unknown,16,45,609.9,4.15,1950,Moderate,2024,9,September,No Flood,Normal,Moderate,No Flood
2024-09-11,Raigad,Maharashtra,18.5158,73.1822,0.0,No Rain,26.3,90.2,Monsoon,0,Unknown,16,45,265.4,2.96,1941,Moderate,2024,9,September,No Flood,Normal,No Rain,No Flood
2024-09-12,Jalgaon,Maharashtra,21.0077,75.5626,0.0,No Rain,23.4,91.9,Monsoon,0,Unknown,6,209,112.6,3.82,3440,Low,2024,9,September,No Flood,Normal,No Rain,No Flood
2024-09-12,Nashik,Maharashtra,19.9975,73.7898,50.1,Heavy,31.4,94.5,Monsoon,0,Unknown,8,600,1521.3,14.79,4377,High,2024,9,September,No Flood,Normal,Heavy,No Flood
2024-09-12,Raigad,Maharashtra,18.5158,73.1822,0.0,No Rain,24.8,85.2,Monsoon,0,Unknown,16,45,293.3,2.92,1936,Moderate,2024,9,September,No Flood,Normal,No Rain,No Flood
2024-09-13,Raigad,Maharashtra,18.5158,73.1822,304.8,Extreme,27.2,99.0,Monsoon,1,Very High,16,45,17188.0,8.99,1943,Very High,2024,9,September,Flood,Extreme,Extreme,September
2024-09-13,Jalgaon,Maharashtra,21.0077,75.5626,0.0,No Rain,25.8,84.1,Monsoon,0,Unknown,6,209,129.2,3.91,3418,Low,2024,9,September,No Flood,Normal,No Rain,No Flood
2024-09-13,Sangli,Maharashtra,16.8524,74.5815,0.0,No Rain,23.9,78.5,Monsoon,0,Unknown,13,549,273.2,6.51,5231,Low,2024,9,September,No Flood,Normal,No Rain,No Flood
2024-09-14,Pune,Maharashtra,18.5204,73.8567,0.0,No Rain,25.9,77.2,Monsoon,0,Unknown,11,560,187.6,4.08,10100,Low,2024,9,September,No Flood,Normal,No Rain,No Flood
2024-09-14,Belagavi,Karnataka,15.8497,74.4977,73.0,Very Heavy,22.0,92.4,Monsoon,1,Very High,10,762,2036.5,16.68,3332,Very High,2024,9,September,Flood,Extreme,Heavy,September
2024-09-15,Sangli,Maharashtra,16.8524,74.5815,95.1,Very Heavy,24.5,95.5,Monsoon,1,Very High,13,549,3609.0,18.56,5241,Very High,2024,9,September,Flood,Extreme,Heavy,September
2024-09-15,Solapur,Maharashtra,17.6599,75.9064,30.4,Moderate,23.5,87.5,Monsoon,0,Unknown,7,458,861.0,12.2,4062,High,2024,9,September,No Flood,Normal,Moderate,No Flood
2024-09-16,Kolhapur,Maharashtra,16.705,74.2433,7.5,Light,22.5,98.7,Monsoon,0,Unknown,14,569,264.0,7.0,6191,Low,2024,9,September,No Flood,Normal,Light,No Flood
2024-09-16,Kolhapur,Maharashtra,16.705,74.2433,0.0,No Rain,21.5,95.2,Monsoon,0,Unknown,14,569,191.0,5.72,6203,Low,2024,9,September,No Flood,Normal,No Rain,No Flood
2024-09-17,Kolhapur,Maharashtra,16.705,74.2433,8.5,Moderate,25.9,94.8,Monsoon,0,Unknown,14,569,292.7,7.73,6208,Moderate,2024,9,September,No Flood,Normal,Light,No Flood
2024-09-17,Kolhapur,Maharashtra,16.705,74.2433,0.0,No Rain,28.8,85.3,Monsoon,0,Unknown,14,569,211.8,5.97,6210,Low,2024,9,September,No Flood,Normal,No Rain,No Flood
2024-09-17,Sangli,Maharashtra,16.8524,74.5815,11.5,Moderate,20.8,84.9,Monsoon,0,Unknown,13,549,441.7,8.22,5248,Moderate,2024,9,September,No Flood,Normal,Light,No Flood
2024-09-18,Sangli,Maharashtra,16.8524,74.5815,172.8,Extreme,26.4,93.4,Monsoon,1,Very High,13,549,5919.5,18.56,5234,Very High,2024,9,September,Flood,Extreme,Very Heavy,September
2024-09-18,Sangli,Maharashtra,16.8524,74.5815,0.0,No Rain,25.9,83.4,Monsoon,0,Unknown,13,549,256.6,5.63,5248,Low,2024,9,September,No Flood,Normal,No Rain,No Flood
2024-09-19,Belagavi,Karnataka,15.8497,74.4977,0.0,No Rain,23.5,89.9,Monsoon,0,Unknown,10,762,179.6,5.25,3301,Low,2024,9,September,No Flood,Normal,No Rain,No Flood
2024-09-19,Mumbai,Maharashtra,19.076,72.8777,210.0,Extreme,25.9,99.0,Monsoon,1,Very High,20,8,7602.2,6.96,22486,Very High,2024,9,September,Flood,Extreme,Extreme,September
2024-09-19,Ratnagiri,Maharashtra,16.9902,73.312,0.0,No Rain,25.3,85.8,Monsoon,0,Unknown,15,11,211.6,2.45,1723,Low,2024,9,September,No Flood,Normal,No Rain,No Flood
2024-09-20,Belagavi,Karnataka,15.8497,74.4977,0.0,No Rain,26.2,87.3,Monsoon,0,Unknown,10,762,156.8,4.99,3321,Low,2024,9,September,No Flood,Normal,No Rain,No Flood
2024-09-20,Jalgaon,Maharashtra,21.0077,75.5626,131.1,Extreme,23.7,92.5,Monsoon,1,Very High,6,209,5771.0,11.6,3430,Very High,2024,9,September,Flood,Extreme,Very Heavy,September
2024-09-20,Raigad,Maharashtra,18.5158,73.1822,96.7,Very Heavy,26.6,98.7,Monsoon,1,Very High,16,45,4072.7,8.99,1928,Very High,2024,9,September,Flood,Extreme,Heavy,September
2024-09-21,Raigad,Maharashtra,18.5158,73.1822,0.0,No Rain,26.3,76.7,Monsoon,0,Unknown,16,45,272.5,3.1,1923,Moderate,2024,9,September,No Flood,Normal,No Rain,No Flood
2024-09-21,Ratnagiri,Maharashtra,16.9902,73.312,0.0,No Rain,26.8,81.8,Monsoon,0,Unknown,15,11,216.5,2.31,1725,Low,2024,9,September,No Flood,Normal,No Rain,No Flood
2024-09-21,Nashik,Maharashtra,19.9975,73.7898,3.8,Light,24.8,83.1,Monsoon,0,Unknown,8,600,203.9,5.49,4424,Low,2024,9,September,No Flood,Normal,Light,No Flood
2024-09-21,Pune,Maharashtra,18.5204,73.8567,17.2,Moderate,26.9,88.2,Monsoon,0,Unknown,11,560,485.3,7.36,10082,Moderate,2024,9,September,No Flood,Normal,Light,No Flood
2024-09-23,Mumbai,Maharashtra,19.076,72.8777,48.8,Heavy,30.4,98.2,Monsoon,0,Unknown,20,8,1147.2,6.94,22514,Very High,2024,9,September,No Flood,Normal,Moderate,No Flood
2024-09-23,Pune,Maharashtra,18.5204,73.8567,15.8,Moderate,24.4,86.4,Monsoon,0,Unknown,11,560,453.7,6.79,10089,Moderate,2024,9,September,No Flood,Normal,Light,No Flood
2024-09-23,Satara,Maharashtra,17.6805,73.9997,14.8,Moderate,27.1,80.8,Monsoon,0,Unknown,9,742,360.0,7.47,2877,Moderate,2024,9,September,No Flood,Normal,Light,No Flood
2024-09-24,Mumbai,Maharashtra,19.076,72.8777,119.0,Very Heavy,26.4,99.0,Monsoon,1,Very High,20,8,3944.8,6.96,22536,Very High,2024,9,September,Flood,Extreme,Very Heavy,September
2024-09-26,Belagavi,Karnataka,15.8497,74.4977,49.0,Heavy,25.2,97.6,Monsoon,1,Very High,10,762,1484.0,15.81,3351,Very High,2024,9,September,Flood,Normal,Moderate,September
2024-09-26,Pune,Maharashtra,18.5204,73.8567,17.0,Moderate,23.9,89.8,Monsoon,0,Unknown,11,560,491.5,7.11,10051,Moderate,2024,9,September,No Flood,Normal,Light,No Flood
2024-09-26,Solapur,Maharashtra,17.6599,75.9064,0.0,No Rain,24.8,85.9,Monsoon,0,Unknown,7,458,128.7,4.44,4047,Low,2024,9,September,No Flood,Normal,No Rain,No Flood
2024-09-27,Belagavi,Karnataka,15.8497,74.4977,36.3,Heavy,23.7,96.0,Monsoon,0,Unknown,10,762,991.8,12.87,3326,High,2024,9,September,No Flood,Normal,Moderate,No Flood
2024-09-28,Nagpur,Maharashtra,21.1458,79.0882,0.0,No Rain,25.5,70.8,Monsoon,0,Unknown,8,310,198.7,3.96,5453,Low,2024,9,September,No Flood,Normal,No Rain,No Flood
2024-09-28,Mumbai,Maharashtra,19.076,72.8777,35.8,Heavy,29.6,85.3,Monsoon,0,Unknown,20,8,1054.9,6.43,22514,Very High,2024,9,September,No Flood,Normal,Moderate,No Flood
2024-09-29,Nashik,Maharashtra,19.9975,73.7898,29.6,Moderate,24.8,79.3,Monsoon,0,Unknown,8,600,894.1,11.23,4385,High,2024,9,September,No Flood,Normal,Moderate,No Flood
2024-09-29,Raigad,Maharashtra,18.5158,73.1822,6.2,Light,28.3,78.8,Monsoon,0,Unknown,16,45,335.9,3.08,1944,Moderate,2024,9,September,No Flood,Normal,Light,No Flood
2024-09-29,Satara,Maharashtra,17.6805,73.9997,21.0,Moderate,24.1,99.0,Monsoon,0,Unknown,9,742,485.8,8.81,2919,Moderate,2024,9,September,No Flood,Normal,Moderate,No Flood
2024-09-29,Satara,Maharashtra,17.6805,73.9997,14.1,Moderate,24.8,84.0,Monsoon,0,Unknown,9,742,371.3,7.7,2894,Moderate,2024,9,September,No Flood,Normal,Light,No Flood
2024-09-30,Panaji,Goa,15.4909,73.8278,167.6,Extreme,31.5,99.0,Monsoon,1,Very High,9,7,7565.5,6.52,2469,Very High,2024,9,September,Flood,Extreme,Very Heavy,September
2024-10-01,Raigad,Maharashtra,18.5158,73.1822,0.2,Light,28.4,65.1,Post-Monsoon,0,Unknown,16,45,108.6,1.48,1954,Low,2024,10,October,No Flood,Normal,Light,No Flood
2024-10-03,Kolhapur,Maharashtra,16.705,74.2433,2.4,Light,20.5,68.3,Post-Monsoon,0,Unknown,14,569,128.4,4.97,6220,Low,2024,10,October,No Flood,Normal,Light,No Flood
2024-10-04,Pune,Maharashtra,18.5204,73.8567,0.0,No Rain,25.4,73.4,Post-Monsoon,0,Unknown,11,560,86.7,3.15,10048,Low,2024,10,October,No Flood,Normal,No Rain,No Flood
2024-10-05,Sangli,Maharashtra,16.8524,74.5815,0.0,No Rain,26.3,60.4,Post-Monsoon,0,Unknown,13,549,98.2,4.06,5251,Low,2024,10,October,No Flood,Normal,No Rain,No Flood
2024-10-05,Raigad,Maharashtra,18.5158,73.1822,0.0,No Rain,28.7,71.4,Post-Monsoon,0,Unknown,16,45,119.2,1.77,1939,Low,2024,10,October,No Flood,Normal,No Rain,No Flood
2024-10-07,Kolhapur,Maharashtra,16.705,74.2433,0.0,No Rain,22.6,69.4,Post-Monsoon,0,Unknown,14,569,70.1,3.23,6228,Low,2024,10,October,No Flood,Normal,No Rain,No Flood
2024-10-08,Kolhapur,Maharashtra,16.705,74.2433,0.0,No Rain,22.2,74.4,Post-Monsoon,0,Unknown,14,569,86.3,3.96,6188,Low,2024,10,October,No Flood,Normal,No Rain,No Flood
2024-10-08,Pune,Maharashtra,18.5204,73.8567,0.0,No Rain,24.1,62.3,Post-Monsoon,0,Unknown,11,560,76.9,3.08,10077,Low,2024,10,October,No Flood,Normal,No Rain,No Flood
2024-10-09,Kolhapur,Maharashtra,16.705,74.2433,0.0,No Rain,27.6,62.4,Post-Monsoon,0,Unknown,14,569,92.5,3.94,6205,Low,2024,10,October,No Flood,Normal,No Rain,No Flood
2024-10-09,Satara,Maharashtra,17.6805,73.9997,2.3,Light,26.2,59.0,Post-Monsoon,0,Unknown,9,742,76.0,3.89,2897,Low,2024,10,October,No Flood,Normal,Light,No Flood
2024-10-10,Kolhapur,Maharashtra,16.705,74.2433,0.0,No Rain,30.1,64.0,Post-Monsoon,0,Unknown,14,569,90.1,4.08,6208,Low,2024,10,October,No Flood,Normal,No Rain,No Flood
2024-10-10,Pune,Maharashtra,18.5204,73.8567,0.0,No Rain,24.7,63.3,Post-Monsoon,0,Unknown,11,560,69.4,2.63,10103,Low,2024,10,October,No Flood,Normal,No Rain,No Flood
2024-10-10,Sangli,Maharashtra,16.8524,74.5815,0.0,No Rain,26.2,62.8,Post-Monsoon,0,Unknown,13,549,112.9,4.13,5263,Low,2024,10,October,No Flood,Normal,No Rain,No Flood
2024-10-12,Solapur,Maharashtra,17.6599,75.9064,0.0,No Rain,21.0,48.0,Post-Monsoon,0,Unknown,7,458,42.0,2.78,4052,Low,2024,10,October,No Flood,Normal,No Rain,No Flood
2024-10-14,Mumbai,Maharashtra,19.076,72.8777,0.0,No Rain,25.5,62.7,Post-Monsoon,0,Unknown,20,8,55.3,1.47,22498,Low,2024,10,October,No Flood,Normal,No Rain,No Flood
2024-10-15,Sangli,Maharashtra,16.8524,74.5815,0.0,No Rain,23.4,64.1,Post-Monsoon,0,Unknown,13,549,106.3,3.77,5242,Low,2024,10,October,No Flood,Normal,No Rain,No Flood
2024-10-16,Belagavi,Karnataka,15.8497,74.4977,0.0,No Rain,25.2,67.5,Post-Monsoon,0,Unknown,10,762,56.2,2.83,3320,Low,2024,10,October,No Flood,Normal,No Rain,No Flood
2024-10-16,Belagavi,Karnataka,15.8497,74.4977,0.0,No Rain,24.1,69.2,Post-Monsoon,0,Unknown,10,762,68.9,3.15,3294,Low,2024,10,October,No Flood,Normal,No Rain,No Flood
2024-10-19,Sangli,Maharashtra,16.8524,74.5815,1.6,Light,25.3,55.0,Post-Monsoon,0,Unknown,13,549,137.9,4.2,5236,Low,2024,10,October,No Flood,Normal,Light,No Flood
2024-10-21,Nagpur,Maharashtra,21.1458,79.0882,0.5,Light,25.2,62.3,Post-Monsoon,0,Unknown,8,310,69.3,2.52,5484,Low,2024,10,October,No Flood,Normal,Light,No Flood
2024-10-22,Ratnagiri,Maharashtra,16.9902,73.312,0.0,No Rain,27.6,66.9,Post-Monsoon,0,Unknown,15,11,71.0,1.43,1738,Low,2024,10,October,No Flood,Normal,No Rain,No Flood
2024-10-22,Sangli,Maharashtra,16.8524,74.5815,0.0,No Rain,24.2,70.6,Post-Monsoon,0,Unknown,13,549,106.7,3.41,5256,Low,2024,10,October,No Flood,Normal,No Rain,No Flood
2024-10-23,Solapur,Maharashtra,17.6599,75.9064,1.0,Light,27.5,58.8,Post-Monsoon,0,Unknown,7,458,43.2,2.48,4060,Low,2024,10,October,No Flood,Normal,Light,No Flood
2024-10-23,Satara,Maharashtra,17.6805,73.9997,0.0,No Rain,25.7,63.3,Post-Monsoon,0,Unknown,9,742,87.1,3.75,2881,Low,2024,10,October,No Flood,Normal,No Rain,No Flood
2024-10-23,Jalgaon,Maharashtra,21.0077,75.5626,2.6,Light,26.2,64.6,Post-Monsoon,0,Unknown,6,209,65.5,2.8,3412,Low,2024,10,October,No Flood,Normal,Light,No Flood
2024-10-24,Kolhapur,Maharashtra,16.705,74.2433,1.4,Light,26.5,64.6,Post-Monsoon,0,Unknown,14,569,111.7,4.63,6206,Low,2024,10,October,No Flood,Normal,Light,No Flood
2024-10-24,Nagpur,Maharashtra,21.1458,79.0882,0.0,No Rain,30.7,65.9,Post-Monsoon,0,Unknown,8,310,54.6,2.18,5451,Low,2024,10,October,No Flood,Normal,No Rain,No Flood
2024-10-25,Kolhapur,Maharashtra,16.705,74.2433,45.8,Heavy,26.4,55.3,Post-Monsoon,1,High,14,569,1142.6,14.85,6220,Very High,2024,10,October,Flood,Normal,Moderate,October
2024-10-25,Satara,Maharashtra,17.6805,73.9997,0.0,No Rain,28.8,66.6,Post-Monsoon,0,Unknown,9,742,77.8,3.76,2874,Low,2024,10,October,No Flood,Normal,No Rain,No Flood
2024-10-26,Ratnagiri,Maharashtra,16.9902,73.312,0.0,No Rain,24.8,56.3,Post-Monsoon,0,Unknown,15,11,102.1,1.83,1694,Low,2024,10,October,No Flood,Normal,No Rain,No Flood
2024-10-27,Nagpur,Maharashtra,21.1458,79.0882,4.9,Light,27.7,56.3,Post-Monsoon,0,Unknown,8,310,109.6,2.74,5465,Low,2024,10,October,No Flood,Normal,Light,No Flood
2024-10-27,Solapur,Maharashtra,17.6599,75.9064,0.0,No Rain,26.6,62.2,Post-Monsoon,0,Unknown,7,458,41.8,2.75,4081,Low,2024,10,October,No Flood,Normal,No Rain,No Flood
2024-10-28,Panaji,Goa,15.4909,73.8278,0.0,No Rain,30.7,71.3,Post-Monsoon,0,Unknown,9,7,108.3,1.21,2444,Low,2024,10,October,No Flood,Normal,No Rain,No Flood
2024-10-29,Kolhapur,Maharashtra,16.705,74.2433,0.0,No Rain,25.3,65.6,Post-Monsoon,0,Unknown,14,569,66.4,3.61,6239,Low,2024,10,October,No Flood,Normal,No Rain,No Flood
2024-10-30,Jalgaon,Maharashtra,21.0077,75.5626,0.0,No Rain,23.7,66.2,Post-Monsoon,0,Unknown,6,209,71.0,2.78,3409,Low,2024,10,October,No Flood,Normal,No Rain,No Flood
2024-10-31,Panaji,Goa,15.4909,73.8278,0.0,No Rain,24.5,55.2,Post-Monsoon,0,Unknown,9,7,97.1,1.52,2479,Low,2024,10,October,No Flood,Normal,No Rain,No Flood
2024-11-03,Ratnagiri,Maharashtra,16.9902,73.312,0.0,No Rain,33.0,70.9,Post-Monsoon,0,Unknown,15,11,81.3,1.74,1729,Low,2024,11,November,No Flood,Normal,No Rain,No Flood
2024-11-04,Nashik,Maharashtra,19.9975,73.7898,20.2,Moderate,27.4,63.4,Post-Monsoon,0,Unknown,8,600,474.2,8.05,4421,Moderate,2024,11,November,No Flood,Normal,Moderate,No Flood
2024-11-04,Pune,Maharashtra,18.5204,73.8567,0.0,No Rain,22.8,71.4,Post-Monsoon,0,Unknown,11,560,79.7,2.44,10052,Low,2024,11,November,No Flood,Normal,No Rain,No Flood
2024-11-04,Satara,Maharashtra,17.6805,73.9997,0.0,No Rain,23.5,50.3,Post-Monsoon,0,Unknown,9,742,57.5,3.06,2872,Low,2024,11,November,No Flood,Normal,No Rain,No Flood
2024-11-05,Satara,Maharashtra,17.6805,73.9997,2.3,Light,24.4,56.4,Post-Monsoon,0,Unknown,9,742,90.6,3.15,2892,Low,2024,11,November,No Flood,Normal,Light,No Flood
2024-11-07,Satara,Maharashtra,17.6805,73.9997,0.0,No Rain,22.6,60.5,Post-Monsoon,0,Unknown,9,742,43.5,2.48,2905,Low,2024,11,November,No Flood,Normal,No Rain,No Flood
2024-11-08,Solapur,Maharashtra,17.6599,75.9064,4.0,Light,25.0,77.2,Post-Monsoon,0,Unknown,7,458,80.2,3.44,4048,Low,2024,11,November,No Flood,Normal,Light,No Flood
2024-11-08,Mumbai,Maharashtra,19.076,72.8777,4.3,Light,31.1,36.4,Post-Monsoon,0,Unknown,20,8,61.3,1.5,22495,Low,2024,11,November,No Flood,Normal,Light,No Flood
2024-11-08,Sangli,Maharashtra,16.8524,74.5815,0.0,No Rain,22.9,63.7,Post-Monsoon,0,Unknown,13,549,98.7,3.9,5261,Low,2024,11,November,No Flood,Normal,No Rain,No Flood
2024-11-10,Satara,Maharashtra,17.6805,73.9997,0.0,No Rain,29.3,78.3,Post-Monsoon,0,Unknown,9,742,36.5,2.16,2896,Low,2024,11,November,No Flood,Normal,No Rain,No Flood
2024-11-11,Ratnagiri,Maharashtra,16.9902,73.312,0.0,No Rain,32.3,57.4,Post-Monsoon,0,Unknown,15,11,91.1,1.58,1728,Low,2024,11,November,No Flood,Normal,No Rain,No Flood
2024-11-11,Sangli,Maharashtra,16.8524,74.5815,0.0,No Rain,27.0,48.0,Post-Monsoon,0,Unknown,13,549,88.1,3.75,5266,Low,2024,11,November,No Flood,Normal,No Rain,No Flood
2024-11-11,Sangli,Maharashtra,16.8524,74.5815,0.0,No Rain,22.5,71.1,Post-Monsoon,0,Unknown,13,549,94.0,3.16,5281,Low,2024,11,November,No Flood,Normal,No Rain,No Flood
2024-11-11,Solapur,Maharashtra,17.6599,75.9064,0.0,No Rain,28.2,52.7,Post-Monsoon,0,Unknown,7,458,60.2,3.53,4064,Low,2024,11,November,No Flood,Normal,No Rain,No Flood
2024-11-12,Solapur,Maharashtra,17.6599,75.9064,5.6,Light,28.9,50.8,Post-Monsoon,0,Unknown,7,458,108.9,4.24,4064,Low,2024,11,November,No Flood,Normal,Light,No Flood
2024-11-14,Kolhapur,Maharashtra,16.705,74.2433,5.1,Light,23.9,56.8,Post-Monsoon,0,Unknown,14,569,111.9,4.47,6231,Low,2024,11,November,No Flood,Normal,Light,No Flood
2024-11-15,Satara,Maharashtra,17.6805,73.9997,0.0,No Rain,23.3,70.2,Post-Monsoon,0,Unknown,9,742,49.9,2.63,2908,Low,2024,11,November,No Flood,Normal,No Rain,No Flood
2024-11-15,Kolhapur,Maharashtra,16.705,74.2433,0.0,No Rain,26.9,65.2,Post-Monsoon,0,Unknown,14,569,96.5,4.39,6221,Low,2024,11,November,No Flood,Normal,No Rain,No Flood
2024-11-16,Belagavi,Karnataka,15.8497,74.4977,59.6,Heavy,25.6,60.9,Post-Monsoon,1,Very High,10,762,1400.9,15.8,3351,Very High,2024,11,November,Flood,Normal,Heavy,November
2024-11-18,Raigad,Maharashtra,18.5158,73.1822,0.0,No Rain,28.5,60.0,Post-Monsoon,0,Unknown,16,45,117.7,2.0,1906,Low,2024,11,November,No Flood,Normal,No Rain,No Flood
2024-11-19,Raigad,Maharashtra,18.5158,73.1822,8.0,Moderate,28.1,64.4,Post-Monsoon,0,Unknown,16,45,198.7,2.39,1948,Low,2024,11,November,No Flood,Normal,Light,No Flood
2024-11-19,Sangli,Maharashtra,16.8524,74.5815,1.4,Light,28.5,55.2,Post-Monsoon,0,Unknown,13,549,116.4,3.79,5273,Low,2024,11,November,No Flood,Normal,Light,No Flood
2024-11-20,Belagavi,Karnataka,15.8497,74.4977,0.0,No Rain,24.5,79.6,Post-Monsoon,0,Unknown,10,762,82.9,3.62,3294,Low,2024,11,November,No Flood,Normal,No Rain,No Flood
2024-11-20,Ratnagiri,Maharashtra,16.9902,73.312,0.0,No Rain,28.4,73.5,Post-Monsoon,0,Unknown,15,11,112.8,1.68,1728,Low,2024,11,November,No Flood,Normal,No Rain,No Flood
2024-11-21,Solapur,Maharashtra,17.6599,75.9064,0.0,No Rain,25.7,67.2,Post-Monsoon,0,Unknown,7,458,53.2,2.96,4048,Low,2024,11,November,No Flood,Normal,No Rain,No Flood
2024-11-21,Satara,Maharashtra,17.6805,73.9997,0.0,No Rain,25.6,48.6,Post-Monsoon,0,Unknown,9,742,79.5,3.37,2886,Low,2024,11,November,No Flood,Normal,No Rain,No Flood
2024-11-21,Kolhapur,Maharashtra,16.705,74.2433,0.0,No Rain,25.3,66.7,Post-Monsoon,0,Unknown,14,569,79.0,4.17,6198,Low,2024,11,November,No Flood,Normal,No Rain,No Flood
2024-11-22,Belagavi,Karnataka,15.8497,74.4977,7.3,Light,24.7,56.9,Post-Monsoon,0,Unknown,10,762,108.8,3.9,3339,Low,2024,11,November,No Flood,Normal,Light,No Flood
2024-11-23,Pune,Maharashtra,18.5204,73.8567,0.0,No Rain,26.3,75.1,Post-Monsoon,0,Unknown,11,560,70.1,2.62,10100,Low,2024,11,November,No Flood,Normal,No Rain,No Flood
2024-11-27,Kolhapur,Maharashtra,16.705,74.2433,0.0,No Rain,26.5,66.2,Post-Monsoon,0,Unknown,14,569,59.9,3.55,6226,Low,2024,11,November,No Flood,Normal,No Rain,No Flood
2024-11-27,Mumbai,Maharashtra,19.076,72.8777,44.1,Heavy,25.1,67.5,Post-Monsoon,1,Very High,20,8,1279.1,6.59,22523,Very High,2024,11,November,Flood,Normal,Moderate,November
2024-11-28,Jalgaon,Maharashtra,21.0077,75.5626,0.0,No Rain,28.7,73.0,Post-Monsoon,0,Unknown,6,209,82.3,3.43,3439,Low,2024,11,November,No Flood,Normal,No Rain,No Flood
2024-11-30,Belagavi,Karnataka,15.8497,74.4977,51.6,Heavy,26.6,72.3,Post-Monsoon,0,Unknown,10,762,1602.3,16.45,3303,High,2024,11,November,No Flood,Normal,Heavy,No Flood
2024-11-30,Nagpur,Maharashtra,21.1458,79.0882,2.9,Light,23.8,68.7,Post-Monsoon,0,Unknown,8,310,103.4,3.08,5458,Low,2024,11,November,No Flood,Normal,Light,No Flood
2024-11-30,Raigad,Maharashtra,18.5158,73.1822,0.1,Light,28.8,56.3,Post-Monsoon,0,Unknown,16,45,107.9,1.89,1900,Low,2024,11,November,No Flood,Normal,Light,No Flood
2024-11-30,Sangli,Maharashtra,16.8524,74.5815,4.2,Light,26.7,62.5,Post-Monsoon,0,Unknown,13,549,156.5,4.51,5225,Low,2024,11,November,No Flood,Normal,Light,No Flood
2024-12-01,Belagavi,Karnataka,15.8497,74.4977,0.0,No Rain,24.0,84.0,Winter,0,Unknown,10,762,86.7,3.4,3302,Low,2024,12,December,No Flood,Normal,No Rain,No Flood
2024-12-01,Kolhapur,Maharashtra,16.705,74.2433,0.0,No Rain,24.5,58.5,Winter,0,Unknown,14,569,108.3,4.7,6227,Low,2024,12,December,No Flood,Normal,No Rain,No Flood
2024-12-02,Pune,Maharashtra,18.5204,73.8567,0.4,Light,27.3,69.1,Winter,0,Unknown,11,560,60.5,2.51,10102,Low,2024,12,December,No Flood,Normal,Light,No Flood
2024-12-04,Raigad,Maharashtra,18.5158,73.1822,0.0,No Rain,27.9,62.5,Winter,0,Unknown,16,45,119.7,2.05,1911,Low,2024,12,December,No Flood,Normal,No Rain,No Flood
2024-12-06,Raigad,Maharashtra,18.5158,73.1822,0.0,No Rain,23.4,74.6,Winter,0,Unknown,16,45,87.8,1.72,1948,Low,2024,12,December,No Flood,Normal,No Rain,No Flood
2024-12-06,Sangli,Maharashtra,16.8524,74.5815,0.0,No Rain,26.2,54.6,Winter,0,Unknown,13,549,148.6,4.45,5233,Low,2024,12,December,No Flood,Normal,No Rain,No Flood
2024-12-06,Kolhapur,Maharashtra,16.705,74.2433,3.1,Light,25.6,62.4,Winter,0,Unknown,14,569,89.4,4.02,6194,Low,2024,12,December,No Flood,Normal,Light,No Flood
2024-12-08,Mumbai,Maharashtra,19.076,72.8777,0.0,No Rain,26.8,59.0,Winter,0,Unknown,20,8,49.0,1.24,22536,Low,2024,12,December,No Flood,Normal,No Rain,No Flood
2024-12-09,Sangli,Maharashtra,16.8524,74.5815,0.0,No Rain,27.9,63.6,Winter,0,Unknown,13,549,93.5,3.6,5278,Low,2024,12,December,No Flood,Normal,No Rain,No Flood
2024-12-09,Raigad,Maharashtra,18.5158,73.1822,0.0,No Rain,28.9,68.8,Winter,0,Unknown,16,45,95.6,1.56,1944,Low,2024,12,December,No Flood,Normal,No Rain,No Flood
2024-12-11,Jalgaon,Maharashtra,21.0077,75.5626,0.0,No Rain,25.5,54.1,Winter,0,Unknown,6,209,37.9,2.21,3427,Low,2024,12,December,No Flood,Normal,No Rain,No Flood
2024-12-15,Belagavi,Karnataka,15.8497,74.4977,1.4,Light,25.4,74.8,Winter,0,Unknown,10,762,61.1,3.51,3322,Low,2024,12,December,No Flood,Normal,Light,No Flood
2024-12-15,Nashik,Maharashtra,19.9975,73.7898,0.0,No Rain,25.2,69.8,Winter,0,Unknown,8,600,70.8,3.19,4386,Low,2024,12,December,No Flood,Normal,No Rain,No Flood
2024-12-16,Kolhapur,Maharashtra,16.705,74.2433,0.3,Light,23.9,49.0,Winter,0,Unknown,14,569,77.5,3.5,6194,Low,2024,12,December,No Flood,Normal,Light,No Flood
2024-12-17,Nagpur,Maharashtra,21.1458,79.0882,0.0,No Rain,24.5,72.2,Winter,0,Unknown,8,310,70.9,2.61,5470,Low,2024,12,December,No Flood,Normal,No Rain,No Flood
2024-12-17,Raigad,Maharashtra,18.5158,73.1822,0.0,No Rain,21.6,57.6,Winter,0,Unknown,16,45,118.5,1.95,1946,Low,2024,12,December,No Flood,Normal,No Rain,No Flood
2024-12-19,Sangli,Maharashtra,16.8524,74.5815,3.5,Light,26.0,52.5,Winter,0,Unknown,13,549,101.1,3.7,5246,Low,2024,12,December,No Flood,Normal,Light,No Flood
2024-12-20,Panaji,Goa,15.4909,73.8278,0.0,No Rain,27.7,55.2,Winter,0,Unknown,9,7,75.6,1.37,2475,Low,2024,12,December,No Flood,Normal,No Rain,No Flood
2024-12-21,Pune,Maharashtra,18.5204,73.8567,0.0,No Rain,27.1,65.2,Winter,0,Unknown,11,560,78.8,3.01,10087,Low,2024,12,December,No Flood,Normal,No Rain,No Flood
2024-12-21,Satara,Maharashtra,17.6805,73.9997,0.0,No Rain,25.2,67.0,Winter,0,Unknown,9,742,89.5,3.85,2867,Low,2024,12,December,No Flood,Normal,No Rain,No Flood
2024-12-22,Mumbai,Maharashtra,19.076,72.8777,0.4,Light,28.4,66.0,Winter,0,Unknown,20,8,73.7,1.36,22504,Low,2024,12,December,No Flood,Normal,Light,No Flood
2024-12-22,Pune,Maharashtra,18.5204,73.8567,0.0,No Rain,23.8,59.6,Winter,0,Unknown,11,560,79.7,2.54,10099,Low,2024,12,December,No Flood,Normal,No Rain,No Flood
2024-12-23,Ratnagiri,Maharashtra,16.9902,73.312,0.0,No Rain,24.0,64.8,Winter,0,Unknown,15,11,99.7,1.9,1743,Low,2024,12,December,No Flood,Normal,No Rain,No Flood
2024-12-25,Solapur,Maharashtra,17.6599,75.9064,0.0,No Rain,21.7,60.3,Winter,0,Unknown,7,458,38.5,2.05,4051,Low,2024,12,December,No Flood,Normal,No Rain,No Flood
2024-12-26,Mumbai,Maharashtra,19.076,72.8777,3.9,Light,26.9,68.9,Winter,0,Unknown,20,8,96.2,1.94,22522,Low,2024,12,December,No Flood,Normal,Light,No Flood
2024-12-26,Sangli,Maharashtra,16.8524,74.5815,60.3,Heavy,26.8,70.3,Winter,1,Very High,13,549,1349.5,14.06,5255,Very High,2024,12,December,Flood,Normal,Heavy,December
2024-12-29,Mumbai,Maharashtra,19.076,72.8777,0.0,No Rain,25.9,57.5,Winter,0,Unknown,20,8,47.0,1.41,22497,Low,2024,12,December,No Flood,Normal,No Rain,No Flood
2025-01-01,Pune,Maharashtra,18.5204,73.8567,0.0,No Rain,12.9,53.9,Winter,0,Unknown,11,560,46.2,2.43,10207,Low,2025,1,January,No Flood,Normal,No Rain,No Flood
2025-01-04,Belagavi,Karnataka,15.8497,74.4977,0.0,No Rain,17.5,54.4,Winter,0,Unknown,10,762,51.0,3.04,3341,Low,2025,1,January,No Flood,Normal,No Rain,No Flood
2025-01-07,Kolhapur,Maharashtra,16.705,74.2433,0.0,No Rain,19.8,45.5,Winter,0,Unknown,14,569,106.4,4.55,6273,Low,2025,1,January,No Flood,Normal,No Rain,No Flood
2025-01-07,Solapur,Maharashtra,17.6599,75.9064,0.0,No Rain,12.0,47.2,Winter,0,Unknown,7,458,19.9,2.06,4121,Low,2025,1,January,No Flood,Normal,No Rain,No Flood
2025-01-10,Satara,Maharashtra,17.6805,73.9997,0.0,No Rain,19.4,33.5,Winter,0,Unknown,9,742,76.0,3.32,2923,Low,2025,1,January,No Flood,Normal,No Rain,No Flood
2025-01-12,Panaji,Goa,15.4909,73.8278,0.0,No Rain,22.6,57.0,Winter,0,Unknown,9,7,111.1,1.78,2492,Low,2025,1,January,No Flood,Normal,No Rain,No Flood
2025-01-12,Solapur,Maharashtra,17.6599,75.9064,0.0,No Rain,19.9,42.6,Winter,0,Unknown,7,458,47.2,2.4,4132,Low,2025,1,January,No Flood,Normal,No Rain,No Flood
2025-01-13,Kolhapur,Maharashtra,16.705,74.2433,0.0,No Rain,19.0,45.2,Winter,0,Unknown,14,569,74.3,3.41,6266,Low,2025,1,January,No Flood,Normal,No Rain,No Flood
2025-01-15,Sangli,Maharashtra,16.8524,74.5815,0.0,No Rain,18.5,47.6,Winter,0,Unknown,13,549,94.6,3.8,5332,Low,2025,1,January,No Flood,Normal,No Rain,No Flood
2025-01-16,Ratnagiri,Maharashtra,16.9902,73.312,0.0,No Rain,19.6,53.6,Winter,0,Unknown,15,11,86.5,1.87,1709,Low,2025,1,January,No Flood,Normal,No Rain,No Flood
2025-01-17,Ratnagiri,Maharashtra,16.9902,73.312,1.2,Light,22.0,52.7,Winter,0,Unknown,15,11,104.5,1.69,1749,Low,2025,1,January,No Flood,Normal,Light,No Flood
2025-01-17,Belagavi,Karnataka,15.8497,74.4977,0.0,No Rain,20.3,56.7,Winter,0,Unknown,10,762,86.2,3.63,3359,Low,2025,1,January,No Flood,Normal,No Rain,No Flood
2025-01-17,Panaji,Goa,15.4909,73.8278,0.0,No Rain,22.9,51.8,Winter,0,Unknown,9,7,102.0,1.71,2465,Low,2025,1,January,No Flood,Normal,No Rain,No Flood
2025-01-18,Kolhapur,Maharashtra,16.705,74.2433,0.0,No Rain,15.3,43.1,Winter,0,Unknown,14,569,71.8,3.33,6274,Low,2025,1,January,No Flood,Normal,No Rain,No Flood
2025-01-18,Panaji,Goa,15.4909,73.8278,0.0,No Rain,22.9,42.2,Winter,0,Unknown,9,7,78.7,1.11,2480,Low,2025,1,January,No Flood,Normal,No Rain,No Flood
2025-01-18,Satara,Maharashtra,17.6805,73.9997,0.0,No Rain,17.2,60.8,Winter,0,Unknown,9,742,68.9,3.41,2923,Low,2025,1,January,No Flood,Normal,No Rain,No Flood
2025-01-21,Kolhapur,Maharashtra,16.705,74.2433,0.0,No Rain,14.7,63.0,Winter,0,Unknown,14,569,100.8,4.42,6284,Low,2025,1,January,No Flood,Normal,No Rain,No Flood
2025-01-22,Mumbai,Maharashtra,19.076,72.8777,0.0,No Rain,20.3,55.3,Winter,0,Unknown,20,8,81.3,1.59,22788,Low,2025,1,January,No Flood,Normal,No Rain,No Flood
2025-01-22,Jalgaon,Maharashtra,21.0077,75.5626,0.0,No Rain,20.4,42.5,Winter,0,Unknown,6,209,45.1,2.57,3486,Low,2025,1,January,No Flood,Normal,No Rain,No Flood
2025-01-25,Ratnagiri,Maharashtra,16.9902,73.312,0.0,No Rain,18.9,40.8,Winter,0,Unknown,15,11,92.4,1.5,1719,Low,2025,1,January,No Flood,Normal,No Rain,No Flood
2025-01-26,Sangli,Maharashtra,16.8524,74.5815,0.0,No Rain,17.9,45.0,Winter,0,Unknown,13,549,88.0,3.48,5324,Low,2025,1,January,No Flood,Normal,No Rain,No Flood
2025-01-29,Satara,Maharashtra,17.6805,73.9997,0.0,No Rain,16.7,61.4,Winter,0,Unknown,9,742,68.7,3.49,2902,Low,2025,1,January,No Flood,Normal,No Rain,No Flood
2025-01-30,Mumbai,Maharashtra,19.076,72.8777,0.0,No Rain,19.4,54.0,Winter,0,Unknown,20,8,67.6,1.86,22755,Low,2025,1,January,No Flood,Normal,No Rain,No Flood
2025-01-30,Satara,Maharashtra,17.6805,73.9997,0.0,No Rain,16.9,41.6,Winter,0,Unknown,9,742,58.7,3.14,2932,Low,2025,1,January,No Flood,Normal,No Rain,No Flood
2025-01-31,Ratnagiri,Maharashtra,16.9902,73.312,0.0,No Rain,26.3,62.5,Winter,0,Unknown,15,11,107.2,2.46,1728,Low,2025,1,January,No Flood,Normal,No Rain,No Flood
2025-01-31,Satara,Maharashtra,17.6805,73.9997,0.0,No Rain,18.0,40.4,Winter,0,Unknown,9,742,76.7,3.33,2948,Low,2025,1,January,No Flood,Normal,No Rain,No Flood
2025-02-02,Mumbai,Maharashtra,19.076,72.8777,0.0,No Rain,24.2,44.9,Winter,0,Unknown,20,8,47.3,1.25,22742,Low,2025,2,February,No Flood,Normal,No Rain,No Flood
2025-02-02,Pune,Maharashtra,18.5204,73.8567,0.0,No Rain,18.3,54.7,Winter,0,Unknown,11,560,85.9,3.48,10210,Low,2025,2,February,No Flood,Normal,No Rain,No Flood
2025-02-03,Ratnagiri,Maharashtra,16.9902,73.312,0.0,No Rain,19.5,53.8,Winter,0,Unknown,15,11,114.9,2.05,1748,Low,2025,2,February,No Flood,Normal,No Rain,No Flood
2025-02-04,Mumbai,Maharashtra,19.076,72.8777,0.0,No Rain,20.2,42.7,Winter,0,Unknown,20,8,48.8,1.58,22747,Low,2025,2,February,No Flood,Normal,No Rain,No Flood
2025-02-06,Nagpur,Maharashtra,21.1458,79.0882,0.0,No Rain,15.4,51.4,Winter,0,Unknown,8,310,76.5,1.94,5546,Low,2025,2,February,No Flood,Normal,No Rain,No Flood
2025-02-06,Raigad,Maharashtra,18.5158,73.1822,0.0,No Rain,20.1,52.8,Winter,0,Unknown,16,45,91.1,1.89,1942,Low,2025,2,February,No Flood,Normal,No Rain,No Flood
2025-02-07,Pune,Maharashtra,18.5204,73.8567,0.0,No Rain,20.8,51.5,Winter,0,Unknown,11,560,93.2,2.25,10199,Low,2025,2,February,No Flood,Normal,No Rain,No Flood
2025-02-11,Nashik,Maharashtra,19.9975,73.7898,0.0,No Rain,19.0,55.8,Winter,0,Unknown,8,600,76.7,2.91,4428,Low,2025,2,February,No Flood,Normal,No Rain,No Flood
2025-02-12,Mumbai,Maharashtra,19.076,72.8777,0.0,No Rain,20.2,50.5,Winter,0,Unknown,20,8,53.3,1.15,22744,Low,2025,2,February,No Flood,Normal,No Rain,No Flood
2025-02-12,Raigad,Maharashtra,18.5158,73.1822,0.0,No Rain,21.6,45.9,Winter,0,Unknown,16,45,111.6,1.56,1936,Low,2025,2,February,No Flood,Normal,No Rain,No Flood
2025-02-17,Nashik,Maharashtra,19.9975,73.7898,0.0,No Rain,14.8,48.3,Winter,0,Unknown,8,600,41.0,2.5,4433,Low,2025,2,February,No Flood,Normal,No Rain,No Flood
2025-02-19,Satara,Maharashtra,17.6805,73.9997,0.0,No Rain,20.9,53.1,Winter,0,Unknown,9,742,46.1,2.43,2919,Low,2025,2,February,No Flood,Normal,No Rain,No Flood
2025-02-22,Raigad,Maharashtra,18.5158,73.1822,0.0,No Rain,22.7,40.6,Winter,0,Unknown,16,45,116.2,1.53,1937,Low,2025,2,February,No Flood,Normal,No Rain,No Flood
2025-02-23,Satara,Maharashtra,17.6805,73.9997,0.0,No Rain,16.2,46.9,Winter,0,Unknown,9,742,58.2,2.94,2936,Low,2025,2,February,No Flood,Normal,No Rain,No Flood
2025-02-26,Belagavi,Karnataka,15.8497,74.4977,0.0,No Rain,13.1,39.5,Winter,0,Unknown,10,762,51.0,2.59,3380,Low,2025,2,February,No Flood,Normal,No Rain,No Flood
2025-02-27,Sangli,Maharashtra,16.8524,74.5815,0.0,No Rain,19.1,53.5,Winter,0,Unknown,13,549,96.7,3.67,5320,Low,2025,2,February,No Flood,Normal,No Rain,No Flood
2025-03-01,Mumbai,Maharashtra,19.076,72.8777,0.0,No Rain,40.3,49.0,Summer,0,Unknown,20,8,34.1,0.81,22764,Low,2025,3,March,No Flood,Normal,No Rain,No Flood
2025-03-02,Panaji,Goa,15.4909,73.8278,0.0,No Rain,33.9,43.5,Summer,0,Unknown,9,7,107.2,1.74,2489,Low,2025,3,March,No Flood,Normal,No Rain,No Flood
2025-03-03,Ratnagiri,Maharashtra,16.9902,73.312,0.0,No Rain,33.5,40.1,Summer,0,Unknown,15,11,106.0,1.5,1719,Low,2025,3,March,No Flood,Normal,No Rain,No Flood
2025-03-04,Satara,Maharashtra,17.6805,73.9997,0.0,No Rain,31.0,51.7,Summer,0,Unknown,9,742,75.8,3.51,2951,Low,2025,3,March,No Flood,Normal,No Rain,No Flood
2025-03-07,Kolhapur,Maharashtra,16.705,74.2433,0.0,No Rain,31.5,40.1,Summer,0,Unknown,14,569,116.5,4.78,6291,Low,2025,3,March,No Flood,Normal,No Rain,No Flood
2025-03-09,Satara,Maharashtra,17.6805,73.9997,0.0,No Rain,33.8,37.8,Summer,0,Unknown,9,742,64.7,3.15,2913,Low,2025,3,March,No Flood,Normal,No Rain,No Flood
2025-03-10,Kolhapur,Maharashtra,16.705,74.2433,0.0,No Rain,31.6,45.6,Summer,0,Unknown,14,569,84.1,3.95,6285,Low,2025,3,March,No Flood,Normal,No Rain,No Flood
2025-03-12,Mumbai,Maharashtra,19.076,72.8777,0.0,No Rain,36.3,48.2,Summer,0,Unknown,20,8,61.8,1.7,22773,Low,2025,3,March,No Flood,Normal,No Rain,No Flood
2025-03-20,Ratnagiri,Maharashtra,16.9902,73.312,0.0,No Rain,35.9,48.3,Summer,0,Unknown,15,11,115.1,1.91,1752,Low,2025,3,March,No Flood,Normal,No Rain,No Flood
2025-03-21,Jalgaon,Maharashtra,21.0077,75.5626,0.0,No Rain,36.5,61.9,Summer,0,Unknown,6,209,32.9,2.41,3448,Low,2025,3,March,No Flood,Normal,No Rain,No Flood
2025-03-21,Kolhapur,Maharashtra,16.705,74.2433,22.2,Moderate,30.4,48.7,Summer,0,Unknown,14,569,365.9,8.31,6259,Moderate,2025,3,March,No Flood,Normal,Moderate,No Flood
2025-03-21,Mumbai,Maharashtra,19.076,72.8777,0.0,No Rain,37.3,42.4,Summer,0,Unknown,20,8,47.4,1.71,22735,Low,2025,3,March,No Flood,Normal,No Rain,No Flood
2025-03-21,Pune,Maharashtra,18.5204,73.8567,0.0,No Rain,34.5,39.9,Summer,0,Unknown,11,560,75.9,2.78,10207,Low,2025,3,March,No Flood,Normal,No Rain,No Flood
2025-03-21,Raigad,Maharashtra,18.5158,73.1822,0.0,No Rain,37.2,29.7,Summer,0,Unknown,16,45,105.1,2.09,1946,Low,2025,3,March,No Flood,Normal,No Rain,No Flood
2025-03-23,Raigad,Maharashtra,18.5158,73.1822,0.0,No Rain,37.7,59.9,Summer,0,Unknown,16,45,66.9,1.47,1961,Low,2025,3,March,No Flood,Normal,No Rain,No Flood
2025-03-24,Raigad,Maharashtra,18.5158,73.1822,0.0,No Rain,35.3,37.8,Summer,0,Unknown,16,45,101.7,1.55,1951,Low,2025,3,March,No Flood,Normal,No Rain,No Flood
2025-03-27,Raigad,Maharashtra,18.5158,73.1822,0.0,No Rain,40.6,39.0,Summer,0,Unknown,16,45,111.2,1.78,1968,Low,2025,3,March,No Flood,Normal,No Rain,No Flood
2025-03-28,Pune,Maharashtra,18.5204,73.8567,0.0,No Rain,32.0,50.0,Summer,0,Unknown,11,560,70.2,2.81,10171,Low,2025,3,March,No Flood,Normal,No Rain,No Flood
2025-03-29,Raigad,Maharashtra,18.5158,73.1822,0.0,No Rain,38.5,45.3,Summer,0,Unknown,16,45,123.9,2.38,1970,Low,2025,3,March,No Flood,Normal,No Rain,No Flood
2025-03-31,Sangli,Maharashtra,16.8524,74.5815,0.0,No Rain,35.1,36.6,Summer,0,Unknown,13,549,106.9,4.0,5321,Low,2025,3,March,No Flood,Normal,No Rain,No Flood
2025-04-01,Sangli,Maharashtra,16.8524,74.5815,25.5,Moderate,28.4,62.8,Summer,0,Unknown,13,549,603.2,9.66,5337,Moderate,2025,4,April,No Flood,Normal,Moderate,No Flood
2025-04-04,Belagavi,Karnataka,15.8497,74.4977,0.0,No Rain,35.0,38.8,Summer,0,Unknown,10,762,82.5,3.64,3337,Low,2025,4,April,No Flood,Normal,No Rain,No Flood
2025-04-05,Pune,Maharashtra,18.5204,73.8567,0.0,No Rain,39.4,33.3,Summer,0,Unknown,11,560,80.0,2.13,10160,Low,2025,4,April,No Flood,Normal,No Rain,No Flood
2025-04-06,Ratnagiri,Maharashtra,16.9902,73.312,0.0,No Rain,36.1,35.8,Summer,0,Unknown,15,11,74.5,1.6,1729,Low,2025,4,April,No Flood,Normal,No Rain,No Flood
2025-04-08,Pune,Maharashtra,18.5204,73.8567,0.0,No Rain,33.1,42.0,Summer,0,Unknown,11,560,74.9,3.04,10194,Low,2025,4,April,No Flood,Normal,No Rain,No Flood
2025-04-09,Kolhapur,Maharashtra,16.705,74.2433,0.0,No Rain,38.2,42.6,Summer,0,Unknown,14,569,73.5,3.21,6275,Low,2025,4,April,No Flood,Normal,No Rain,No Flood
2025-04-12,Solapur,Maharashtra,17.6599,75.9064,0.0,No Rain,34.3,36.4,Summer,0,Unknown,7,458,43.3,2.76,4108,Low,2025,4,April,No Flood,Normal,No Rain,No Flood
2025-04-14,Nagpur,Maharashtra,21.1458,79.0882,0.0,No Rain,33.2,58.7,Summer,0,Unknown,8,310,68.1,2.16,5540,Low,2025,4,April,No Flood,Normal,No Rain,No Flood
2025-04-17,Sangli,Maharashtra,16.8524,74.5815,1.1,Light,32.8,39.9,Summer,0,Unknown,13,549,123.8,4.02,5339,Low,2025,4,April,No Flood,Normal,Light,No Flood
2025-04-18,Panaji,Goa,15.4909,73.8278,0.0,No Rain,39.4,33.2,Summer,0,Unknown,9,7,87.0,1.74,2481,Low,2025,4,April,No Flood,Normal,No Rain,No Flood
2025-04-18,Satara,Maharashtra,17.6805,73.9997,0.0,No Rain,21.5,51.5,Summer,0,Unknown,9,742,81.0,3.88,2934,Low,2025,4,April,No Flood,Normal,No Rain,No Flood
2025-04-19,Mumbai,Maharashtra,19.076,72.8777,0.0,No Rain,32.5,42.5,Summer,0,Unknown,20,8,79.7,1.88,22760,Low,2025,4,April,No Flood,Normal,No Rain,No Flood
2025-04-19,Nagpur,Maharashtra,21.1458,79.0882,0.0,No Rain,34.6,52.5,Summer,0,Unknown,8,310,60.3,2.46,5527,Low,2025,4,April,No Flood,Normal,No Rain,No Flood
2025-04-20,Belagavi,Karnataka,15.8497,74.4977,0.0,No Rain,34.7,52.5,Summer,0,Unknown,10,762,69.9,3.09,3341,Low,2025,4,April,No Flood,Normal,No Rain,No Flood
2025-04-20,Nashik,Maharashtra,19.9975,73.7898,1.9,Light,36.3,46.0,Summer,0,Unknown,8,600,78.5,3.46,4466,Low,2025,4,April,No Flood,Normal,Light,No Flood
2025-04-21,Jalgaon,Maharashtra,21.0077,75.5626,0.0,No Rain,29.3,43.6,Summer,0,Unknown,6,209,55.8,2.47,3480,Low,2025,4,April,No Flood,Normal,No Rain,No Flood
2025-04-21,Sangli,Maharashtra,16.8524,74.5815,1.8,Light,37.2,38.6,Summer,0,Unknown,13,549,129.7,4.09,5287,Low,2025,4,April,No Flood,Normal,Light,No Flood
2025-04-22,Satara,Maharashtra,17.6805,73.9997,0.0,No Rain,28.7,35.7,Summer,0,Unknown,9,742,80.0,3.22,2912,Low,2025,4,April,No Flood,Normal,No Rain,No Flood
2025-04-22,Belagavi,Karnataka,15.8497,74.4977,0.0,No Rain,33.8,51.8,Summer,0,Unknown,10,762,69.5,3.63,3384,Low,2025,4,April,No Flood,Normal,No Rain,No Flood
2025-04-24,Mumbai,Maharashtra,19.076,72.8777,0.0,No Rain,35.0,49.9,Summer,0,Unknown,20,8,65.4,1.63,22788,Low,2025,4,April,No Flood,Normal,No Rain,No Flood
2025-04-26,Ratnagiri,Maharashtra,16.9902,73.312,0.0,No Rain,38.4,36.9,Summer,0,Unknown,15,11,107.4,1.41,1748,Low,2025,4,April,No Flood,Normal,No Rain,No Flood
2025-05-01,Raigad,Maharashtra,18.5158,73.1822,0.0,No Rain,34.9,33.1,Summer,0,Unknown,16,45,105.4,1.99,1975,Low,2025,5,May,No Flood,Normal,No Rain,No Flood
2025-05-02,Sangli,Maharashtra,16.8524,74.5815,0.0,No Rain,32.7,47.7,Summer,0,Unknown,13,549,85.6,3.5,5288,Low,2025,5,May,No Flood,Normal,No Rain,No Flood
2025-05-03,Raigad,Maharashtra,18.5158,73.1822,0.0,No Rain,35.0,45.9,Summer,0,Unknown,16,45,102.1,1.25,1948,Low,2025,5,May,No Flood,Normal,No Rain,No Flood
2025-05-04,Raigad,Maharashtra,18.5158,73.1822,0.0,No Rain,36.0,40.7,Summer,0,Unknown,16,45,108.6,2.07,1965,Low,2025,5,May,No Flood,Normal,No Rain,No Flood
2025-05-06,Nashik,Maharashtra,19.9975,73.7898,0.0,No Rain,28.9,35.4,Summer,0,Unknown,8,600,93.0,3.68,4429,Low,2025,5,May,No Flood,Normal,No Rain,No Flood
2025-05-06,Ratnagiri,Maharashtra,16.9902,73.312,0.0,No Rain,35.1,52.0,Summer,0,Unknown,15,11,91.6,1.67,1708,Low,2025,5,May,No Flood,Normal,No Rain,No Flood
2025-05-06,Belagavi,Karnataka,15.8497,74.4977,1.2,Light,32.1,38.3,Summer,0,Unknown,10,762,60.2,3.18,3366,Low,2025,5,May,No Flood,Normal,Light,No Flood
2025-05-07,Raigad,Maharashtra,18.5158,73.1822,0.0,No Rain,33.3,44.9,Summer,0,Unknown,16,45,108.1,2.12,1934,Low,2025,5,May,No Flood,Normal,No Rain,No Flood
2025-05-10,Belagavi,Karnataka,15.8497,74.4977,0.0,No Rain,30.2,26.7,Summer,0,Unknown,10,762,85.4,4.02,3371,Low,2025,5,May,No Flood,Normal,No Rain,No Flood
2025-05-16,Pune,Maharashtra,18.5204,73.8567,0.0,No Rain,30.0,55.9,Summer,0,Unknown,11,560,81.5,2.23,10198,Low,2025,5,May,No Flood,Normal,No Rain,No Flood
2025-05-16,Sangli,Maharashtra,16.8524,74.5815,0.0,No Rain,32.8,40.5,Summer,0,Unknown,13,549,99.6,3.93,5292,Low,2025,5,May,No Flood,Normal,No Rain,No Flood
2025-05-17,Raigad,Maharashtra,18.5158,73.1822,0.0,No Rain,37.1,44.8,Summer,0,Unknown,16,45,114.6,2.27,1977,Low,2025,5,May,No Flood,Normal,No Rain,No Flood
2025-05-17,Solapur,Maharashtra,17.6599,75.9064,0.4,Light,34.9,30.1,Summer,0,Unknown,7,458,58.0,2.88,4094,Low,2025,5,May,No Flood,Normal,Light,No Flood
2025-05-18,Raigad,Maharashtra,18.5158,73.1822,0.0,No Rain,37.0,53.2,Summer,0,Unknown,16,45,92.6,1.47,1933,Low,2025,5,May,No Flood,Normal,No Rain,No Flood
2025-05-20,Sangli,Maharashtra,16.8524,74.5815,0.0,No Rain,28.2,44.5,Summer,0,Unknown,13,549,83.4,3.27,5302,Low,2025,5,May,No Flood,Normal,No Rain,No Flood
2025-05-22,Mumbai,Maharashtra,19.076,72.8777,0.0,No Rain,36.8,31.7,Summer,0,Unknown,20,8,44.7,0.92,22776,Low,2025,5,May,No Flood,Normal,No Rain,No Flood
2025-05-22,Kolhapur,Maharashtra,16.705,74.2433,0.0,No Rain,33.2,47.6,Summer,0,Unknown,14,569,90.1,4.02,6294,Low,2025,5,May,No Flood,Normal,No Rain,No Flood
2025-05-24,Nagpur,Maharashtra,21.1458,79.0882,0.0,No Rain,37.3,37.2,Summer,0,Unknown,8,310,67.9,2.39,5546,Low,2025,5,May,No Flood,Normal,No Rain,No Flood
2025-05-25,Raigad,Maharashtra,18.5158,73.1822,0.0,No Rain,40.6,36.4,Summer,0,Unknown,16,45,106.6,2.14,1957,Low,2025,5,May,No Flood,Normal,No Rain,No Flood
2025-05-26,Satara,Maharashtra,17.6805,73.9997,0.0,No Rain,34.9,46.7,Summer,0,Unknown,9,742,57.2,2.61,2900,Low,2025,5,May,No Flood,Normal,No Rain,No Flood
2025-05-27,Nagpur,Maharashtra,21.1458,79.0882,0.0,No Rain,33.7,50.6,Summer,0,Unknown,8,310,63.2,2.01,5502,Low,2025,5,May,No Flood,Normal,No Rain,No Flood
2025-05-28,Jalgaon,Maharashtra,21.0077,75.5626,0.0,No Rain,31.7,44.8,Summer,0,Unknown,6,209,52.0,2.75,3458,Low,2025,5,May,No Flood,Normal,No Rain,No Flood
2025-05-28,Raigad,Maharashtra,18.5158,73.1822,0.0,No Rain,38.2,42.2,Summer,0,Unknown,16,45,88.9,1.24,1921,Low,2025,5,May,No Flood,Normal,No Rain,No Flood
2025-05-29,Jalgaon,Maharashtra,21.0077,75.5626,0.0,No Rain,38.5,37.0,Summer,0,Unknown,6,209,67.5,2.72,3465,Low,2025,5,May,No Flood,Normal,No Rain,No Flood
2025-05-31,Belagavi,Karnataka,15.8497,74.4977,0.0,No Rain,28.0,42.4,Summer,0,Unknown,10,762,71.0,3.49,3354,Low,2025,5,May,No Flood,Normal,No Rain,No Flood
2025-06-01,Nashik,Maharashtra,19.9975,73.7898,13.9,Moderate,26.4,85.6,Monsoon,0,Unknown,8,600,353.3,7.22,4442,Moderate,2025,6,June,No Flood,Normal,Light,No Flood
2025-06-01,Satara,Maharashtra,17.6805,73.9997,51.2,Heavy,28.1,86.5,Monsoon,1,Very High,9,742,1335.0,15.33,2920,Very High,2025,6,June,Flood,Normal,Heavy,June
2025-06-02,Satara,Maharashtra,17.6805,73.9997,202.9,Extreme,24.3,99.0,Monsoon,1,Very High,9,742,9279.4,15.95,2899,Very High,2025,6,June,Flood,Extreme,Extreme,June
2025-06-02,Ratnagiri,Maharashtra,16.9902,73.312,0.0,No Rain,29.0,93.2,Monsoon,0,Unknown,15,11,197.1,1.85,1723,Low,2025,6,June,No Flood,Normal,No Rain,No Flood
2025-06-02,Kolhapur,Maharashtra,16.705,74.2433,18.8,Moderate,24.8,96.4,Monsoon,0,Unknown,14,569,424.5,8.93,6301,Moderate,2025,6,June,No Flood,Normal,Light,No Flood
2025-06-02,Nashik,Maharashtra,19.9975,73.7898,7.4,Light,23.6,83.8,Monsoon,0,Unknown,8,600,259.0,6.21,4458,Low,2025,6,June,No Flood,Normal,Light,No Flood
2025-06-02,Pune,Maharashtra,18.5204,73.8567,48.2,Heavy,26.8,86.5,Monsoon,1,High,11,560,1104.8,10.32,10168,Very High,2025,6,June,Flood,Normal,Moderate,June
2025-06-03,Sangli,Maharashtra,16.8524,74.5815,0.0,No Rain,20.8,86.4,Monsoon,0,Unknown,13,549,278.3,5.99,5317,Low,2025,6,June,No Flood,Normal,No Rain,No Flood
2025-06-03,Satara,Maharashtra,17.6805,73.9997,13.2,Moderate,24.0,82.1,Monsoon,0,Unknown,9,742,347.0,7.93,2906,Moderate,2025,6,June,No Flood,Normal,Light,No Flood
2025-06-03,Solapur,Maharashtra,17.6599,75.9064,31.9,Moderate,26.6,94.9,Monsoon,0,Unknown,7,458,695.2,10.64,4098,High,2025,6,June,No Flood,Normal,Moderate,No Flood
2025-06-04,Panaji,Goa,15.4909,73.8278,97.3,Very Heavy,23.2,99.0,Monsoon,1,Very High,9,7,3169.7,6.52,2508,Very High,2025,6,June,Flood,Extreme,Heavy,June
2025-06-04,Pune,Maharashtra,18.5204,73.8567,25.3,Moderate,24.5,81.9,Monsoon,0,Unknown,11,560,583.7,7.33,10186,Moderate,2025,6,June,No Flood,Normal,Moderate,No Flood
2025-06-04,Nashik,Maharashtra,19.9975,73.7898,4.0,Light,20.1,82.5,Monsoon,0,Unknown,8,600,192.0,4.96,4425,Low,2025,6,June,No Flood,Normal,Light,No Flood
2025-06-04,Kolhapur,Maharashtra,16.705,74.2433,150.8,Extreme,24.7,99.0,Monsoon,1,Very High,14,569,5341.3,19.57,6259,Very High,2025,6,June,Flood,Extreme,Very Heavy,June
2025-06-04,Mumbai,Maharashtra,19.076,72.8777,38.4,Heavy,22.8,88.8,Monsoon,1,Very High,20,8,1147.6,6.96,22736,Very High,2025,6,June,Flood,Normal,Moderate,June
2025-06-04,Nagpur,Maharashtra,21.1458,79.0882,28.2,Moderate,26.5,81.7,Monsoon,0,Unknown,8,310,627.8,7.75,5510,High,2025,6,June,No Flood,Normal,Moderate,No Flood
2025-06-05,Mumbai,Maharashtra,19.076,72.8777,26.1,Moderate,22.5,81.3,Monsoon,0,Unknown,20,8,593.3,4.84,22765,High,2025,6,June,No Flood,Normal,Moderate,No Flood
2025-06-05,Ratnagiri,Maharashtra,16.9902,73.312,86.5,Very Heavy,26.1,99.0,Monsoon,1,Very High,15,11,3468.0,7.97,1734,Very High,2025,6,June,Flood,Extreme,Heavy,June
2025-06-05,Satara,Maharashtra,17.6805,73.9997,0.0,No Rain,26.2,85.5,Monsoon,0,Unknown,9,742,168.0,5.17,2922,Low,2025,6,June,No Flood,Normal,No Rain,No Flood
2025-06-07,Kolhapur,Maharashtra,16.705,74.2433,155.4,Extreme,28.4,98.0,Monsoon,1,Very High,14,569,6111.7,19.57,6272,Very High,2025,6,June,Flood,Extreme,Very Heavy,June
2025-06-07,Ratnagiri,Maharashtra,16.9902,73.312,251.8,Extreme,26.8,99.0,Monsoon,1,Very High,15,11,12932.7,7.97,1745,Very High,2025,6,June,Flood,Extreme,Extreme,June
2025-06-08,Belagavi,Karnataka,15.8497,74.4977,25.5,Moderate,25.5,92.4,Monsoon,0,Unknown,10,762,659.8,10.46,3383,Moderate,2025,6,June,No Flood,Normal,Moderate,No Flood
2025-06-08,Kolhapur,Maharashtra,16.705,74.2433,0.0,No Rain,25.8,82.6,Monsoon,0,Unknown,14,569,205.4,5.94,6264,Low,2025,6,June,No Flood,Normal,No Rain,No Flood
2025-06-08,Nagpur,Maharashtra,21.1458,79.0882,0.0,No Rain,29.7,84.1,Monsoon,0,Unknown,8,310,189.5,3.96,5545,Low,2025,6,June,No Flood,Normal,No Rain,No Flood
2025-06-08,Nashik,Maharashtra,19.9975,73.7898,7.9,Moderate,23.6,78.2,Monsoon,0,Unknown,8,600,235.5,5.41,4422,Low,2025,6,June,No Flood,Normal,Light,No Flood
2025-06-08,Pune,Maharashtra,18.5204,73.8567,10.4,Moderate,27.7,72.6,Monsoon,0,Unknown,11,560,316.7,5.71,10202,Moderate,2025,6,June,No Flood,Normal,Light,No Flood
2025-06-09,Jalgaon,Maharashtra,21.0077,75.5626,0.0,No Rain,24.0,83.9,Monsoon,0,Unknown,6,209,111.6,3.44,3464,Low,2025,6,June,No Flood,Normal,No Rain,No Flood
2025-06-09,Mumbai,Maharashtra,19.076,72.8777,21.8,Moderate,28.2,84.0,Monsoon,0,Unknown,20,8,516.5,4.62,22755,High,2025,6,June,No Flood,Normal,Moderate,No Flood
2025-06-10,Panaji,Goa,15.4909,73.8278,19.9,Moderate,22.7,85.8,Monsoon,0,Unknown,9,7,611.1,2.94,2499,Moderate,2025,6,June,No Flood,Normal,Light,No Flood
2025-06-11,Satara,Maharashtra,17.6805,73.9997,71.6,Very Heavy,24.5,94.9,Monsoon,1,Very High,9,742,1618.2,15.95,2924,Very High,2025,6,June,Flood,Extreme,Heavy,June
2025-06-11,Mumbai,Maharashtra,19.076,72.8777,15.0,Moderate,25.2,84.7,Monsoon,0,Unknown,20,8,413.5,3.82,22783,High,2025,6,June,No Flood,Normal,Light,No Flood
2025-06-11,Kolhapur,Maharashtra,16.705,74.2433,210.7,Extreme,23.5,99.0,Monsoon,1,Very High,14,569,9124.1,19.57,6291,Very High,2025,6,June,Flood,Extreme,Extreme,June
2025-06-12,Panaji,Goa,15.4909,73.8278,74.9,Very Heavy,24.4,84.5,Monsoon,1,Very High,9,7,2597.6,6.52,2495,Very High,2025,6,June,Flood,Extreme,Heavy,June
2025-06-12,Panaji,Goa,15.4909,73.8278,148.2,Extreme,26.5,93.4,Monsoon,1,Very High,9,7,7216.2,6.52,2520,Very High,2025,6,June,Flood,Extreme,Very Heavy,June
2025-06-12,Panaji,Goa,15.4909,73.8278,15.9,Moderate,24.9,84.2,Monsoon,0,Unknown,9,7,431.2,3.07,2492,Moderate,2025,6,June,No Flood,Normal,Light,No Flood
2025-06-12,Satara,Maharashtra,17.6805,73.9997,54.9,Heavy,24.0,76.0,Monsoon,1,Very High,9,742,1656.1,15.95,2938,Very High,2025,6,June,Flood,Normal,Heavy,June
2025-06-13,Kolhapur,Maharashtra,16.705,74.2433,0.0,No Rain,26.4,88.2,Monsoon,0,Unknown,14,569,231.9,6.15,6303,Low,2025,6,June,No Flood,Normal,No Rain,No Flood
2025-06-15,Mumbai,Maharashtra,19.076,72.8777,7.4,Light,27.0,85.5,Monsoon,0,Unknown,20,8,213.4,2.8,22760,Moderate,2025,6,June,No Flood,Normal,Light,No Flood
2025-06-15,Raigad,Maharashtra,18.5158,73.1822,131.7,Extreme,24.2,99.0,Monsoon,1,Very High,16,45,4291.9,8.99,1930,Very High,2025,6,June,Flood,Extreme,Very Heavy,June
2025-06-15,Solapur,Maharashtra,17.6599,75.9064,22.0,Moderate,28.8,86.8,Monsoon,0,Unknown,7,458,527.8,9.47,4115,Moderate,2025,6,June,No Flood,Normal,Moderate,No Flood
2025-06-17,Satara,Maharashtra,17.6805,73.9997,156.4,Extreme,25.6,99.0,Monsoon,1,Very High,9,742,5536.8,15.95,2900,Very High,2025,6,June,Flood,Extreme,Very Heavy,June
2025-06-17,Pune,Maharashtra,18.5204,73.8567,11.6,Moderate,24.4,68.5,Monsoon,0,Unknown,11,560,302.6,5.77,10182,Moderate,2025,6,June,No Flood,Normal,Light,No Flood
2025-06-17,Sangli,Maharashtra,16.8524,74.5815,55.4,Heavy,25.8,95.8,Monsoon,1,Very High,13,549,1964.4,17.06,5326,Very High,2025,6,June,Flood,Normal,Heavy,June
2025-06-18,Mumbai,Maharashtra,19.076,72.8777,14.1,Moderate,25.9,88.9,Monsoon,0,Unknown,20,8,353.2,3.86,22735,Moderate,2025,6,June,No Flood,Normal,Light,No Flood
2025-06-18,Nashik,Maharashtra,19.9975,73.7898,0.0,No Rain,26.8,80.9,Monsoon,0,Unknown,8,600,157.9,4.36,4422,Low,2025,6,June,No Flood,Normal,No Rain,No Flood
2025-06-18,Sangli,Maharashtra,16.8524,74.5815,74.6,Very Heavy,27.2,99.0,Monsoon,1,Very High,13,549,2438.0,18.56,5335,Very High,2025,6,June,Flood,Extreme,Heavy,June
2025-06-19,Solapur,Maharashtra,17.6599,75.9064,58.9,Heavy,24.0,89.5,Monsoon,0,Unknown,7,458,1535.2,13.05,4094,High,2025,6,June,No Flood,Normal,Heavy,No Flood
2025-06-19,Panaji,Goa,15.4909,73.8278,22.1,Moderate,23.5,99.0,Monsoon,0,Unknown,9,7,583.8,3.72,2486,High,2025,6,June,No Flood,Normal,Moderate,No Flood
2025-06-19,Pune,Maharashtra,18.5204,73.8567,38.9,Heavy,24.9,86.3,Monsoon,1,High,11,560,882.1,9.65,10218,Very High,2025,6,June,Flood,Normal,Moderate,June
2025-06-19,Satara,Maharashtra,17.6805,73.9997,27.6,Moderate,22.6,97.8,Monsoon,0,Unknown,9,742,536.4,9.74,2924,Moderate,2025,6,June,No Flood,Normal,Moderate,No Flood
2025-06-20,Mumbai,Maharashtra,19.076,72.8777,0.0,No Rain,24.0,80.5,Monsoon,0,Unknown,20,8,153.8,2.0,22790,Low,2025,6,June,No Flood,Normal,No Rain,No Flood
2025-06-20,Mumbai,Maharashtra,19.076,72.8777,13.4,Moderate,23.3,92.6,Monsoon,0,Unknown,20,8,371.1,3.52,22761,Moderate,2025,6,June,No Flood,Normal,Light,No Flood
2025-06-21,Sangli,Maharashtra,16.8524,74.5815,51.8,Heavy,22.4,91.4,Monsoon,0,Unknown,13,549,1159.7,13.42,5337,High,2025,6,June,No Flood,Normal,Heavy,No Flood
2025-06-21,Satara,Maharashtra,17.6805,73.9997,21.1,Moderate,21.2,84.4,Monsoon,0,Unknown,9,742,598.8,9.63,2951,Moderate,2025,6,June,No Flood,Normal,Moderate,No Flood
2025-06-22,Belagavi,Karnataka,15.8497,74.4977,24.1,Moderate,26.3,85.6,Monsoon,0,Unknown,10,762,469.3,8.57,3373,Moderate,2025,6,June,No Flood,Normal,Moderate,No Flood
2025-06-22,Kolhapur,Maharashtra,16.705,74.2433,6.7,Light,25.4,71.6,Monsoon,0,Unknown,14,569,310.0,7.47,6314,Low,2025,6,June,No Flood,Normal,Light,No Flood
2025-06-22,Raigad,Maharashtra,18.5158,73.1822,28.6,Moderate,27.8,78.9,Monsoon,0,Unknown,16,45,855.0,5.29,1943,High,2025,6,June,No Flood,Normal,Moderate,No Flood
2025-06-22,Satara,Maharashtra,17.6805,73.9997,6.4,Light,26.5,74.4,Monsoon,0,Unknown,9,742,231.6,6.42,2941,Low,2025,6,June,No Flood,Normal,Light,No Flood
2025-06-22,Solapur,Maharashtra,17.6599,75.9064,14.0,Moderate,26.9,76.8,Monsoon,0,Unknown,7,458,330.5,7.14,4119,Moderate,2025,6,June,No Flood,Normal,Light,No Flood
2025-06-23,Pune,Maharashtra,18.5204,73.8567,14.6,Moderate,21.4,83.1,Monsoon,0,Unknown,11,560,432.1,6.19,10161,Moderate,2025,6,June,No Flood,Normal,Light,No Flood
2025-06-23,Nagpur,Maharashtra,21.1458,79.0882,24.3,Moderate,26.0,83.3,Monsoon,0,Unknown,8,310,629.1,7.61,5545,High,2025,6,June,No Flood,Normal,Moderate,No Flood
2025-06-24,Sangli,Maharashtra,16.8524,74.5815,11.0,Moderate,25.5,82.3,Monsoon,0,Unknown,13,549,354.9,7.11,5320,Moderate,2025,6,June,No Flood,Normal,Light,No Flood
2025-06-24,Mumbai,Maharashtra,19.076,72.8777,0.0,No Rain,28.6,86.6,Monsoon,0,Unknown,20,8,141.3,2.19,22780,Low,2025,6,June,No Flood,Normal,No Rain,No Flood
2025-06-24,Nagpur,Maharashtra,21.1458,79.0882,79.1,Very Heavy,26.7,99.0,Monsoon,1,Very High,8,310,3059.7,12.32,5517,Very High,2025,6,June,Flood,Extreme,Heavy,June
2025-06-24,Raigad,Maharashtra,18.5158,73.1822,0.0,No Rain,22.3,86.3,Monsoon,0,Unknown,16,45,265.5,2.58,1951,Low,2025,6,June,No Flood,Normal,No Rain,No Flood
2025-06-24,Ratnagiri,Maharashtra,16.9902,73.312,69.5,Very Heavy,21.7,88.6,Monsoon,1,Very High,15,11,2531.0,7.97,1719,Very High,2025,6,June,Flood,Extreme,Heavy,June
2025-06-24,Sangli,Maharashtra,16.8524,74.5815,8.7,Moderate,25.0,80.3,Monsoon,0,Unknown,13,549,371.0,7.68,5295,Moderate,2025,6,June,No Flood,Normal,Light,No Flood
2025-06-24,Sangli,Maharashtra,16.8524,74.5815,0.0,No Rain,24.2,84.1,Monsoon,0,Unknown,13,549,261.1,5.87,5308,Low,2025,6,June,No Flood,Normal,No Rain,No Flood
2025-06-24,Sangli,Maharashtra,16.8524,74.5815,127.7,Extreme,27.0,98.1,Monsoon,1,Very High,13,549,5462.5,18.56,5309,Very High,2025,6,June,Flood,Extreme,Very Heavy,June
2025-06-25,Ratnagiri,Maharashtra,16.9902,73.312,22.9,Moderate,28.5,96.3,Monsoon,0,Unknown,15,11,633.3,4.21,1715,High,2025,6,June,No Flood,Normal,Moderate,No Flood
2025-06-25,Mumbai,Maharashtra,19.076,72.8777,113.9,Very Heavy,26.8,99.0,Monsoon,1,Very High,20,8,4212.2,6.96,22793,Very High,2025,6,June,Flood,Extreme,Very Heavy,June
2025-06-25,Belagavi,Karnataka,15.8497,74.4977,81.0,Very Heavy,25.5,99.0,Monsoon,1,Very High,10,762,3068.3,16.68,3341,Very High,2025,6,June,Flood,Extreme,Heavy,June
2025-06-26,Nagpur,Maharashtra,21.1458,79.0882,11.7,Moderate,25.9,82.9,Monsoon,0,Unknown,8,310,301.7,4.82,5525,Moderate,2025,6,June,No Flood,Normal,Light,No Flood
2025-06-27,Jalgaon,Maharashtra,21.0077,75.5626,231.5,Extreme,24.1,99.0,Monsoon,1,Very High,6,209,10903.9,11.6,3473,Very High,2025,6,June,Flood,Extreme,Extreme,June
2025-06-27,Kolhapur,Maharashtra,16.705,74.2433,0.0,No Rain,21.3,86.4,Monsoon,0,Unknown,14,569,201.2,5.66,6275,Low,2025,6,June,No Flood,Normal,No Rain,No Flood
2025-06-27,Mumbai,Maharashtra,19.076,72.8777,283.2,Extreme,24.8,99.0,Monsoon,1,Very High,20,8,17708.6,6.96,22771,Very High,2025,6,June,Flood,Extreme,Extreme,June
2025-06-28,Mumbai,Maharashtra,19.076,72.8777,15.5,Moderate,23.7,80.5,Monsoon,0,Unknown,20,8,405.3,3.93,22762,High,2025,6,June,No Flood,Normal,Light,No Flood
2025-06-30,Kolhapur,Maharashtra,16.705,74.2433,3.8,Light,24.6,99.0,Monsoon,0,Unknown,14,569,258.1,6.69,6310,Low,2025,6,June,No Flood,Normal,Light,No Flood
2025-07-01,Kolhapur,Maharashtra,16.705,74.2433,13.5,Moderate,25.6,86.9,Monsoon,0,Unknown,14,569,427.7,9.53,6281,Moderate,2025,7,July,No Flood,Normal,Light,No Flood
2025-07-01,Kolhapur,Maharashtra,16.705,74.2433,20.7,Moderate,26.4,85.3,Monsoon,0,Unknown,14,569,580.5,10.67,6313,Moderate,2025,7,July,No Flood,Normal,Moderate,No Flood
2025-07-01,Jalgaon,Maharashtra,21.0077,75.5626,21.3,Moderate,27.1,87.0,Monsoon,1,Moderate,6,209,527.9,8.13,3443,High,2025,7,July,Flood,Normal,Moderate,July
2025-07-02,Pune,Maharashtra,18.5204,73.8567,0.0,No Rain,24.4,84.3,Monsoon,0,Unknown,11,560,193.0,3.87,10210,Low,2025,7,July,No Flood,Normal,No Rain,No Flood
2025-07-02,Raigad,Maharashtra,18.5158,73.1822,300.6,Extreme,26.1,99.0,Monsoon,1,Very High,16,45,13888.6,8.99,1958,Very High,2025,7,July,Flood,Extreme,Extreme,July
2025-07-02,Sangli,Maharashtra,16.8524,74.5815,26.2,Moderate,25.7,88.0,Monsoon,0,Unknown,13,549,762.6,10.27,5301,Moderate,2025,7,July,No Flood,Normal,Moderate,No Flood
2025-07-03,Pune,Maharashtra,18.5204,73.8567,38.5,Heavy,22.7,77.8,Monsoon,1,High,11,560,1103.2,10.59,10197,Very High,2025,7,July,Flood,Normal,Moderate,July
2025-07-03,Jalgaon,Maharashtra,21.0077,75.5626,56.6,Heavy,29.4,97.7,Monsoon,1,Very High,6,209,1397.6,11.6,3489,Very High,2025,7,July,Flood,Normal,Heavy,July
2025-07-03,Kolhapur,Maharashtra,16.705,74.2433,14.8,Moderate,28.8,69.6,Monsoon,0,Unknown,14,569,397.8,8.3,6295,Moderate,2025,7,July,No Flood,Normal,Light,No Flood
2025-07-03,Mumbai,Maharashtra,19.076,72.8777,86.0,Very Heavy,27.2,97.0,Monsoon,1,Very High,20,8,3250.7,6.96,22754,Very High,2025,7,July,Flood,Extreme,Heavy,July
2025-07-03,Nagpur,Maharashtra,21.1458,79.0882,11.8,Moderate,26.9,90.1,Monsoon,0,Unknown,8,310,329.7,5.18,5541,Moderate,2025,7,July,No Flood,Normal,Light,No Flood
2025-07-03,Solapur,Maharashtra,17.6599,75.9064,8.5,Moderate,26.8,79.9,Monsoon,0,Unknown,7,458,212.1,5.67,4103,Low,2025,7,July,No Flood,Normal,Light,No Flood
2025-07-04,Mumbai,Maharashtra,19.076,72.8777,375.1,Extreme,24.6,99.0,Monsoon,1,Very High,20,8,21206.0,6.96,22770,Very High,2025,7,July,Flood,Extreme,Extreme,July
2025-07-05,Belagavi,Karnataka,15.8497,74.4977,195.7,Extreme,18.4,99.0,Monsoon,1,Very High,10,762,6768.4,16.68,3341,Very High,2025,7,July,Flood,Extreme,Very Heavy,July
2025-07-05,Nashik,Maharashtra,19.9975,73.7898,8.3,Moderate,26.1,86.5,Monsoon,0,Unknown,8,600,305.6,6.6,4453,Moderate,2025,7,July,No Flood,Normal,Light,No Flood
2025-07-05,Panaji,Goa,15.4909,73.8278,23.2,Moderate,27.4,95.5,Monsoon,0,Unknown,9,7,637.8,3.82,2494,High,2025,7,July,No Flood,Normal,Moderate,No Flood
2025-07-06,Mumbai,Maharashtra,19.076,72.8777,17.4,Moderate,26.9,78.8,Monsoon,0,Unknown,20,8,413.3,3.89,22758,High,2025,7,July,No Flood,Normal,Light,No Flood
2025-07-06,Raigad,Maharashtra,18.5158,73.1822,0.0,No Rain,22.7,84.5,Monsoon,0,Unknown,16,45,255.5,2.59,1961,Low,2025,7,July,No Flood,Normal,No Rain,No Flood
2025-07-06,Sangli,Maharashtra,16.8524,74.5815,17.6,Moderate,29.3,88.3,Monsoon,0,Unknown,13,549,562.6,8.82,5325,Moderate,2025,7,July,No Flood,Normal,Light,No Flood
2025-07-06,Satara,Maharashtra,17.6805,73.9997,54.7,Heavy,20.9,89.8,Monsoon,1,Very High,9,742,1343.4,15.26,2955,Very High,2025,7,July,Flood,Normal,Heavy,July
2025-07-07,Satara,Maharashtra,17.6805,73.9997,40.2,Heavy,24.5,83.1,Monsoon,1,High,9,742,785.7,12.05,2946,Very High,2025,7,July,Flood,Normal,Moderate,July
2025-07-07,Sangli,Maharashtra,16.8524,74.5815,52.9,Heavy,27.2,97.3,Monsoon,0,Unknown,13,549,1813.0,16.5,5322,High,2025,7,July,No Flood,Normal,Heavy,No Flood
2025-07-07,Kolhapur,Maharashtra,16.705,74.2433,0.0,No Rain,25.5,91.4,Monsoon,0,Unknown,14,569,217.4,6.24,6270,Low,2025,7,July,No Flood,Normal,No Rain,No Flood
2025-07-07,Nashik,Maharashtra,19.9975,73.7898,37.6,Heavy,21.5,85.3,Monsoon,0,Unknown,8,600,859.7,10.97,4454,High,2025,7,July,No Flood,Normal,Moderate,No Flood
2025-07-08,Kolhapur,Maharashtra,16.705,74.2433,15.2,Moderate,24.3,80.2,Monsoon,0,Unknown,14,569,466.8,9.3,6312,Moderate,2025,7,July,No Flood,Normal,Light,No Flood
2025-07-08,Mumbai,Maharashtra,19.076,72.8777,0.0,No Rain,26.7,86.3,Monsoon,0,Unknown,20,8,143.9,1.76,22771,Low,2025,7,July,No Flood,Normal,No Rain,No Flood
2025-07-08,Nagpur,Maharashtra,21.1458,79.0882,8.2,Moderate,26.2,94.1,Monsoon,0,Unknown,8,310,253.2,4.61,5556,Moderate,2025,7,July,No Flood,Normal,Light,No Flood
2025-07-08,Satara,Maharashtra,17.6805,73.9997,5.0,Light,22.9,87.4,Monsoon,0,Unknown,9,742,208.7,5.92,2899,Low,2025,7,July,No Flood,Normal,Light,No Flood
2025-07-09,Pune,Maharashtra,18.5204,73.8567,18.6,Moderate,23.3,90.0,Monsoon,0,Unknown,11,560,504.9,7.13,10166,Moderate,2025,7,July,No Flood,Normal,Light,No Flood
2025-07-10,Satara,Maharashtra,17.6805,73.9997,15.2,Moderate,23.4,81.3,Monsoon,0,Unknown,9,742,337.3,7.72,2914,Moderate,2025,7,July,No Flood,Normal,Light,No Flood
2025-07-10,Solapur,Maharashtra,17.6599,75.9064,17.4,Moderate,23.8,99.0,Monsoon,0,Unknown,7,458,319.4,6.98,4117,Moderate,2025,7,July,No Flood,Normal,Light,No Flood
2025-07-10,Ratnagiri,Maharashtra,16.9902,73.312,0.0,No Rain,23.5,83.9,Monsoon,0,Unknown,15,11,225.2,2.57,1705,Low,2025,7,July,No Flood,Normal,No Rain,No Flood
2025-07-10,Nagpur,Maharashtra,21.1458,79.0882,214.9,Extreme,21.8,99.0,Monsoon,1,Very High,8,310,11104.8,12.32,5542,Very High,2025,7,July,Flood,Extreme,Extreme,July
2025-07-10,Nashik,Maharashtra,19.9975,73.7898,39.9,Heavy,23.2,92.8,Monsoon,1,High,8,600,811.8,10.64,4461,Very High,2025,7,July,Flood,Normal,Moderate,July
2025-07-10,Jalgaon,Maharashtra,21.0077,75.5626,4.5,Light,24.8,84.3,Monsoon,0,Unknown,6,209,139.3,4.12,3455,Low,2025,7,July,No Flood,Normal,Light,No Flood
2025-07-10,Ratnagiri,Maharashtra,16.9902,73.312,0.0,No Rain,27.1,80.8,Monsoon,0,Unknown,15,11,269.5,2.51,1761,Moderate,2025,7,July,No Flood,Normal,No Rain,No Flood
2025-07-11,Belagavi,Karnataka,15.8497,74.4977,25.9,Moderate,23.2,79.4,Monsoon,0,Unknown,10,762,769.1,11.21,3368,High,2025,7,July,No Flood,Normal,Moderate,No Flood
2025-07-11,Ratnagiri,Maharashtra,16.9902,73.312,6.1,Light,25.9,73.3,Monsoon,0,Unknown,15,11,331.6,3.09,1726,Moderate,2025,7,July,No Flood,Normal,Light,No Flood
2025-07-12,Pune,Maharashtra,18.5204,73.8567,0.0,No Rain,28.5,82.8,Monsoon,0,Unknown,11,560,196.6,4.46,10204,Low,2025,7,July,No Flood,Normal,No Rain,No Flood
2025-07-12,Sangli,Maharashtra,16.8524,74.5815,0.0,No Rain,27.1,78.3,Monsoon,0,Unknown,13,549,241.3,6.18,5313,Low,2025,7,July,No Flood,Normal,No Rain,No Flood
2025-07-12,Satara,Maharashtra,17.6805,73.9997,0.0,No Rain,25.2,88.4,Monsoon,0,Unknown,9,742,175.6,5.56,2945,Low,2025,7,July,No Flood,Normal,No Rain,No Flood
2025-07-14,Solapur,Maharashtra,17.6599,75.9064,19.1,Moderate,23.2,71.2,Monsoon,0,Unknown,7,458,458.6,8.45,4133,Moderate,2025,7,July,No Flood,Normal,Light,No Flood
2025-07-15,Nashik,Maharashtra,19.9975,73.7898,100.5,Very Heavy,20.3,93.0,Monsoon,1,Very High,8,600,3166.0,14.79,4448,Very High,2025,7,July,Flood,Extreme,Very Heavy,July
2025-07-15,Sangli,Maharashtra,16.8524,74.5815,7.7,Moderate,27.0,85.9,Monsoon,0,Unknown,13,549,336.1,7.18,5324,Moderate,2025,7,July,No Flood,Normal,Light,No Flood
2025-07-16,Belagavi,Karnataka,15.8497,74.4977,33.5,Moderate,25.2,89.9,Monsoon,0,Unknown,10,762,759.2,11.14,3349,Moderate,2025,7,July,No Flood,Normal,Moderate,No Flood
2025-07-16,Panaji,Goa,15.4909,73.8278,0.0,No Rain,24.8,91.7,Monsoon,0,Unknown,9,7,213.9,2.36,2481,Low,2025,7,July,No Flood,Normal,No Rain,No Flood
2025-07-16,Pune,Maharashtra,18.5204,73.8567,11.4,Moderate,26.6,91.9,Monsoon,0,Unknown,11,560,314.1,5.77,10195,Moderate,2025,7,July,No Flood,Normal,Light,No Flood
2025-07-17,Sangli,Maharashtra,16.8524,74.5815,0.0,No Rain,24.7,83.1,Monsoon,0,Unknown,13,549,243.1,6.04,5288,Low,2025,7,July,No Flood,Normal,No Rain,No Flood
2025-07-17,Ratnagiri,Maharashtra,16.9902,73.312,72.1,Very Heavy,27.5,95.3,Monsoon,1,Very High,15,11,2402.3,7.97,1723,Very High,2025,7,July,Flood,Extreme,Heavy,July
2025-07-17,Solapur,Maharashtra,17.6599,75.9064,29.9,Moderate,28.0,83.4,Monsoon,0,Unknown,7,458,661.8,10.61,4147,High,2025,7,July,No Flood,Normal,Moderate,No Flood
2025-07-17,Panaji,Goa,15.4909,73.8278,19.7,Moderate,26.2,82.9,Monsoon,0,Unknown,9,7,601.9,3.98,2521,High,2025,7,July,No Flood,Normal,Light,No Flood
2025-07-17,Pune,Maharashtra,18.5204,73.8567,0.0,No Rain,24.5,98.7,Monsoon,0,Unknown,11,560,191.4,4.7,10198,Low,2025,7,July,No Flood,Normal,No Rain,No Flood
2025-07-18,Ratnagiri,Maharashtra,16.9902,73.312,0.0,No Rain,25.0,99.0,Monsoon,0,Unknown,15,11,244.7,2.94,1721,Low,2025,7,July,No Flood,Normal,No Rain,No Flood
2025-07-18,Raigad,Maharashtra,18.5158,73.1822,69.8,Very Heavy,23.9,96.0,Monsoon,1,Very High,16,45,2343.5,8.65,1972,Very High,2025,7,July,Flood,Extreme,Heavy,July
2025-07-18,Kolhapur,Maharashtra,16.705,74.2433,110.1,Very Heavy,23.0,87.5,Monsoon,1,Very High,14,569,3992.0,19.57,6260,Very High,2025,7,July,Flood,Extreme,Very Heavy,July
2025-07-18,Nagpur,Maharashtra,21.1458,79.0882,51.5,Heavy,22.6,95.5,Monsoon,1,Very High,8,310,1537.2,11.86,5499,Very High,2025,7,July,Flood,Normal,Heavy,July
2025-07-19,Nashik,Maharashtra,19.9975,73.7898,79.9,Very Heavy,21.7,85.2,Monsoon,1,Very High,8,600,2369.9,14.79,4455,Very High,2025,7,July,Flood,Extreme,Heavy,July
2025-07-19,Raigad,Maharashtra,18.5158,73.1822,4.9,Light,26.3,95.5,Monsoon,0,Unknown,16,45,287.7,3.03,1921,Moderate,2025,7,July,No Flood,Normal,Light,No Flood
2025-07-19,Ratnagiri,Maharashtra,16.9902,73.312,34.9,Moderate,25.0,99.0,Monsoon,0,Unknown,15,11,882.3,5.49,1740,High,2025,7,July,No Flood,Normal,Moderate,No Flood
2025-07-19,Sangli,Maharashtra,16.8524,74.5815,0.0,No Rain,22.2,87.9,Monsoon,0,Unknown,13,549,285.1,6.33,5340,Low,2025,7,July,No Flood,Normal,No Rain,No Flood
2025-07-20,Jalgaon,Maharashtra,21.0077,75.5626,13.1,Moderate,27.1,85.5,Monsoon,0,Unknown,6,209,302.1,5.78,3469,Moderate,2025,7,July,No Flood,Normal,Light,No Flood
2025-07-20,Kolhapur,Maharashtra,16.705,74.2433,53.8,Heavy,27.0,89.1,Monsoon,1,Very High,14,569,1491.6,17.79,6267,Very High,2025,7,July,Flood,Normal,Heavy,July
2025-07-20,Pune,Maharashtra,18.5204,73.8567,39.3,Heavy,24.1,91.4,Monsoon,1,High,11,560,923.4,9.51,10198,Very High,2025,7,July,Flood,Normal,Moderate,July
2025-07-20,Ratnagiri,Maharashtra,16.9902,73.312,129.4,Extreme,26.1,99.0,Monsoon,1,Very High,15,11,4285.4,7.97,1739,Very High,2025,7,July,Flood,Extreme,Very Heavy,July
2025-07-20,Sangli,Maharashtra,16.8524,74.5815,0.0,No Rain,24.8,90.0,Monsoon,0,Unknown,13,549,249.6,6.48,5291,Low,2025,7,July,No Flood,Normal,No Rain,No Flood
2025-07-20,Satara,Maharashtra,17.6805,73.9997,29.9,Moderate,23.3,83.0,Monsoon,0,Unknown,9,742,598.0,10.33,2943,Moderate,2025,7,July,No Flood,Normal,Moderate,No Flood
2025-07-20,Satara,Maharashtra,17.6805,73.9997,57.3,Heavy,25.2,97.0,Monsoon,1,Very High,9,742,1700.7,15.95,2923,Very High,2025,7,July,Flood,Normal,Heavy,July
2025-07-21,Ratnagiri,Maharashtra,16.9902,73.312,133.5,Extreme,29.3,94.0,Monsoon,1,Very High,15,11,5766.8,7.97,1743,Very High,2025,7,July,Flood,Extreme,Very Heavy,July
2025-07-21,Raigad,Maharashtra,18.5158,73.1822,372.0,Extreme,25.3,99.0,Monsoon,1,Very High,16,45,14761.1,8.99,1971,Very High,2025,7,July,Flood,Extreme,Extreme,July
2025-07-22,Sangli,Maharashtra,16.8524,74.5815,38.3,Heavy,26.2,93.4,Monsoon,1,Moderate,13,549,906.8,11.53,5310,High,2025,7,July,Flood,Normal,Moderate,July
2025-07-22,Pune,Maharashtra,18.5204,73.8567,41.6,Heavy,21.7,83.8,Monsoon,0,Unknown,11,560,910.1,9.63,10176,High,2025,7,July,No Flood,Normal,Moderate,No Flood
2025-07-22,Nashik,Maharashtra,19.9975,73.7898,12.7,Moderate,23.3,85.5,Monsoon,0,Unknown,8,600,347.9,7.16,4446,Moderate,2025,7,July,No Flood,Normal,Light,No Flood
2025-07-23,Kolhapur,Maharashtra,16.705,74.2433,39.1,Heavy,26.4,91.3,Monsoon,0,Unknown,14,569,847.7,12.74,6275,High,2025,7,July,No Flood,Normal,Moderate,No Flood
2025-07-23,Kolhapur,Maharashtra,16.705,74.2433,224.7,Extreme,25.8,99.0,Monsoon,1,Very High,14,569,11861.3,19.57,6287,Very High,2025,7,July,Flood,Extreme,Extreme,July
2025-07-23,Panaji,Goa,15.4909,73.8278,21.9,Moderate,24.7,83.3,Monsoon,0,Unknown,9,7,487.1,3.26,2463,High,2025,7,July,No Flood,Normal,Moderate,No Flood
2025-07-23,Ratnagiri,Maharashtra,16.9902,73.312,31.2,Moderate,29.1,87.9,Monsoon,1,Moderate,15,11,747.8,4.44,1741,High,2025,7,July,Flood,Normal,Moderate,July
2025-07-24,Kolhapur,Maharashtra,16.705,74.2433,49.1,Heavy,24.9,75.7,Monsoon,1,High,14,569,1204.2,15.61,6300,Very High,2025,7,July,Flood,Normal,Moderate,July
2025-07-24,Mumbai,Maharashtra,19.076,72.8777,109.7,Very Heavy,24.2,99.0,Monsoon,1,Very High,20,8,3231.0,6.96,22780,Very High,2025,7,July,Flood,Extreme,Very Heavy,July
2025-07-24,Nagpur,Maharashtra,21.1458,79.0882,42.4,Heavy,22.0,86.7,Monsoon,1,High,8,310,1240.8,10.5,5555,Very High,2025,7,July,Flood,Normal,Moderate,July
2025-07-24,Panaji,Goa,15.4909,73.8278,13.4,Moderate,23.7,80.0,Monsoon,0,Unknown,9,7,358.7,2.78,2472,Moderate,2025,7,July,No Flood,Normal,Light,No Flood
2025-07-24,Sangli,Maharashtra,16.8524,74.5815,8.9,Moderate,25.0,86.5,Monsoon,0,Unknown,13,549,350.1,7.35,5306,Moderate,2025,7,July,No Flood,Normal,Light,No Flood
2025-07-24,Satara,Maharashtra,17.6805,73.9997,63.7,Heavy,20.1,99.0,Monsoon,1,Very High,9,742,1927.4,15.95,2952,Very High,2025,7,July,Flood,Normal,Heavy,July
2025-07-25,Belagavi,Karnataka,15.8497,74.4977,3.5,Light,23.9,81.0,Monsoon,0,Unknown,10,762,197.8,5.98,3341,Low,2025,7,July,No Flood,Normal,Light,No Flood
2025-07-25,Mumbai,Maharashtra,19.076,72.8777,48.0,Heavy,27.4,89.5,Monsoon,1,Very High,20,8,1278.1,6.96,22746,Very High,2025,7,July,Flood,Normal,Moderate,July
2025-07-25,Pune,Maharashtra,18.5204,73.8567,12.3,Moderate,24.6,86.2,Monsoon,0,Unknown,11,560,331.8,6.07,10192,Moderate,2025,7,July,No Flood,Normal,Light,No Flood
2025-07-26,Satara,Maharashtra,17.6805,73.9997,21.3,Moderate,25.7,82.6,Monsoon,0,Unknown,9,742,504.5,9.54,2917,Moderate,2025,7,July,No Flood,Normal,Moderate,No Flood
2025-07-26,Satara,Maharashtra,17.6805,73.9997,0.0,No Rain,20.7,79.5,Monsoon,0,Unknown,9,742,189.9,5.7,2942,Low,2025,7,July,No Flood,Normal,No Rain,No Flood
2025-07-26,Sangli,Maharashtra,16.8524,74.5815,17.5,Moderate,22.8,87.7,Monsoon,0,Unknown,13,549,543.8,8.92,5302,Moderate,2025,7,July,No Flood,Normal,Light,No Flood
2025-07-26,Mumbai,Maharashtra,19.076,72.8777,0.0,No Rain,28.3,73.0,Monsoon,0,Unknown,20,8,139.7,2.22,22746,Low,2025,7,July,No Flood,Normal,No Rain,No Flood
2025-07-26,Jalgaon,Maharashtra,21.0077,75.5626,12.1,Moderate,27.3,90.0,Monsoon,0,Unknown,6,209,233.8,4.85,3492,Low,2025,7,July,No Flood,Normal,Light,No Flood
2025-07-26,Ratnagiri,Maharashtra,16.9902,73.312,22.0,Moderate,23.4,83.5,Monsoon,0,Unknown,15,11,482.1,3.59,1718,Moderate,2025,7,July,No Flood,Normal,Moderate,No Flood
2025-07-27,Belagavi,Karnataka,15.8497,74.4977,0.0,No Rain,27.7,84.1,Monsoon,0,Unknown,10,762,192.9,5.79,3344,Low,2025,7,July,No Flood,Normal,No Rain,No Flood
2025-07-27,Ratnagiri,Maharashtra,16.9902,73.312,44.8,Heavy,27.8,88.4,Monsoon,1,Very High,15,11,1543.8,6.27,1754,Very High,2025,7,July,Flood,Normal,Moderate,July
2025-07-28,Ratnagiri,Maharashtra,16.9902,73.312,18.6,Moderate,28.3,88.3,Monsoon,0,Unknown,15,11,540.9,3.69,1750,Moderate,2025,7,July,No Flood,Normal,Light,No Flood
2025-07-28,Kolhapur,Maharashtra,16.705,74.2433,16.1,Moderate,26.5,82.9,Monsoon,0,Unknown,14,569,404.8,8.73,6315,Moderate,2025,7,July,No Flood,Normal,Light,No Flood
2025-07-28,Nagpur,Maharashtra,21.1458,79.0882,9.0,Moderate,27.6,82.9,Monsoon,0,Unknown,8,310,252.9,4.2,5534,Moderate,2025,7,July,No Flood,Normal,Light,No Flood
2025-07-28,Pune,Maharashtra,18.5204,73.8567,7.0,Light,23.1,86.2,Monsoon,0,Unknown,11,560,243.4,4.86,10183,Low,2025,7,July,No Flood,Normal,Light,No Flood
2025-07-28,Sangli,Maharashtra,16.8524,74.5815,20.1,Moderate,29.5,91.8,Monsoon,0,Unknown,13,549,641.4,9.47,5299,Moderate,2025,7,July,No Flood,Normal,Moderate,No Flood
2025-07-29,Belagavi,Karnataka,15.8497,74.4977,3.3,Light,25.0,91.3,Monsoon,0,Unknown,10,762,199.5,5.7,3358,Low,2025,7,July,No Flood,Normal,Light,No Flood
2025-07-29,Mumbai,Maharashtra,19.076,72.8777,7.3,Light,28.8,90.8,Monsoon,0,Unknown,20,8,206.3,2.9,22760,Moderate,2025,7,July,No Flood,Normal,Light,No Flood
2025-07-29,Pune,Maharashtra,18.5204,73.8567,9.5,Moderate,24.7,89.4,Monsoon,0,Unknown,11,560,313.8,5.47,10191,Moderate,2025,7,July,No Flood,Normal,Light,No Flood
2025-07-29,Pune,Maharashtra,18.5204,73.8567,0.0,No Rain,25.9,91.0,Monsoon,0,Unknown,11,560,174.0,4.25,10184,Low,2025,7,July,No Flood,Normal,No Rain,No Flood
2025-07-29,Sangli,Maharashtra,16.8524,74.5815,5.8,Light,23.1,86.4,Monsoon,0,Unknown,13,549,315.8,6.71,5296,Low,2025,7,July,No Flood,Normal,Light,No Flood
2025-07-30,Satara,Maharashtra,17.6805,73.9997,8.9,Moderate,22.5,72.9,Monsoon,0,Unknown,9,742,235.5,6.0,2909,Moderate,2025,7,July,No Flood,Normal,Light,No Flood
2025-07-30,Jalgaon,Maharashtra,21.0077,75.5626,10.7,Moderate,25.4,85.4,Monsoon,0,Unknown,6,209,243.0,5.69,3497,Moderate,2025,7,July,No Flood,Normal,Light,No Flood
2025-07-31,Satara,Maharashtra,17.6805,73.9997,22.1,Moderate,21.7,88.8,Monsoon,0,Unknown,9,742,492.9,9.03,2905,Moderate,2025,7,July,No Flood,Normal,Moderate,No Flood
2025-07-31,Ratnagiri,Maharashtra,16.9902,73.312,65.5,Very Heavy,23.4,90.9,Monsoon,1,Very High,15,11,1758.9,7.27,1725,Very High,2025,7,July,Flood,Extreme,Heavy,July
2025-07-31,Satara,Maharashtra,17.6805,73.9997,223.1,Extreme,24.0,99.0,Monsoon,1,Very High,9,742,8751.2,15.95,2898,Very High,2025,7,July,Flood,Extreme,Extreme,July
2025-07-31,Raigad,Maharashtra,18.5158,73.1822,131.3,Extreme,31.2,96.1,Monsoon,1,Very High,16,45,4061.0,8.99,1942,Very High,2025,7,July,Flood,Extreme,Very Heavy,July
2025-07-31,Pune,Maharashtra,18.5204,73.8567,0.0,No Rain,24.8,90.6,Monsoon,0,Unknown,11,560,213.7,4.65,10190,Low,2025,7,July,No Flood,Normal,No Rain,No Flood
2025-07-31,Kolhapur,Maharashtra,16.705,74.2433,12.1,Moderate,24.8,89.2,Monsoon,0,Unknown,14,569,435.2,9.18,6276,Moderate,2025,7,July,No Flood,Normal,Light,No Flood
2025-07-31,Belagavi,Karnataka,15.8497,74.4977,111.4,Very Heavy,27.0,99.0,Monsoon,1,Very High,10,762,3391.6,16.68,3388,Very High,2025,7,July,Flood,Extreme,Very Heavy,July
2025-08-01,Mumbai,Maharashtra,19.076,72.8777,8.3,Moderate,25.3,79.2,Monsoon,0,Unknown,20,8,274.8,3.34,22786,Moderate,2025,8,August,No Flood,Normal,Light,No Flood
2025-08-01,Mumbai,Maharashtra,19.076,72.8777,0.0,No Rain,27.0,78.8,Monsoon,0,Unknown,20,8,165.3,2.15,22766,Low,2025,8,August,No Flood,Normal,No Rain,No Flood
2025-08-01,Mumbai,Maharashtra,19.076,72.8777,0.0,No Rain,26.0,87.5,Monsoon,0,Unknown,20,8,137.3,2.48,22770,Low,2025,8,August,No Flood,Normal,No Rain,No Flood
2025-08-01,Sangli,Maharashtra,16.8524,74.5815,34.0,Moderate,25.3,99.0,Monsoon,0,Unknown,13,549,771.0,10.69,5318,High,2025,8,August,No Flood,Normal,Moderate,No Flood
2025-08-02,Panaji,Goa,15.4909,73.8278,263.2,Extreme,26.4,99.0,Monsoon,1,Very High,9,7,9952.0,6.52,2472,Very High,2025,8,August,Flood,Extreme,Extreme,August
2025-08-02,Solapur,Maharashtra,17.6599,75.9064,118.1,Very Heavy,24.4,96.2,Monsoon,1,Very High,7,458,4836.3,13.05,4109,Very High,2025,8,August,Flood,Extreme,Very Heavy,August
2025-08-02,Jalgaon,Maharashtra,21.0077,75.5626,6.9,Light,28.6,83.7,Monsoon,0,Unknown,6,209,209.6,4.57,3483,Low,2025,8,August,No Flood,Normal,Light,No Flood
2025-08-03,Pune,Maharashtra,18.5204,73.8567,8.5,Moderate,25.5,81.3,Monsoon,0,Unknown,11,560,288.4,5.83,10168,Moderate,2025,8,August,No Flood,Normal,Light,No Flood
2025-08-03,Ratnagiri,Maharashtra,16.9902,73.312,258.6,Extreme,25.6,99.0,Monsoon,1,Very High,15,11,11337.5,7.97,1720,Very High,2025,8,August,Flood,Extreme,Extreme,August
2025-08-03,Satara,Maharashtra,17.6805,73.9997,10.8,Moderate,23.8,93.3,Monsoon,0,Unknown,9,742,301.3,7.16,2944,Moderate,2025,8,August,No Flood,Normal,Light,No Flood
2025-08-03,Satara,Maharashtra,17.6805,73.9997,0.0,No Rain,22.4,93.6,Monsoon,0,Unknown,9,742,176.5,5.36,2918,Low,2025,8,August,No Flood,Normal,No Rain,No Flood
2025-08-03,Satara,Maharashtra,17.6805,73.9997,0.0,No Rain,25.0,85.0,Monsoon,0,Unknown,9,742,153.3,4.78,2943,Low,2025,8,August,No Flood,Normal,No Rain,No Flood
2025-08-03,Solapur,Maharashtra,17.6599,75.9064,11.1,Moderate,28.9,85.7,Monsoon,0,Unknown,7,458,257.0,5.78,4146,Low,2025,8,August,No Flood,Normal,Light,No Flood
2025-08-04,Satara,Maharashtra,17.6805,73.9997,44.2,Heavy,23.0,98.0,Monsoon,0,Unknown,9,742,879.2,12.27,2898,High,2025,8,August,No Flood,Normal,Moderate,No Flood
2025-08-04,Mumbai,Maharashtra,19.076,72.8777,35.6,Heavy,24.1,91.7,Monsoon,1,High,20,8,922.2,6.22,22783,Very High,2025,8,August,Flood,Normal,Moderate,August
2025-08-04,Sangli,Maharashtra,16.8524,74.5815,31.3,Moderate,28.3,88.6,Monsoon,0,Unknown,13,549,912.1,11.46,5296,High,2025,8,August,No Flood,Normal,Moderate,No Flood
2025-08-04,Belagavi,Karnataka,15.8497,74.4977,11.1,Moderate,23.2,88.2,Monsoon,0,Unknown,10,762,298.7,7.03,3380,Moderate,2025,8,August,No Flood,Normal,Light,No Flood
2025-08-04,Mumbai,Maharashtra,19.076,72.8777,0.0,No Rain,22.4,86.0,Monsoon,0,Unknown,20,8,133.9,2.02,22768,Low,2025,8,August,No Flood,Normal,No Rain,No Flood
2025-08-05,Kolhapur,Maharashtra,16.705,74.2433,111.1,Very Heavy,26.1,99.0,Monsoon,0,Unknown,14,569,3500.0,19.57,6258,Very High,2025,8,August,No Flood,Extreme,Very Heavy,No Flood
2025-08-05,Panaji,Goa,15.4909,73.8278,0.0,No Rain,28.6,88.2,Monsoon,0,Unknown,9,7,204.8,2.17,2511,Low,2025,8,August,No Flood,Normal,No Rain,No Flood
2025-08-05,Pune,Maharashtra,18.5204,73.8567,0.0,No Rain,24.2,84.2,Monsoon,0,Unknown,11,560,214.8,4.81,10173,Low,2025,8,August,No Flood,Normal,No Rain,No Flood
2025-08-06,Nagpur,Maharashtra,21.1458,79.0882,34.1,Moderate,21.9,78.9,Monsoon,0,Unknown,8,310,914.3,9.33,5515,High,2025,8,August,No Flood,Normal,Moderate,No Flood
2025-08-06,Panaji,Goa,15.4909,73.8278,87.1,Very Heavy,23.9,99.0,Monsoon,1,Very High,9,7,2450.5,6.52,2471,Very High,2025,8,August,Flood,Extreme,Heavy,August
2025-08-06,Pune,Maharashtra,18.5204,73.8567,0.0,No Rain,21.0,86.8,Monsoon,0,Unknown,11,560,220.6,4.5,10162,Low,2025,8,August,No Flood,Normal,No Rain,No Flood
2025-08-07,Kolhapur,Maharashtra,16.705,74.2433,26.2,Moderate,25.2,88.3,Monsoon,0,Unknown,14,569,746.0,11.92,6276,High,2025,8,August,No Flood,Normal,Moderate,No Flood
2025-08-07,Solapur,Maharashtra,17.6599,75.9064,0.0,No Rain,25.7,83.1,Monsoon,0,Unknown,7,458,122.8,4.6,4103,Low,2025,8,August,No Flood,Normal,No Rain,No Flood
2025-08-07,Pune,Maharashtra,18.5204,73.8567,17.7,Moderate,24.8,93.5,Monsoon,0,Unknown,11,560,423.1,7.0,10182,Moderate,2025,8,August,No Flood,Normal,Light,No Flood
2025-08-07,Kolhapur,Maharashtra,16.705,74.2433,60.3,Heavy,20.5,94.8,Monsoon,1,Very High,14,569,1840.2,19.5,6263,Very High,2025,8,August,Flood,Normal,Heavy,August
2025-08-07,Panaji,Goa,15.4909,73.8278,0.0,No Rain,24.0,96.5,Monsoon,0,Unknown,9,7,218.0,2.41,2494,Low,2025,8,August,No Flood,Normal,No Rain,No Flood
2025-08-08,Pune,Maharashtra,18.5204,73.8567,61.9,Heavy,25.6,88.1,Monsoon,1,Very High,11,560,2073.1,13.78,10205,Very High,2025,8,August,Flood,Normal,Heavy,August
2025-08-08,Kolhapur,Maharashtra,16.705,74.2433,60.6,Heavy,25.8,97.9,Monsoon,1,Very High,14,569,2086.0,19.57,6260,Very High,2025,8,August,Flood,Normal,Heavy,August
2025-08-08,Mumbai,Maharashtra,19.076,72.8777,68.9,Very Heavy,28.8,77.7,Monsoon,1,Very High,20,8,2222.6,6.96,22747,Very High,2025,8,August,Flood,Extreme,Heavy,August
2025-08-08,Sangli,Maharashtra,16.8524,74.5815,0.0,No Rain,26.9,85.6,Monsoon,0,Unknown,13,549,239.5,5.83,5332,Low,2025,8,August,No Flood,Normal,No Rain,No Flood
2025-08-09,Raigad,Maharashtra,18.5158,73.1822,40.4,Heavy,26.6,82.3,Monsoon,0,Unknown,16,45,1225.1,5.95,1957,High,2025,8,August,No Flood,Normal,Moderate,No Flood
2025-08-09,Pune,Maharashtra,18.5204,73.8567,75.3,Very Heavy,26.3,93.9,Monsoon,0,Unknown,11,560,2081.1,13.78,10178,Very High,2025,8,August,No Flood,Extreme,Heavy,No Flood
2025-08-09,Raigad,Maharashtra,18.5158,73.1822,0.0,No Rain,30.6,89.3,Monsoon,0,Unknown,16,45,277.3,3.02,1937,Moderate,2025,8,August,No Flood,Normal,No Rain,No Flood
2025-08-09,Mumbai,Maharashtra,19.076,72.8777,10.6,Moderate,25.7,82.6,Monsoon,0,Unknown,20,8,231.1,3.0,22750,Moderate,2025,8,August,No Flood,Normal,Light,No Flood
2025-08-09,Mumbai,Maharashtra,19.076,72.8777,116.5,Very Heavy,26.6,99.0,Monsoon,1,Very High,20,8,4417.6,6.96,22768,Very High,2025,8,August,Flood,Extreme,Very Heavy,August
2025-08-10,Kolhapur,Maharashtra,16.705,74.2433,12.2,Moderate,23.1,91.5,Monsoon,0,Unknown,14,569,357.3,8.02,6271,Moderate,2025,8,August,No Flood,Normal,Light,No Flood
2025-08-10,Mumbai,Maharashtra,19.076,72.8777,16.0,Moderate,29.9,88.2,Monsoon,0,Unknown,20,8,375.4,3.72,22758,Moderate,2025,8,August,No Flood,Normal,Light,No Flood
2025-08-10,Pune,Maharashtra,18.5204,73.8567,44.0,Heavy,25.8,90.9,Monsoon,1,High,11,560,1245.7,11.63,10173,Very High,2025,8,August,Flood,Normal,Moderate,August
2025-08-10,Raigad,Maharashtra,18.5158,73.1822,45.7,Heavy,27.1,87.9,Monsoon,1,Very High,16,45,1519.4,7.33,1978,Very High,2025,8,August,Flood,Normal,Moderate,August
2025-08-10,Satara,Maharashtra,17.6805,73.9997,7.8,Moderate,23.7,82.9,Monsoon,0,Unknown,9,742,279.5,6.99,2923,Moderate,2025,8,August,No Flood,Normal,Light,No Flood
2025-08-11,Solapur,Maharashtra,17.6599,75.9064,0.0,No Rain,21.5,93.7,Monsoon,0,Unknown,7,458,115.1,4.3,4091,Low,2025,8,August,No Flood,Normal,No Rain,No Flood
2025-08-11,Sangli,Maharashtra,16.8524,74.5815,12.3,Moderate,27.0,71.0,Monsoon,0,Unknown,13,549,432.0,7.66,5327,Moderate,2025,8,August,No Flood,Normal,Light,No Flood
2025-08-11,Mumbai,Maharashtra,19.076,72.8777,0.0,No Rain,25.7,81.7,Monsoon,0,Unknown,20,8,125.7,2.36,22784,Low,2025,8,August,No Flood,Normal,No Rain,No Flood
2025-08-11,Sangli,Maharashtra,16.8524,74.5815,19.2,Moderate,24.0,81.9,Monsoon,0,Unknown,13,549,459.2,8.45,5323,Moderate,2025,8,August,No Flood,Normal,Light,No Flood
2025-08-12,Ratnagiri,Maharashtra,16.9902,73.312,0.0,No Rain,27.3,81.9,Monsoon,0,Unknown,15,11,219.1,2.77,1714,Low,2025,8,August,No Flood,Normal,No Rain,No Flood
2025-08-13,Kolhapur,Maharashtra,16.705,74.2433,0.0,No Rain,25.2,82.7,Monsoon,0,Unknown,14,569,228.8,6.16,6313,Low,2025,8,August,No Flood,Normal,No Rain,No Flood
2025-08-13,Mumbai,Maharashtra,19.076,72.8777,152.4,Extreme,24.9,99.0,Monsoon,1,Very High,20,8,6373.2,6.96,22779,Very High,2025,8,August,Flood,Extreme,Very Heavy,August
2025-08-13,Raigad,Maharashtra,18.5158,73.1822,103.8,Very Heavy,24.7,84.7,Monsoon,1,Very High,16,45,3352.5,8.99,1950,Very High,2025,8,August,Flood,Extreme,Very Heavy,August
2025-08-13,Sangli,Maharashtra,16.8524,74.5815,25.3,Moderate,27.2,89.8,Monsoon,0,Unknown,13,549,801.9,10.45,5312,Moderate,2025,8,August,No Flood,Normal,Moderate,No Flood
2025-08-14,Satara,Maharashtra,17.6805,73.9997,45.5,Heavy,21.7,99.0,Monsoon,1,Very High,9,742,1187.8,15.05,2940,Very High,2025,8,August,Flood,Normal,Moderate,August
2025-08-14,Satara,Maharashtra,17.6805,73.9997,16.3,Moderate,25.4,79.6,Monsoon,0,Unknown,9,742,382.8,7.78,2942,Moderate,2025,8,August,No Flood,Normal,Light,No Flood
2025-08-14,Raigad,Maharashtra,18.5158,73.1822,4.5,Light,26.9,83.9,Monsoon,0,Unknown,16,45,273.2,2.84,1939,Moderate,2025,8,August,No Flood,Normal,Light,No Flood
2025-08-14,Pune,Maharashtra,18.5204,73.8567,5.6,Light,29.1,76.2,Monsoon,0,Unknown,11,560,266.1,4.33,10213,Low,2025,8,August,No Flood,Normal,Light,No Flood
2025-08-14,Mumbai,Maharashtra,19.076,72.8777,84.6,Very Heavy,24.0,86.9,Monsoon,1,Very High,20,8,2641.7,6.96,22781,Very High,2025,8,August,Flood,Extreme,Heavy,August
2025-08-14,Kolhapur,Maharashtra,16.705,74.2433,20.8,Moderate,21.5,88.4,Monsoon,0,Unknown,14,569,462.1,9.18,6288,Moderate,2025,8,August,No Flood,Normal,Moderate,No Flood
2025-08-15,Nashik,Maharashtra,19.9975,73.7898,124.0,Very Heavy,20.3,93.0,Monsoon,1,Very High,8,600,5117.1,14.79,4468,Very High,2025,8,August,Flood,Extreme,Very Heavy,August
2025-08-15,Mumbai,Maharashtra,19.076,72.8777,82.0,Very Heavy,27.8,92.3,Monsoon,1,Very High,20,8,2000.6,6.96,22754,Very High,2025,8,August,Flood,Extreme,Heavy,August
2025-08-15,Mumbai,Maharashtra,19.076,72.8777,33.7,Moderate,29.4,88.6,Monsoon,0,Unknown,20,8,613.9,4.66,22789,High,2025,8,August,No Flood,Normal,Moderate,No Flood
2025-08-15,Pune,Maharashtra,18.5204,73.8567,122.3,Very Heavy,22.2,99.0,Monsoon,1,Very High,11,560,4463.7,13.78,10164,Very High,2025,8,August,Flood,Extreme,Very Heavy,August
2025-08-15,Jalgaon,Maharashtra,21.0077,75.5626,15.3,Moderate,24.9,84.5,Monsoon,0,Unknown,6,209,400.2,6.76,3438,Moderate,2025,8,August,No Flood,Normal,Light,No Flood
2025-08-15,Belagavi,Karnataka,15.8497,74.4977,0.0,No Rain,25.6,81.5,Monsoon,0,Unknown,10,762,196.2,5.78,3375,Low,2025,8,August,No Flood,Normal,No Rain,No Flood
2025-08-15,Kolhapur,Maharashtra,16.705,74.2433,16.1,Moderate,24.1,81.6,Monsoon,0,Unknown,14,569,415.8,8.57,6264,Moderate,2025,8,August,No Flood,Normal,Light,No Flood
2025-08-16,Solapur,Maharashtra,17.6599,75.9064,99.6,Very Heavy,25.1,86.1,Monsoon,1,Very High,7,458,2574.6,13.05,4138,Very High,2025,8,August,Flood,Extreme,Heavy,August
2025-08-16,Kolhapur,Maharashtra,16.705,74.2433,132.3,Extreme,25.4,99.0,Monsoon,1,Very High,14,569,4345.6,19.57,6262,Very High,2025,8,August,Flood,Extreme,Very Heavy,August
2025-08-16,Mumbai,Maharashtra,19.076,72.8777,9.4,Moderate,27.0,83.4,Monsoon,0,Unknown,20,8,243.7,3.27,22746,Moderate,2025,8,August,No Flood,Normal,Light,No Flood
2025-08-16,Nagpur,Maharashtra,21.1458,79.0882,9.0,Moderate,25.8,84.6,Monsoon,0,Unknown,8,310,290.7,4.78,5501,Moderate,2025,8,August,No Flood,Normal,Light,No Flood
2025-08-16,Nashik,Maharashtra,19.9975,73.7898,88.4,Very Heavy,24.8,93.4,Monsoon,1,Very High,8,600,2980.7,14.79,4416,Very High,2025,8,August,Flood,Extreme,Heavy,August
2025-08-16,Satara,Maharashtra,17.6805,73.9997,0.0,No Rain,24.2,92.1,Monsoon,0,Unknown,9,742,172.8,5.81,2955,Low,2025,8,August,No Flood,Normal,No Rain,No Flood
2025-08-16,Satara,Maharashtra,17.6805,73.9997,0.0,No Rain,24.4,75.9,Monsoon,0,Unknown,9,742,161.3,4.86,2929,Low,2025,8,August,No Flood,Normal,No Rain,No Flood
2025-08-17,Sangli,Maharashtra,16.8524,74.5815,39.0,Heavy,26.5,87.0,Monsoon,0,Unknown,13,549,1056.8,12.56,5312,High,2025,8,August,No Flood,Normal,Moderate,No Flood
2025-08-17,Satara,Maharashtra,17.6805,73.9997,12.9,Moderate,25.4,75.1,Monsoon,0,Unknown,9,742,322.0,6.74,2953,Moderate,2025,8,August,No Flood,Normal,Light,No Flood
2025-08-17,Pune,Maharashtra,18.5204,73.8567,26.2,Moderate,25.6,81.8,Monsoon,1,Moderate,11,560,636.2,8.18,10205,High,2025,8,August,Flood,Normal,Moderate,August
2025-08-18,Panaji,Goa,15.4909,73.8278,81.2,Very Heavy,25.4,99.0,Monsoon,1,Very High,9,7,2240.9,6.52,2491,Very High,2025,8,August,Flood,Extreme,Heavy,August
2025-08-18,Mumbai,Maharashtra,19.076,72.8777,141.0,Extreme,28.4,91.9,Monsoon,1,Very High,20,8,5713.9,6.96,22746,Very High,2025,8,August,Flood,Extreme,Very Heavy,August
2025-08-19,Kolhapur,Maharashtra,16.705,74.2433,6.6,Light,24.4,90.4,Monsoon,0,Unknown,14,569,282.2,7.21,6258,Low,2025,8,August,No Flood,Normal,Light,No Flood
2025-08-19,Mumbai,Maharashtra,19.076,72.8777,76.4,Very Heavy,25.1,99.0,Monsoon,1,Very High,20,8,2586.1,6.96,22763,Very High,2025,8,August,Flood,Extreme,Heavy,August
2025-08-19,Pune,Maharashtra,18.5204,73.8567,11.3,Moderate,22.3,87.5,Monsoon,0,Unknown,11,560,386.2,6.15,10182,Moderate,2025,8,August,No Flood,Normal,Light,No Flood
2025-08-20,Kolhapur,Maharashtra,16.705,74.2433,31.2,Moderate,24.6,78.8,Monsoon,0,Unknown,14,569,634.7,10.67,6285,Moderate,2025,8,August,No Flood,Normal,Moderate,No Flood
2025-08-20,Pune,Maharashtra,18.5204,73.8567,5.8,Light,22.5,84.6,Monsoon,0,Unknown,11,560,271.5,5.2,10184,Low,2025,8,August,No Flood,Normal,Light,No Flood
2025-08-20,Raigad,Maharashtra,18.5158,73.1822,4.4,Light,25.4,72.8,Monsoon,0,Unknown,16,45,285.0,2.68,1952,Moderate,2025,8,August,No Flood,Normal,Light,No Flood
2025-08-20,Sangli,Maharashtra,16.8524,74.5815,8.2,Moderate,24.0,86.9,Monsoon,0,Unknown,13,549,364.4,7.63,5333,Moderate,2025,8,August,No Flood,Normal,Light,No Flood
2025-08-20,Sangli,Maharashtra,16.8524,74.5815,32.4,Moderate,24.3,88.7,Monsoon,0,Unknown,13,549,909.0,11.48,5322,High,2025,8,August,No Flood,Normal,Moderate,No Flood
2025-08-20,Solapur,Maharashtra,17.6599,75.9064,14.0,Moderate,30.9,74.7,Monsoon,0,Unknown,7,458,317.0,7.29,4094,Moderate,2025,8,August,No Flood,Normal,Light,No Flood
2025-08-21,Solapur,Maharashtra,17.6599,75.9064,14.1,Moderate,23.9,87.4,Monsoon,0,Unknown,7,458,281.4,6.37,4104,Moderate,2025,8,August,No Flood,Normal,Light,No Flood
2025-08-21,Satara,Maharashtra,17.6805,73.9997,0.0,No Rain,23.2,92.0,Monsoon,0,Unknown,9,742,174.3,5.33,2949,Low,2025,8,August,No Flood,Normal,No Rain,No Flood
2025-08-21,Kolhapur,Maharashtra,16.705,74.2433,8.7,Moderate,25.8,83.5,Monsoon,0,Unknown,14,569,285.9,7.63,6288,Moderate,2025,8,August,No Flood,Normal,Light,No Flood
2025-08-21,Kolhapur,Maharashtra,16.705,74.2433,0.0,No Rain,25.4,83.4,Monsoon,0,Unknown,14,569,236.1,6.83,6291,Low,2025,8,August,No Flood,Normal,No Rain,No Flood
2025-08-21,Sangli,Maharashtra,16.8524,74.5815,0.0,No Rain,23.4,80.8,Monsoon,0,Unknown,13,549,264.5,5.85,5332,Low,2025,8,August,No Flood,Normal,No Rain,No Flood
2025-08-22,Kolhapur,Maharashtra,16.705,74.2433,0.0,No Rain,25.9,73.6,Monsoon,0,Unknown,14,569,208.9,5.93,6258,Low,2025,8,August,No Flood,Normal,No Rain,No Flood
2025-08-22,Mumbai,Maharashtra,19.076,72.8777,29.8,Moderate,24.5,86.3,Monsoon,0,Unknown,20,8,592.8,4.54,22746,High,2025,8,August,No Flood,Normal,Moderate,No Flood
2025-08-22,Mumbai,Maharashtra,19.076,72.8777,11.3,Moderate,26.7,86.3,Monsoon,0,Unknown,20,8,289.7,3.25,22746,Moderate,2025,8,August,No Flood,Normal,Light,No Flood
2025-08-22,Nashik,Maharashtra,19.9975,73.7898,71.9,Very Heavy,26.2,99.0,Monsoon,1,Very High,8,600,2449.8,14.79,4431,Very High,2025,8,August,Flood,Extreme,Heavy,August
2025-08-22,Ratnagiri,Maharashtra,16.9902,73.312,53.2,Heavy,25.2,87.7,Monsoon,1,Very High,15,11,1635.0,6.93,1758,Very High,2025,8,August,Flood,Normal,Heavy,August
2025-08-23,Ratnagiri,Maharashtra,16.9902,73.312,18.1,Moderate,23.8,83.9,Monsoon,0,Unknown,15,11,529.5,3.71,1720,Moderate,2025,8,August,No Flood,Normal,Light,No Flood
2025-08-23,Sangli,Maharashtra,16.8524,74.5815,0.0,No Rain,25.7,79.3,Monsoon,0,Unknown,13,549,279.9,6.13,5318,Low,2025,8,August,No Flood,Normal,No Rain,No Flood
2025-08-23,Raigad,Maharashtra,18.5158,73.1822,0.0,No Rain,25.0,84.8,Monsoon,0,Unknown,16,45,263.9,2.81,1949,Moderate,2025,8,August,No Flood,Normal,No Rain,No Flood
2025-08-23,Jalgaon,Maharashtra,21.0077,75.5626,16.5,Moderate,27.7,88.7,Monsoon,0,Unknown,6,209,362.8,6.61,3481,Moderate,2025,8,August,No Flood,Normal,Light,No Flood
2025-08-23,Mumbai,Maharashtra,19.076,72.8777,0.0,No Rain,26.2,75.2,Monsoon,0,Unknown,20,8,128.9,2.48,22789,Low,2025,8,August,No Flood,Normal,No Rain,No Flood
2025-08-23,Mumbai,Maharashtra,19.076,72.8777,17.8,Moderate,23.9,87.9,Monsoon,0,Unknown,20,8,398.5,3.95,22779,Moderate,2025,8,August,No Flood,Normal,Light,No Flood
2025-08-23,Pune,Maharashtra,18.5204,73.8567,8.5,Moderate,24.4,86.1,Monsoon,0,Unknown,11,560,258.3,4.94,10215,Moderate,2025,8,August,No Flood,Normal,Light,No Flood
2025-08-24,Kolhapur,Maharashtra,16.705,74.2433,69.1,Very Heavy,27.1,95.0,Monsoon,1,Very High,14,569,2539.6,19.57,6308,Very High,2025,8,August,Flood,Extreme,Heavy,August
2025-08-24,Sangli,Maharashtra,16.8524,74.5815,12.2,Moderate,24.0,80.6,Monsoon,0,Unknown,13,549,401.0,7.29,5303,Moderate,2025,8,August,No Flood,Normal,Light,No Flood
2025-08-25,Solapur,Maharashtra,17.6599,75.9064,5.1,Light,27.3,81.8,Monsoon,0,Unknown,7,458,164.6,5.11,4115,Low,2025,8,August,No Flood,Normal,Light,No Flood
2025-08-26,Belagavi,Karnataka,15.8497,74.4977,12.9,Moderate,22.7,87.0,Monsoon,0,Unknown,10,762,406.7,7.82,3361,Moderate,2025,8,August,No Flood,Normal,Light,No Flood
2025-08-26,Jalgaon,Maharashtra,21.0077,75.5626,2.5,Light,23.8,94.7,Monsoon,0,Unknown,6,209,143.2,3.61,3441,Low,2025,8,August,No Flood,Normal,Light,No Flood
2025-08-26,Satara,Maharashtra,17.6805,73.9997,62.9,Heavy,21.7,82.2,Monsoon,1,Very High,9,742,2076.7,15.95,2942,Very High,2025,8,August,Flood,Normal,Heavy,August
2025-08-27,Kolhapur,Maharashtra,16.705,74.2433,25.7,Moderate,22.9,88.2,Monsoon,0,Unknown,14,569,803.1,12.33,6281,High,2025,8,August,No Flood,Normal,Moderate,No Flood
2025-08-27,Kolhapur,Maharashtra,16.705,74.2433,39.5,Heavy,27.5,91.8,Monsoon,0,Unknown,14,569,1080.7,14.47,6298,High,2025,8,August,No Flood,Normal,Moderate,No Flood
2025-08-27,Kolhapur,Maharashtra,16.705,74.2433,15.0,Moderate,24.5,89.0,Monsoon,0,Unknown,14,569,415.0,9.08,6296,Moderate,2025,8,August,No Flood,Normal,Light,No Flood
2025-08-27,Raigad,Maharashtra,18.5158,73.1822,384.0,Extreme,27.3,99.0,Monsoon,1,Very High,16,45,20392.6,8.99,1960,Very High,2025,8,August,Flood,Extreme,Extreme,August
2025-08-27,Satara,Maharashtra,17.6805,73.9997,19.7,Moderate,24.3,83.2,Monsoon,0,Unknown,9,742,504.6,9.25,2945,Moderate,2025,8,August,No Flood,Normal,Light,No Flood
2025-08-28,Satara,Maharashtra,17.6805,73.9997,0.0,No Rain,23.6,80.8,Monsoon,0,Unknown,9,742,153.9,5.34,2909,Low,2025,8,August,No Flood,Normal,No Rain,No Flood
2025-08-28,Sangli,Maharashtra,16.8524,74.5815,19.4,Moderate,25.7,99.0,Monsoon,0,Unknown,13,549,559.9,8.98,5323,Moderate,2025,8,August,No Flood,Normal,Light,No Flood
2025-08-28,Kolhapur,Maharashtra,16.705,74.2433,66.6,Very Heavy,25.3,85.9,Monsoon,1,Very High,14,569,2233.5,19.57,6308,Very High,2025,8,August,Flood,Extreme,Heavy,August
2025-08-28,Panaji,Goa,15.4909,73.8278,0.0,No Rain,22.5,82.1,Monsoon,0,Unknown,9,7,202.7,2.2,2496,Low,2025,8,August,No Flood,Normal,No Rain,No Flood
2025-08-29,Mumbai,Maharashtra,19.076,72.8777,0.0,No Rain,28.4,85.3,Monsoon,0,Unknown,20,8,133.6,2.27,22789,Low,2025,8,August,No Flood,Normal,No Rain,No Flood
2025-08-29,Mumbai,Maharashtra,19.076,72.8777,0.0,No Rain,24.1,83.6,Monsoon,0,Unknown,20,8,141.1,2.51,22751,Low,2025,8,August,No Flood,Normal,No Rain,No Flood
2025-08-29,Panaji,Goa,15.4909,73.8278,0.0,No Rain,27.0,78.8,Monsoon,0,Unknown,9,7,231.2,2.59,2503,Low,2025,8,August,No Flood,Normal,No Rain,No Flood
2025-08-29,Raigad,Maharashtra,18.5158,73.1822,23.7,Moderate,25.6,84.9,Monsoon,0,Unknown,16,45,747.1,5.3,1979,High,2025,8,August,No Flood,Normal,Moderate,No Flood
2025-08-29,Raigad,Maharashtra,18.5158,73.1822,109.3,Very Heavy,24.2,99.0,Monsoon,1,Very High,16,45,3591.5,8.99,1945,Very High,2025,8,August,Flood,Extreme,Very Heavy,August
2025-08-29,Ratnagiri,Maharashtra,16.9902,73.312,218.5,Extreme,26.3,99.0,Monsoon,1,Very High,15,11,8877.0,7.97,1718,Very High,2025,8,August,Flood,Extreme,Extreme,August
2025-08-30,Belagavi,Karnataka,15.8497,74.4977,16.8,Moderate,23.0,85.3,Monsoon,0,Unknown,10,762,345.6,7.64,3341,Moderate,2025,8,August,No Flood,Normal,Light,No Flood
2025-08-30,Jalgaon,Maharashtra,21.0077,75.5626,36.0,Heavy,23.6,96.2,Monsoon,0,Unknown,6,209,760.4,9.48,3456,High,2025,8,August,No Flood,Normal,Moderate,No Flood
2025-08-30,Mumbai,Maharashtra,19.076,72.8777,24.0,Moderate,25.4,86.6,Monsoon,1,Moderate,20,8,631.1,4.77,22769,High,2025,8,August,Flood,Normal,Moderate,August
2025-08-30,Mumbai,Maharashtra,19.076,72.8777,24.6,Moderate,25.9,87.5,Monsoon,0,Unknown,20,8,583.3,4.7,22785,High,2025,8,August,No Flood,Normal,Moderate,No Flood
2025-08-30,Mumbai,Maharashtra,19.076,72.8777,43.8,Heavy,27.1,94.9,Monsoon,1,Very High,20,8,1240.9,6.94,22766,Very High,2025,8,August,Flood,Normal,Moderate,August
2025-08-30,Nashik,Maharashtra,19.9975,73.7898,0.0,No Rain,25.1,80.4,Monsoon,0,Unknown,8,600,174.0,4.95,4447,Low,2025,8,August,No Flood,Normal,No Rain,No Flood
2025-08-30,Pune,Maharashtra,18.5204,73.8567,22.0,Moderate,24.0,73.1,Monsoon,0,Unknown,11,560,468.3,6.59,10215,Moderate,2025,8,August,No Flood,Normal,Moderate,No Flood
2025-08-31,Ratnagiri,Maharashtra,16.9902,73.312,0.0,No Rain,27.2,95.4,Monsoon,0,Unknown,15,11,223.2,2.49,1735,Low,2025,8,August,No Flood,Normal,No Rain,No Flood
2025-08-31,Mumbai,Maharashtra,19.076,72.8777,21.5,Moderate,30.2,86.9,Monsoon,0,Unknown,20,8,494.7,4.23,22753,High,2025,8,August,No Flood,Normal,Moderate,No Flood
2025-08-31,Belagavi,Karnataka,15.8497,74.4977,50.9,Heavy,24.8,81.1,Monsoon,1,Very High,10,762,1358.7,15.45,3336,Very High,2025,8,August,Flood,Normal,Heavy,August
2025-08-31,Kolhapur,Maharashtra,16.705,74.2433,32.6,Moderate,22.2,91.0,Monsoon,0,Unknown,14,569,957.7,13.52,6257,High,2025,8,August,No Flood,Normal,Moderate,No Flood
2025-09-01,Sangli,Maharashtra,16.8524,74.5815,89.6,Very Heavy,24.4,99.0,Monsoon,1,Very High,13,549,2306.9,18.48,5330,Very High,2025,9,September,Flood,Extreme,Heavy,September
2025-09-01,Sangli,Maharashtra,16.8524,74.5815,25.2,Moderate,23.9,99.0,Monsoon,0,Unknown,13,549,768.7,10.97,5340,High,2025,9,September,No Flood,Normal,Moderate,No Flood
2025-09-01,Satara,Maharashtra,17.6805,73.9997,0.0,No Rain,23.1,86.2,Monsoon,0,Unknown,9,742,154.3,4.98,2924,Low,2025,9,September,No Flood,Normal,No Rain,No Flood
2025-09-01,Satara,Maharashtra,17.6805,73.9997,0.0,No Rain,27.3,86.0,Monsoon,0,Unknown,9,742,174.5,5.37,2955,Low,2025,9,September,No Flood,Normal,No Rain,No Flood
2025-09-02,Raigad,Maharashtra,18.5158,73.1822,0.0,No Rain,29.5,91.5,Monsoon,0,Unknown,16,45,259.3,2.58,1973,Low,2025,9,September,No Flood,Normal,No Rain,No Flood
2025-09-02,Jalgaon,Maharashtra,21.0077,75.5626,3.9,Light,19.2,74.1,Monsoon,0,Unknown,6,209,188.6,4.55,3458,Low,2025,9,September,No Flood,Normal,Light,No Flood
2025-09-02,Kolhapur,Maharashtra,16.705,74.2433,33.1,Moderate,24.6,98.1,Monsoon,0,Unknown,14,569,829.2,12.32,6299,High,2025,9,September,No Flood,Normal,Moderate,No Flood
2025-09-02,Sangli,Maharashtra,16.8524,74.5815,46.9,Heavy,24.6,88.0,Monsoon,0,Unknown,13,549,1352.5,14.36,5328,High,2025,9,September,No Flood,Normal,Moderate,No Flood
2025-09-02,Solapur,Maharashtra,17.6599,75.9064,14.7,Moderate,25.0,91.9,Monsoon,0,Unknown,7,458,290.6,6.94,4107,Moderate,2025,9,September,No Flood,Normal,Light,No Flood
2025-09-03,Pune,Maharashtra,18.5204,73.8567,5.7,Light,23.5,89.4,Monsoon,0,Unknown,11,560,233.3,4.22,10162,Low,2025,9,September,No Flood,Normal,Light,No Flood
2025-09-03,Satara,Maharashtra,17.6805,73.9997,24.4,Moderate,21.1,90.8,Monsoon,0,Unknown,9,742,598.8,9.65,2949,Moderate,2025,9,September,No Flood,Normal,Moderate,No Flood
2025-09-04,Kolhapur,Maharashtra,16.705,74.2433,19.4,Moderate,24.8,83.8,Monsoon,0,Unknown,14,569,589.6,10.56,6260,Moderate,2025,9,September,No Flood,Normal,Light,No Flood
2025-09-04,Nagpur,Maharashtra,21.1458,79.0882,155.2,Extreme,26.0,99.0,Monsoon,1,Very High,8,310,6219.5,12.32,5556,Very High,2025,9,September,Flood,Extreme,Very Heavy,September
2025-09-05,Mumbai,Maharashtra,19.076,72.8777,52.8,Heavy,24.0,99.0,Monsoon,0,Unknown,20,8,1181.8,6.79,22786,Very High,2025,9,September,No Flood,Normal,Heavy,No Flood
2025-09-05,Jalgaon,Maharashtra,21.0077,75.5626,5.4,Light,23.5,86.8,Monsoon,0,Unknown,6,209,179.1,4.28,3458,Low,2025,9,September,No Flood,Normal,Light,No Flood
2025-09-05,Ratnagiri,Maharashtra,16.9902,73.312,13.6,Moderate,25.0,86.5,Monsoon,0,Unknown,15,11,385.7,3.07,1708,Moderate,2025,9,September,No Flood,Normal,Light,No Flood
2025-09-06,Sangli,Maharashtra,16.8524,74.5815,113.5,Very Heavy,21.7,99.0,Monsoon,1,Very High,13,549,3621.6,18.56,5332,Very High,2025,9,September,Flood,Extreme,Very Heavy,September
2025-09-06,Ratnagiri,Maharashtra,16.9902,73.312,82.8,Very Heavy,23.7,93.1,Monsoon,1,Very High,15,11,3117.7,7.97,1747,Very High,2025,9,September,Flood,Extreme,Heavy,September
2025-09-06,Nashik,Maharashtra,19.9975,73.7898,23.8,Moderate,23.9,92.2,Monsoon,0,Unknown,8,600,649.4,9.72,4469,Moderate,2025,9,September,No Flood,Normal,Moderate,No Flood
2025-09-06,Nashik,Maharashtra,19.9975,73.7898,65.6,Very Heavy,27.2,91.5,Monsoon,0,Unknown,8,600,2160.3,14.79,4469,Very High,2025,9,September,No Flood,Extreme,Heavy,No Flood
2025-09-07,Nagpur,Maharashtra,21.1458,79.0882,0.0,No Rain,26.0,86.2,Monsoon,0,Unknown,8,310,186.1,4.05,5508,Low,2025,9,September,No Flood,Normal,No Rain,No Flood
2025-09-07,Pune,Maharashtra,18.5204,73.8567,19.3,Moderate,24.4,87.6,Monsoon,0,Unknown,11,560,568.5,7.44,10180,Moderate,2025,9,September,No Flood,Normal,Light,No Flood
2025-09-07,Sangli,Maharashtra,16.8524,74.5815,5.7,Light,25.5,77.0,Monsoon,0,Unknown,13,549,284.5,5.97,5332,Low,2025,9,September,No Flood,Normal,Light,No Flood
2025-09-08,Nashik,Maharashtra,19.9975,73.7898,53.7,Heavy,28.9,92.7,Monsoon,0,Unknown,8,600,1207.1,13.18,4473,High,2025,9,September,No Flood,Normal,Heavy,No Flood
2025-09-08,Solapur,Maharashtra,17.6599,75.9064,0.0,No Rain,26.7,84.6,Monsoon,0,Unknown,7,458,104.2,3.87,4093,Low,2025,9,September,No Flood,Normal,No Rain,No Flood
2025-09-09,Kolhapur,Maharashtra,16.705,74.2433,11.3,Moderate,23.2,83.4,Monsoon,0,Unknown,14,569,363.8,7.71,6308,Moderate,2025,9,September,No Flood,Normal,Light,No Flood
2025-09-09,Nashik,Maharashtra,19.9975,73.7898,32.9,Moderate,21.5,83.7,Monsoon,1,Moderate,8,600,725.5,9.92,4424,High,2025,9,September,Flood,Normal,Moderate,September
2025-09-09,Ratnagiri,Maharashtra,16.9902,73.312,23.3,Moderate,26.2,77.0,Monsoon,0,Unknown,15,11,505.3,4.01,1751,High,2025,9,September,No Flood,Normal,Moderate,No Flood
2025-09-09,Sangli,Maharashtra,16.8524,74.5815,0.0,No Rain,22.8,91.4,Monsoon,0,Unknown,13,549,261.3,6.16,5340,Low,2025,9,September,No Flood,Normal,No Rain,No Flood
2025-09-09,Satara,Maharashtra,17.6805,73.9997,16.7,Moderate,22.6,84.5,Monsoon,0,Unknown,9,742,338.3,7.13,2934,Moderate,2025,9,September,No Flood,Normal,Light,No Flood
2025-09-09,Solapur,Maharashtra,17.6599,75.9064,29.8,Moderate,22.4,86.1,Monsoon,0,Unknown,7,458,854.6,11.6,4148,High,2025,9,September,No Flood,Normal,Moderate,No Flood
2025-09-10,Satara,Maharashtra,17.6805,73.9997,24.8,Moderate,23.8,83.0,Monsoon,0,Unknown,9,742,615.7,10.22,2923,Moderate,2025,9,September,No Flood,Normal,Moderate,No Flood
2025-09-10,Satara,Maharashtra,17.6805,73.9997,3.5,Light,25.7,89.5,Monsoon,0,Unknown,9,742,194.8,5.65,2943,Low,2025,9,September,No Flood,Normal,Light,No Flood
2025-09-10,Ratnagiri,Maharashtra,16.9902,73.312,6.6,Light,22.4,86.5,Monsoon,0,Unknown,15,11,282.1,3.28,1707,Moderate,2025,9,September,No Flood,Normal,Light,No Flood
2025-09-10,Satara,Maharashtra,17.6805,73.9997,9.1,Moderate,22.9,98.0,Monsoon,0,Unknown,9,742,261.4,6.53,2940,Moderate,2025,9,September,No Flood,Normal,Light,No Flood
2025-09-10,Ratnagiri,Maharashtra,16.9902,73.312,32.8,Moderate,24.9,83.2,Monsoon,0,Unknown,15,11,794.9,4.78,1722,High,2025,9,September,No Flood,Normal,Moderate,No Flood
2025-09-10,Ratnagiri,Maharashtra,16.9902,73.312,7.5,Light,29.1,66.9,Monsoon,0,Unknown,15,11,311.3,2.77,1720,Moderate,2025,9,September,No Flood,Normal,Light,No Flood
2025-09-10,Nagpur,Maharashtra,21.1458,79.0882,0.0,No Rain,25.7,77.6,Monsoon,0,Unknown,8,310,179.0,3.82,5502,Low,2025,9,September,No Flood,Normal,No Rain,No Flood
2025-09-11,Satara,Maharashtra,17.6805,73.9997,62.3,Heavy,25.1,90.1,Monsoon,1,Very High,9,742,1381.1,15.95,2901,Very High,2025,9,September,Flood,Normal,Heavy,September
2025-09-12,Belagavi,Karnataka,15.8497,74.4977,11.6,Moderate,25.2,87.6,Monsoon,0,Unknown,10,762,310.7,6.92,3385,Moderate,2025,9,September,No Flood,Normal,Light,No Flood
2025-09-12,Kolhapur,Maharashtra,16.705,74.2433,0.0,No Rain,22.5,80.3,Monsoon,0,Unknown,14,569,230.1,6.45,6258,Low,2025,9,September,No Flood,Normal,No Rain,No Flood
2025-09-12,Mumbai,Maharashtra,19.076,72.8777,6.2,Light,23.7,83.0,Monsoon,0,Unknown,20,8,185.6,2.78,22746,Moderate,2025,9,September,No Flood,Normal,Light,No Flood
2025-09-12,Ratnagiri,Maharashtra,16.9902,73.312,9.3,Moderate,24.0,85.0,Monsoon,0,Unknown,15,11,334.9,2.94,1733,Moderate,2025,9,September,No Flood,Normal,Light,No Flood
2025-09-13,Mumbai,Maharashtra,19.076,72.8777,61.6,Heavy,27.3,91.0,Monsoon,1,Very High,20,8,1822.8,6.96,22749,Very High,2025,9,September,Flood,Normal,Heavy,September
2025-09-13,Belagavi,Karnataka,15.8497,74.4977,7.9,Moderate,25.4,83.5,Monsoon,0,Unknown,10,762,266.9,6.4,3379,Moderate,2025,9,September,No Flood,Normal,Light,No Flood
2025-09-14,Raigad,Maharashtra,18.5158,73.1822,45.2,Heavy,28.2,92.8,Monsoon,0,Unknown,16,45,1310.7,6.89,1980,Very High,2025,9,September,No Flood,Normal,Moderate,No Flood
2025-09-15,Pune,Maharashtra,18.5204,73.8567,113.1,Very Heavy,25.5,99.0,Monsoon,1,Very High,11,560,2966.7,13.78,10202,Very High,2025,9,September,Flood,Extreme,Very Heavy,September
2025-09-15,Raigad,Maharashtra,18.5158,73.1822,0.0,No Rain,25.7,74.9,Monsoon,0,Unknown,16,45,238.0,2.15,1923,Low,2025,9,September,No Flood,Normal,No Rain,No Flood
2025-09-15,Sangli,Maharashtra,16.8524,74.5815,0.0,No Rain,25.4,91.9,Monsoon,0,Unknown,13,549,279.4,5.97,5305,Low,2025,9,September,No Flood,Normal,No Rain,No Flood
2025-09-16,Kolhapur,Maharashtra,16.705,74.2433,6.6,Light,20.2,80.1,Monsoon,0,Unknown,14,569,327.6,7.53,6278,Low,2025,9,September,No Flood,Normal,Light,No Flood
2025-09-16,Sangli,Maharashtra,16.8524,74.5815,12.2,Moderate,25.8,82.0,Monsoon,0,Unknown,13,549,453.1,8.19,5290,Moderate,2025,9,September,No Flood,Normal,Light,No Flood
2025-09-17,Belagavi,Karnataka,15.8497,74.4977,7.0,Light,21.3,88.7,Monsoon,0,Unknown,10,762,252.1,6.25,3353,Low,2025,9,September,No Flood,Normal,Light,No Flood
2025-09-17,Kolhapur,Maharashtra,16.705,74.2433,0.0,No Rain,23.0,81.3,Monsoon,0,Unknown,14,569,192.2,5.68,6261,Low,2025,9,September,No Flood,Normal,No Rain,No Flood
2025-09-18,Kolhapur,Maharashtra,16.705,74.2433,10.2,Moderate,25.0,88.3,Monsoon,0,Unknown,14,569,305.0,7.45,6274,Moderate,2025,9,September,No Flood,Normal,Light,No Flood
2025-09-18,Raigad,Maharashtra,18.5158,73.1822,30.6,Moderate,25.7,86.5,Monsoon,0,Unknown,16,45,775.9,5.14,1935,High,2025,9,September,No Flood,Normal,Moderate,No Flood
2025-09-19,Sangli,Maharashtra,16.8524,74.5815,8.3,Moderate,26.5,84.8,Monsoon,0,Unknown,13,549,359.0,7.05,5333,Moderate,2025,9,September,No Flood,Normal,Light,No Flood
2025-09-19,Ratnagiri,Maharashtra,16.9902,73.312,34.6,Moderate,25.8,92.0,Monsoon,0,Unknown,15,11,853.4,4.47,1750,High,2025,9,September,No Flood,Normal,Moderate,No Flood
2025-09-20,Kolhapur,Maharashtra,16.705,74.2433,56.2,Heavy,24.3,88.7,Monsoon,1,Very High,14,569,1671.1,18.59,6287,Very High,2025,9,September,Flood,Normal,Heavy,September
2025-09-20,Kolhapur,Maharashtra,16.705,74.2433,25.1,Moderate,23.8,87.5,Monsoon,1,Moderate,14,569,689.7,11.87,6301,High,2025,9,September,Flood,Normal,Moderate,September
2025-09-20,Mumbai,Maharashtra,19.076,72.8777,10.3,Moderate,26.9,83.8,Monsoon,0,Unknown,20,8,278.5,3.08,22752,Moderate,2025,9,September,No Flood,Normal,Light,No Flood
2025-09-20,Mumbai,Maharashtra,19.076,72.8777,33.9,Moderate,27.1,98.6,Monsoon,1,High,20,8,817.2,5.19,22775,Very High,2025,9,September,Flood,Normal,Moderate,September
2025-09-20,Sangli,Maharashtra,16.8524,74.5815,12.5,Moderate,24.1,86.2,Monsoon,0,Unknown,13,549,400.6,7.63,5299,Moderate,2025,9,September,No Flood,Normal,Light,No Flood
2025-09-20,Solapur,Maharashtra,17.6599,75.9064,223.5,Extreme,26.6,99.0,Monsoon,1,Very High,7,458,10727.9,13.05,4125,Very High,2025,9,September,Flood,Extreme,Extreme,September
2025-09-21,Nashik,Maharashtra,19.9975,73.7898,33.9,Moderate,20.6,80.1,Monsoon,0,Unknown,8,600,952.6,11.71,4443,High,2025,9,September,No Flood,Normal,Moderate,No Flood
2025-09-22,Pune,Maharashtra,18.5204,73.8567,0.0,No Rain,25.2,82.9,Monsoon,0,Unknown,11,560,198.7,4.62,10190,Low,2025,9,September,No Flood,Normal,No Rain,No Flood
2025-09-22,Kolhapur,Maharashtra,16.705,74.2433,0.0,No Rain,27.4,83.4,Monsoon,0,Unknown,14,569,219.7,6.24,6259,Low,2025,9,September,No Flood,Normal,No Rain,No Flood
2025-09-22,Kolhapur,Maharashtra,16.705,74.2433,0.0,No Rain,22.7,80.9,Monsoon,0,Unknown,14,569,239.9,6.63,6282,Low,2025,9,September,No Flood,Normal,No Rain,No Flood
2025-09-23,Kolhapur,Maharashtra,16.705,74.2433,0.8,Light,21.3,82.6,Monsoon,0,Unknown,14,569,219.0,6.04,6316,Low,2025,9,September,No Flood,Normal,Light,No Flood
2025-09-23,Kolhapur,Maharashtra,16.705,74.2433,0.0,No Rain,27.7,87.2,Monsoon,0,Unknown,14,569,190.8,5.54,6304,Low,2025,9,September,No Flood,Normal,No Rain,No Flood
2025-09-23,Mumbai,Maharashtra,19.076,72.8777,7.6,Moderate,25.4,94.1,Monsoon,0,Unknown,20,8,227.2,2.88,22787,Moderate,2025,9,September,No Flood,Normal,Light,No Flood
2025-09-23,Pune,Maharashtra,18.5204,73.8567,12.2,Moderate,29.4,80.5,Monsoon,0,Unknown,11,560,372.7,6.4,10196,Moderate,2025,9,September,No Flood,Normal,Light,No Flood
2025-09-25,Kolhapur,Maharashtra,16.705,74.2433,109.3,Very Heavy,23.1,99.0,Monsoon,1,Very High,14,569,4318.8,19.57,6306,Very High,2025,9,September,Flood,Extreme,Very Heavy,September
2025-09-25,Mumbai,Maharashtra,19.076,72.8777,10.7,Moderate,21.9,76.7,Monsoon,0,Unknown,20,8,254.4,3.06,22790,Moderate,2025,9,September,No Flood,Normal,Light,No Flood
2025-09-25,Sangli,Maharashtra,16.8524,74.5815,14.0,Moderate,30.0,82.0,Monsoon,0,Unknown,13,549,481.4,8.03,5339,Moderate,2025,9,September,No Flood,Normal,Light,No Flood
2025-09-26,Raigad,Maharashtra,18.5158,73.1822,34.0,Moderate,22.5,88.8,Monsoon,0,Unknown,16,45,985.0,5.68,1938,High,2025,9,September,No Flood,Normal,Moderate,No Flood
2025-09-26,Mumbai,Maharashtra,19.076,72.8777,0.0,No Rain,24.8,94.1,Monsoon,0,Unknown,20,8,162.0,2.65,22744,Low,2025,9,September,No Flood,Normal,No Rain,No Flood
2025-09-26,Kolhapur,Maharashtra,16.705,74.2433,0.0,No Rain,21.1,82.5,Monsoon,0,Unknown,14,569,209.4,6.15,6276,Low,2025,9,September,No Flood,Normal,No Rain,No Flood
2025-09-28,Belagavi,Karnataka,15.8497,74.4977,47.3,Heavy,24.5,83.2,Monsoon,1,High,10,762,1021.6,13.39,3385,Very High,2025,9,September,Flood,Normal,Moderate,September
2025-09-28,Pune,Maharashtra,18.5204,73.8567,0.0,No Rain,27.2,83.7,Monsoon,0,Unknown,11,560,189.8,4.39,10194,Low,2025,9,September,No Flood,Normal,No Rain,No Flood
2025-09-28,Solapur,Maharashtra,17.6599,75.9064,15.9,Moderate,26.8,79.1,Monsoon,0,Unknown,7,458,380.7,7.76,4103,Moderate,2025,9,September,No Flood,Normal,Light,No Flood
2025-09-29,Ratnagiri,Maharashtra,16.9902,73.312,0.0,No Rain,22.9,98.2,Monsoon,0,Unknown,15,11,225.6,2.41,1740,Low,2025,9,September,No Flood,Normal,No Rain,No Flood
2025-09-29,Sangli,Maharashtra,16.8524,74.5815,37.9,Heavy,24.6,77.2,Monsoon,1,High,13,549,1091.4,12.76,5286,Very High,2025,9,September,Flood,Normal,Moderate,September
2025-09-30,Nagpur,Maharashtra,21.1458,79.0882,20.4,Moderate,22.8,82.1,Monsoon,0,Unknown,8,310,485.6,6.64,5519,Moderate,2025,9,September,No Flood,Normal,Moderate,No Flood
2025-09-30,Panaji,Goa,15.4909,73.8278,0.0,No Rain,25.6,86.4,Monsoon,0,Unknown,9,7,196.4,2.17,2520,Low,2025,9,September,No Flood,Normal,No Rain,No Flood
2025-09-30,Raigad,Maharashtra,18.5158,73.1822,25.4,Moderate,26.1,79.4,Monsoon,0,Unknown,16,45,842.5,4.86,1976,High,2025,9,September,No Flood,Normal,Moderate,No Flood
2025-09-30,Ratnagiri,Maharashtra,16.9902,73.312,0.0,No Rain,26.0,93.7,Monsoon,0,Unknown,15,11,216.6,2.79,1707,Low,2025,9,September,No Flood,Normal,No Rain,No Flood
2025-09-30,Ratnagiri,Maharashtra,16.9902,73.312,21.8,Moderate,25.3,96.6,Monsoon,0,Unknown,15,11,665.9,4.0,1752,High,2025,9,September,No Flood,Normal,Moderate,No Flood
2025-09-30,Sangli,Maharashtra,16.8524,74.5815,0.0,No Rain,22.2,77.2,Monsoon,0,Unknown,13,549,250.9,5.82,5290,Low,2025,9,September,No Flood,Normal,No Rain,No Flood
2025-09-30,Sangli,Maharashtra,16.8524,74.5815,23.7,Moderate,21.8,85.8,Monsoon,0,Unknown,13,549,620.1,9.69,5317,Moderate,2025,9,September,No Flood,Normal,Moderate,No Flood
2025-09-30,Sangli,Maharashtra,16.8524,74.5815,96.7,Very Heavy,22.4,93.2,Monsoon,1,Very High,13,549,3337.0,18.56,5322,Very High,2025,9,September,Flood,Extreme,Heavy,September
2025-10-04,Kolhapur,Maharashtra,16.705,74.2433,0.0,No Rain,21.6,61.4,Post-Monsoon,0,Unknown,14,569,56.2,2.98,6307,Low,2025,10,October,No Flood,Normal,No Rain,No Flood
2025-10-05,Sangli,Maharashtra,16.8524,74.5815,56.9,Heavy,24.0,67.1,Post-Monsoon,1,Very High,13,549,1561.2,15.4,5307,Very High,2025,10,October,Flood,Normal,Heavy,October
2025-10-06,Jalgaon,Maharashtra,21.0077,75.5626,0.0,No Rain,27.4,60.6,Post-Monsoon,0,Unknown,6,209,37.1,2.13,3494,Low,2025,10,October,No Flood,Normal,No Rain,No Flood
2025-10-09,Panaji,Goa,15.4909,73.8278,0.0,No Rain,25.3,68.4,Post-Monsoon,0,Unknown,9,7,72.4,1.46,2470,Low,2025,10,October,No Flood,Normal,No Rain,No Flood
2025-10-09,Pune,Maharashtra,18.5204,73.8567,0.0,No Rain,22.7,63.3,Post-Monsoon,0,Unknown,11,560,77.9,3.04,10185,Low,2025,10,October,No Flood,Normal,No Rain,No Flood
2025-10-10,Sangli,Maharashtra,16.8524,74.5815,0.0,No Rain,25.6,59.5,Post-Monsoon,0,Unknown,13,549,109.5,3.71,5308,Low,2025,10,October,No Flood,Normal,No Rain,No Flood
2025-10-11,Jalgaon,Maharashtra,21.0077,75.5626,2.2,Light,23.3,71.0,Post-Monsoon,0,Unknown,6,209,63.9,2.52,3494,Low,2025,10,October,No Flood,Normal,Light,No Flood
2025-10-11,Sangli,Maharashtra,16.8524,74.5815,0.0,No Rain,27.7,70.3,Post-Monsoon,0,Unknown,13,549,86.4,3.39,5302,Low,2025,10,October,No Flood,Normal,No Rain,No Flood
2025-10-12,Pune,Maharashtra,18.5204,73.8567,3.6,Light,20.5,65.0,Post-Monsoon,0,Unknown,11,560,131.6,3.2,10213,Low,2025,10,October,No Flood,Normal,Light,No Flood
2025-10-12,Satara,Maharashtra,17.6805,73.9997,27.4,Moderate,29.6,58.2,Post-Monsoon,0,Unknown,9,742,602.0,10.5,2907,Moderate,2025,10,October,No Flood,Normal,Moderate,No Flood
2025-10-13,Sangli,Maharashtra,16.8524,74.5815,0.0,No Rain,28.2,71.0,Post-Monsoon,0,Unknown,13,549,98.0,3.33,5328,Low,2025,10,October,No Flood,Normal,No Rain,No Flood
2025-10-14,Mumbai,Maharashtra,19.076,72.8777,0.0,No Rain,26.4,58.3,Post-Monsoon,0,Unknown,20,8,19.3,0.8,22787,Low,2025,10,October,No Flood,Normal,No Rain,No Flood
2025-10-15,Nagpur,Maharashtra,21.1458,79.0882,0.0,No Rain,30.1,67.3,Post-Monsoon,0,Unknown,8,310,65.7,2.16,5522,Low,2025,10,October,No Flood,Normal,No Rain,No Flood
2025-10-15,Sangli,Maharashtra,16.8524,74.5815,0.0,No Rain,27.8,66.2,Post-Monsoon,0,Unknown,13,549,74.2,3.51,5302,Low,2025,10,October,No Flood,Normal,No Rain,No Flood
2025-10-16,Mumbai,Maharashtra,19.076,72.8777,3.3,Light,33.7,66.3,Post-Monsoon,0,Unknown,20,8,96.0,2.04,22751,Low,2025,10,October,No Flood,Normal,Light,No Flood
2025-10-18,Ratnagiri,Maharashtra,16.9902,73.312,0.0,No Rain,28.2,52.7,Post-Monsoon,0,Unknown,15,11,112.8,1.72,1739,Low,2025,10,October,No Flood,Normal,No Rain,No Flood
2025-10-20,Satara,Maharashtra,17.6805,73.9997,0.0,No Rain,26.5,67.7,Post-Monsoon,0,Unknown,9,742,81.8,3.61,2918,Low,2025,10,October,No Flood,Normal,No Rain,No Flood
2025-10-21,Raigad,Maharashtra,18.5158,73.1822,5.0,Light,27.6,47.7,Post-Monsoon,0,Unknown,16,45,170.4,3.04,1964,Low,2025,10,October,No Flood,Normal,Light,No Flood
2025-10-22,Kolhapur,Maharashtra,16.705,74.2433,0.0,No Rain,24.5,60.5,Post-Monsoon,0,Unknown,14,569,112.8,4.5,6267,Low,2025,10,October,No Flood,Normal,No Rain,No Flood
2025-10-23,Pune,Maharashtra,18.5204,73.8567,0.0,No Rain,26.7,60.3,Post-Monsoon,0,Unknown,11,560,53.4,2.12,10208,Low,2025,10,October,No Flood,Normal,No Rain,No Flood
2025-10-23,Pune,Maharashtra,18.5204,73.8567,0.0,No Rain,25.1,59.4,Post-Monsoon,0,Unknown,11,560,90.9,3.2,10200,Low,2025,10,October,No Flood,Normal,No Rain,No Flood
2025-10-23,Sangli,Maharashtra,16.8524,74.5815,0.0,No Rain,24.1,68.5,Post-Monsoon,0,Unknown,13,549,96.2,3.65,5317,Low,2025,10,October,No Flood,Normal,No Rain,No Flood
2025-10-24,Kolhapur,Maharashtra,16.705,74.2433,14.0,Moderate,27.7,65.7,Post-Monsoon,0,Unknown,14,569,225.0,6.38,6309,Moderate,2025,10,October,No Flood,Normal,Light,No Flood
2025-10-24,Sangli,Maharashtra,16.8524,74.5815,9.1,Moderate,27.1,72.8,Post-Monsoon,0,Unknown,13,549,224.3,5.68,5298,Moderate,2025,10,October,No Flood,Normal,Light,No Flood
2025-10-25,Kolhapur,Maharashtra,16.705,74.2433,0.0,No Rain,25.4,61.4,Post-Monsoon,0,Unknown,14,569,73.5,3.59,6277,Low,2025,10,October,No Flood,Normal,No Rain,No Flood
2025-10-26,Solapur,Maharashtra,17.6599,75.9064,0.0,No Rain,23.5,66.9,Post-Monsoon,0,Unknown,7,458,24.3,1.82,4101,Low,2025,10,October,No Flood,Normal,No Rain,No Flood
2025-10-27,Jalgaon,Maharashtra,21.0077,75.5626,0.0,No Rain,28.5,70.6,Post-Monsoon,0,Unknown,6,209,60.1,2.85,3455,Low,2025,10,October,No Flood,Normal,No Rain,No Flood
2025-10-27,Raigad,Maharashtra,18.5158,73.1822,5.8,Light,28.5,68.3,Post-Monsoon,0,Unknown,16,45,174.2,2.36,1950,Low,2025,10,October,No Flood,Normal,Light,No Flood
2025-10-27,Satara,Maharashtra,17.6805,73.9997,0.0,No Rain,21.2,60.9,Post-Monsoon,0,Unknown,9,742,47.8,2.51,2912,Low,2025,10,October,No Flood,Normal,No Rain,No Flood
2025-10-28,Ratnagiri,Maharashtra,16.9902,73.312,7.3,Light,21.6,69.6,Post-Monsoon,0,Unknown,15,11,150.9,2.05,1727,Low,2025,10,October,No Flood,Normal,Light,No Flood
2025-10-29,Sangli,Maharashtra,16.8524,74.5815,0.0,No Rain,24.2,71.5,Post-Monsoon,0,Unknown,13,549,72.3,3.17,5319,Low,2025,10,October,No Flood,Normal,No Rain,No Flood
2025-10-30,Ratnagiri,Maharashtra,16.9902,73.312,0.0,No Rain,33.0,74.4,Post-Monsoon,0,Unknown,15,11,102.7,1.36,1712,Low,2025,10,October,No Flood,Normal,No Rain,No Flood
2025-11-01,Raigad,Maharashtra,18.5158,73.1822,0.0,No Rain,22.8,66.5,Post-Monsoon,0,Unknown,16,45,104.1,1.65,1964,Low,2025,11,November,No Flood,Normal,No Rain,No Flood
2025-11-04,Satara,Maharashtra,17.6805,73.9997,1.0,Light,25.0,52.9,Post-Monsoon,0,Unknown,9,742,82.7,3.68,2924,Low,2025,11,November,No Flood,Normal,Light,No Flood
2025-11-04,Sangli,Maharashtra,16.8524,74.5815,0.0,No Rain,29.5,69.2,Post-Monsoon,0,Unknown,13,549,119.6,3.77,5338,Low,2025,11,November,No Flood,Normal,No Rain,No Flood
2025-11-06,Satara,Maharashtra,17.6805,73.9997,0.0,No Rain,23.8,50.0,Post-Monsoon,0,Unknown,9,742,78.6,3.47,2950,Low,2025,11,November,No Flood,Normal,No Rain,No Flood
2025-11-06,Solapur,Maharashtra,17.6599,75.9064,0.0,No Rain,29.7,67.5,Post-Monsoon,0,Unknown,7,458,42.0,2.66,4111,Low,2025,11,November,No Flood,Normal,No Rain,No Flood
2025-11-07,Nagpur,Maharashtra,21.1458,79.0882,0.0,No Rain,26.4,58.3,Post-Monsoon,0,Unknown,8,310,70.7,2.23,5554,Low,2025,11,November,No Flood,Normal,No Rain,No Flood
2025-11-08,Sangli,Maharashtra,16.8524,74.5815,0.0,No Rain,24.4,68.7,Post-Monsoon,0,Unknown,13,549,108.3,3.74,5337,Low,2025,11,November,No Flood,Normal,No Rain,No Flood
2025-11-08,Sangli,Maharashtra,16.8524,74.5815,0.0,No Rain,30.4,55.7,Post-Monsoon,0,Unknown,13,549,101.1,3.1,5307,Low,2025,11,November,No Flood,Normal,No Rain,No Flood
2025-11-09,Raigad,Maharashtra,18.5158,73.1822,0.0,No Rain,30.6,64.5,Post-Monsoon,0,Unknown,16,45,106.5,1.43,1976,Low,2025,11,November,No Flood,Normal,No Rain,No Flood
2025-11-11,Satara,Maharashtra,17.6805,73.9997,0.0,No Rain,24.1,72.1,Post-Monsoon,0,Unknown,9,742,77.5,3.77,2909,Low,2025,11,November,No Flood,Normal,No Rain,No Flood
2025-11-11,Ratnagiri,Maharashtra,16.9902,73.312,0.0,No Rain,31.5,53.5,Post-Monsoon,0,Unknown,15,11,93.3,1.88,1751,Low,2025,11,November,No Flood,Normal,No Rain,No Flood
2025-11-12,Belagavi,Karnataka,15.8497,74.4977,1.9,Light,26.0,58.2,Post-Monsoon,0,Unknown,10,762,46.8,2.46,3354,Low,2025,11,November,No Flood,Normal,Light,No Flood
2025-11-13,Ratnagiri,Maharashtra,16.9902,73.312,0.0,No Rain,21.9,57.1,Post-Monsoon,0,Unknown,15,11,121.5,2.05,1729,Low,2025,11,November,No Flood,Normal,No Rain,No Flood
2025-11-14,Mumbai,Maharashtra,19.076,72.8777,35.3,Moderate,28.9,54.1,Post-Monsoon,0,Unknown,20,8,681.0,5.55,22755,Very High,2025,11,November,No Flood,Normal,Moderate,No Flood
2025-11-15,Nagpur,Maharashtra,21.1458,79.0882,0.0,No Rain,29.0,65.8,Post-Monsoon,0,Unknown,8,310,95.7,2.6,5554,Low,2025,11,November,No Flood,Normal,No Rain,No Flood
2025-11-15,Sangli,Maharashtra,16.8524,74.5815,0.0,No Rain,23.3,77.0,Post-Monsoon,0,Unknown,13,549,118.2,3.91,5330,Low,2025,11,November,No Flood,Normal,No Rain,No Flood
2025-11-15,Sangli,Maharashtra,16.8524,74.5815,5.9,Light,24.8,66.7,Post-Monsoon,0,Unknown,13,549,152.1,4.31,5310,Low,2025,11,November,No Flood,Normal,Light,No Flood
2025-11-17,Kolhapur,Maharashtra,16.705,74.2433,0.0,No Rain,26.1,68.5,Post-Monsoon,0,Unknown,14,569,97.8,4.14,6307,Low,2025,11,November,No Flood,Normal,No Rain,No Flood
2025-11-17,Kolhapur,Maharashtra,16.705,74.2433,0.0,No Rain,25.7,69.2,Post-Monsoon,0,Unknown,14,569,68.2,3.29,6311,Low,2025,11,November,No Flood,Normal,No Rain,No Flood
2025-11-17,Solapur,Maharashtra,17.6599,75.9064,0.0,No Rain,25.9,68.2,Post-Monsoon,0,Unknown,7,458,53.5,2.35,4090,Low,2025,11,November,No Flood,Normal,No Rain,No Flood
2025-11-18,Kolhapur,Maharashtra,16.705,74.2433,0.0,No Rain,26.9,78.0,Post-Monsoon,0,Unknown,14,569,78.7,3.9,6293,Low,2025,11,November,No Flood,Normal,No Rain,No Flood
2025-11-19,Pune,Maharashtra,18.5204,73.8567,6.5,Light,28.4,62.0,Post-Monsoon,0,Unknown,11,560,106.9,3.49,10184,Low,2025,11,November,No Flood,Normal,Light,No Flood
2025-11-20,Raigad,Maharashtra,18.5158,73.1822,0.0,No Rain,25.5,65.4,Post-Monsoon,0,Unknown,16,45,105.9,2.08,1962,Low,2025,11,November,No Flood,Normal,No Rain,No Flood
2025-11-23,Mumbai,Maharashtra,19.076,72.8777,0.0,No Rain,23.9,47.3,Post-Monsoon,0,Unknown,20,8,72.2,1.74,22773,Low,2025,11,November,No Flood,Normal,No Rain,No Flood
2025-11-24,Sangli,Maharashtra,16.8524,74.5815,0.0,No Rain,26.0,70.9,Post-Monsoon,0,Unknown,13,549,91.9,3.37,5335,Low,2025,11,November,No Flood,Normal,No Rain,No Flood
2025-11-25,Ratnagiri,Maharashtra,16.9902,73.312,0.8,Light,27.3,66.6,Post-Monsoon,0,Unknown,15,11,98.0,1.76,1724,Low,2025,11,November,No Flood,Normal,Light,No Flood
2025-11-27,Kolhapur,Maharashtra,16.705,74.2433,0.0,No Rain,27.9,64.1,Post-Monsoon,0,Unknown,14,569,106.4,4.29,6282,Low,2025,11,November,No Flood,Normal,No Rain,No Flood
2025-11-27,Pune,Maharashtra,18.5204,73.8567,0.0,No Rain,26.4,67.6,Post-Monsoon,0,Unknown,11,560,70.8,2.92,10185,Low,2025,11,November,No Flood,Normal,No Rain,No Flood
2025-11-27,Raigad,Maharashtra,18.5158,73.1822,3.0,Light,27.4,42.6,Post-Monsoon,0,Unknown,16,45,120.8,1.92,1957,Low,2025,11,November,No Flood,Normal,Light,No Flood
2025-11-29,Mumbai,Maharashtra,19.076,72.8777,0.0,No Rain,20.8,60.4,Post-Monsoon,0,Unknown,20,8,51.6,1.1,22752,Low,2025,11,November,No Flood,Normal,No Rain,No Flood
2025-11-30,Sangli,Maharashtra,16.8524,74.5815,60.6,Heavy,24.9,63.3,Post-Monsoon,1,Very High,13,549,2027.8,17.33,5298,Very High,2025,11,November,Flood,Normal,Heavy,November
2025-11-30,Pune,Maharashtra,18.5204,73.8567,2.3,Light,27.9,57.2,Post-Monsoon,0,Unknown,11,560,107.8,3.16,10163,Low,2025,11,November,No Flood,Normal,Light,No Flood
2025-12-01,Satara,Maharashtra,17.6805,73.9997,0.0,No Rain,27.1,65.3,Winter,0,Unknown,9,742,65.8,3.69,2948,Low,2025,12,December,No Flood,Normal,No Rain,No Flood
2025-12-04,Ratnagiri,Maharashtra,16.9902,73.312,0.0,No Rain,26.3,68.1,Winter,0,Unknown,15,11,80.0,1.59,1743,Low,2025,12,December,No Flood,Normal,No Rain,No Flood
2025-12-05,Mumbai,Maharashtra,19.076,72.8777,58.4,Heavy,30.0,49.3,Winter,0,Unknown,20,8,1666.9,6.96,22745,Very High,2025,12,December,No Flood,Normal,Heavy,No Flood
2025-12-05,Sangli,Maharashtra,16.8524,74.5815,0.0,No Rain,27.6,74.4,Winter,0,Unknown,13,549,86.4,3.43,5310,Low,2025,12,December,No Flood,Normal,No Rain,No Flood
2025-12-07,Nashik,Maharashtra,19.9975,73.7898,0.0,No Rain,27.1,71.2,Winter,0,Unknown,8,600,69.4,3.2,4430,Low,2025,12,December,No Flood,Normal,No Rain,No Flood
2025-12-07,Ratnagiri,Maharashtra,16.9902,73.312,0.0,No Rain,27.8,55.6,Winter,0,Unknown,15,11,93.8,1.31,1708,Low,2025,12,December,No Flood,Normal,No Rain,No Flood
2025-12-08,Kolhapur,Maharashtra,16.705,74.2433,0.0,No Rain,20.8,65.0,Winter,0,Unknown,14,569,89.5,3.92,6265,Low,2025,12,December,No Flood,Normal,No Rain,No Flood
2025-12-09,Nashik,Maharashtra,19.9975,73.7898,4.1,Light,27.4,70.1,Winter,0,Unknown,8,600,104.0,3.38,4434,Low,2025,12,December,No Flood,Normal,Light,No Flood
2025-12-10,Raigad,Maharashtra,18.5158,73.1822,1.1,Light,22.4,68.9,Winter,0,Unknown,16,45,111.3,2.44,1971,Low,2025,12,December,No Flood,Normal,Light,No Flood
2025-12-11,Kolhapur,Maharashtra,16.705,74.2433,0.0,No Rain,26.1,61.7,Winter,0,Unknown,14,569,104.7,4.42,6279,Low,2025,12,December,No Flood,Normal,No Rain,No Flood
2025-12-11,Satara,Maharashtra,17.6805,73.9997,0.0,No Rain,25.4,60.8,Winter,0,Unknown,9,742,79.3,3.55,2896,Low,2025,12,December,No Flood,Normal,No Rain,No Flood
2025-12-12,Satara,Maharashtra,17.6805,73.9997,0.0,No Rain,22.6,70.3,Winter,0,Unknown,9,742,68.8,3.37,2909,Low,2025,12,December,No Flood,Normal,No Rain,No Flood
2025-12-15,Sangli,Maharashtra,16.8524,74.5815,0.0,No Rain,30.4,68.0,Winter,0,Unknown,13,549,107.4,3.43,5331,Low,2025,12,December,No Flood,Normal,No Rain,No Flood
2025-12-15,Sangli,Maharashtra,16.8524,74.5815,4.1,Light,30.3,51.6,Winter,0,Unknown,13,549,129.9,4.48,5308,Low,2025,12,December,No Flood,Normal,Light,No Flood
2025-12-16,Satara,Maharashtra,17.6805,73.9997,3.9,Light,23.5,62.2,Winter,0,Unknown,9,742,77.8,3.54,2898,Low,2025,12,December,No Flood,Normal,Light,No Flood
2025-12-17,Solapur,Maharashtra,17.6599,75.9064,0.0,No Rain,25.1,74.0,Winter,0,Unknown,7,458,44.6,2.6,4148,Low,2025,12,December,No Flood,Normal,No Rain,No Flood
2025-12-20,Jalgaon,Maharashtra,21.0077,75.5626,0.0,No Rain,23.6,63.1,Winter,0,Unknown,6,209,21.5,1.52,3489,Low,2025,12,December,No Flood,Normal,No Rain,No Flood
2025-12-24,Raigad,Maharashtra,18.5158,73.1822,0.0,No Rain,27.4,65.9,Winter,0,Unknown,16,45,111.6,2.07,1945,Low,2025,12,December,No Flood,Normal,No Rain,No Flood
2025-12-27,Jalgaon,Maharashtra,21.0077,75.5626,0.0,No Rain,25.1,56.7,Winter,0,Unknown,6,209,57.7,2.45,3473,Low,2025,12,December,No Flood,Normal,No Rain,No Flood
2025-12-28,Sangli,Maharashtra,16.8524,74.5815,0.0,No Rain,29.2,58.2,Winter,0,Unknown,13,549,94.6,3.5,5300,Low,2025,12,December,No Flood,Normal,No Rain,No Flood
2025-12-29,Sangli,Maharashtra,16.8524,74.5815,0.2,Light,27.9,52.7,Winter,0,Unknown,13,549,99.7,3.69,5313,Low,2025,12,December,No Flood,Normal,Light,No Flood
